url,publish_time,title_filtered,content_filtered,title_word_count,content_word_count
https://armenpress.am/hy/article/1251591,2026-05-31 11:20:00,գունեղ օր փոքրիկ համար նգ նախարարություն հրավիրել եմ միասին նշել հունիս,հունիս երեխա պաշտպանություն միջազգային օր ներքին գործ նախարարություն հրավիրել եմ մասնակցել ուրախ գունեղ և հետաքրքիր տոնական միջոցառում Արմենպրես ը փոխանցում ՀՀ ներքին գործ նախարարություն այդ մասին հաղորդագրություն եմ տարածել միջոցառում մեկնարկել ժամ ՆԳՆ փրկարար ծառայություն հրապարակ Դավթաշեն Անաստաս Միկոյան փողոց փոքրիկ սպասել եմ բազմաթիվ անակնկալ ճանաչողական և իրազեկել խաղ թեմատիկ մրցույթ հետաքրքիր առաջադրանք նվեր ու լուսանկարում անկյուն փոքրիկ ոստիկան փոքրիկ փրկարար և փոքրիկ քաղաքացի ինտերակտիվ գոտի երեխա հնարավորություն ունենալ մասնակցել տարբեր ծրագիր ինքը ուժ փորձել թեմատիկ այլ կերպ ինտելեկտուալ խաղ ծանոթանալ նոր կենսաչափական անձնագիր և առաջին անգամ անձնագրավորում գործընթաց տոնական մթնոլորտ կապահովել սիրել մուլտհերոս փորձառու խաղավար լինել նաև փրփուրե և փուչիկ շուն ավազ նկարչություն ակվագրիմ բատուտ և շրջիկ գնացք գալ միասին ստեղծել մանկություն կրքոր հիշողություն և տոնել երեխա օր ժպիտ և հետաքրքիր անակնկալ ասել եմ հաղորդագրություն մեջ,11,127
https://armenpress.am/hy/article/1251550,2026-05-29 20:29:00,Պուտին հայտարարել եմ որ Հայաստան մերձենալ որոշում պետք եմ բխել հայ ժողովուրդ շահ,Ռուսաստան նախագահ Վլադիմիր Պուտին հայտարարել եմ որ Հայաստան Եվրամիություն հետ մերձենալ կամ այլ ուղղություն շարժվել որոշում պետք եմ այանալ ելնել հայ ժողովուրդ շահ և այդ որոշում եմ կարող փչալ հայ ռուսական հարաբերություն Արմենպրես ը հաղորդում մամուլ ասուլիս ընթացքում Պուտին ընդգծել եմ որ ռուս և հայ ժողովուրդ դար շարունակ կապել եմ բարեկամություն և առանձնահատուկ հարաբերություն ամուր կապ ռուս և հայ ժողովուրդ առանց որևէ չափազանցություն դար շարունակ կապել եմ բարեկամություն և առանձնահատուկ հարաբերություն կապ Ռուսաստան ու Հայաստան հատուկ հարաբերություն ունեմ ես նա վարչապետ Նիկոլ Փաշինյան ասել եմ որ այն ամենը ինչ լավ եմ հայ համար ընդունելի և լավ եմ նաև Ռուսաստան համար ասել եմ ՌԴ նախագահ նա խոսք Հայաստան իշխանություն եմ պատասխանատու որոշում կայանալ համար անել այնպես ինչպես ճիշտ եմ համարել ելնել հայ ժողովուրդ շահ Դուք այժմ իշխանություն եմ դուք վրա եմ դնել որոշում ընդունել պատասխանատվություն ինչպես որոշել այնպես էլ լինել նշել եմ Պուտին միևնույն ժամանակ նա ընդգծել եմ որ խոսք նախևառաջ տնտեսական հարց մասին եմ ինչ որոշում էլ այանալ դա եմ փչալ մենք հումանիտար կապ եմ փչալ մենք քաղաքական հարաբերություն սակայն այս դեպք խոսք զուտ տնտեսական բաղադրիչ մասին եմ ամեն ինչ պետք եմ հաշվարկել ուշադիր դիտարկել և հետո որոշում կայանալ ասել եմ նա Պուտին հիշել եմ նաև որ ժամանակին Ուկրաինա ճգնաժամ սկսվել եմ Եվրամիություն միանալ փորձ ֆոն մենք դեմ եմ բայց ասել եմ լսեք օրինակ ֆիտոսանիտարական նորմ լիովին տարբեր եմ նշել եմ ՌԴ նախագահ նա հավելել եմ որ այդ հարց շուրջ բաց և անկեղծ քննարկել եմ ունենալ Հայաստան փոխվարչապետ Մհեր Գրիգորյան հետ ես նա ասել եմ որ այս հարց մենք խոսակցություն կարող եմ լինել միայն անկեղծ միայն ազնիվ և ամբողջովին բաց այսօր մեկը հետ մյուս գործնական համատեղել հնարավոր եմ այդ պատճառով մենք ստիպել լինել մեծ հաշիվ գրեթե ամբողջություն դադարել Հայաստան հետ տնտեսական ինտեգրացիոն գործընթաց վերաբերել աշխատանք հայտարարել եմ Պուտին ՌԴ նախագահ որպես ԵԱՏՄ անդամակցություն առավելություն մեկը նշել եմ էներգակիր գին Եվրոպա գազ գին շուրջ եվրո եմ իսկ Հայաստան համար շուրջ եվրո բայց սա միակ առավելություն եմ ասել եմ նա Պուտին խոսք պետք եմ հաշիվ առնել նաև ներդրում հարց նա նշել եմ որ եվրոպացի գործընկեր խոստանալ եմ Հայաստան ներդնել միլիարդ եվրո սակայն այդ ներդրում իրականացում ժամկետ ու մեխանիզմ դեռ հստակ եմ միլիարդ միևնույն եմ պակաս եմ միլիարդ էլ եմ խոսել ռուսական կապիտալի անուղղակի ներդրում մասին ասել եմ ՌԴ նախագահ նա նաև նշել եմ որ ԵԱՏՄ դուրս գտնվել դեպք Հայաստան քաղաքացի համար կարող եմ փոխվել Ռուսաստան աշխատել և սոցիալական ծառայություն օգտվել պայման դա նշանակել որ Ռուսաստան աշխատել համար պետք լինել արտոնագիր ձեռք բերել իսկ պարտադիր բժշկական ապահովագրություն համակարգ օգտվել համար անհրաժեշտ լինել երկիր ապրել առնվազն հինգ տարի և նման պահանջ շատ եմ սա բոլորովին այլ իրավիճակ եմ պարզապես պետք եմ այդ ամենը մասին խոսել հստակ բաց և ազնիվ եզրափակել եմ Պուտին,13,438
https://armenpress.am/hy/article/1251520,2026-05-29 16:11:00,Երևան քաղաքապետարան հերքել եմ վճարովի կայանատեղի համար գանձել գումար վերադարձնել հնարավորություն մասին հրապարակում,շրջանառել տեղեկություն թե վարորդ կարող եմ դիմել Երևան քաղաքապետարան թվական վճարովի կայանատեղի համար գանձել գումար վերադարձնել պահանջ իրավական հիմնավորել ունեմ Արմենպրես ը փոխանցմամաբ այս մասին հայտնել եմ Երևան քաղաքապետ մամուլ քարտուղար Արտյոմ Կարապետյան Ֆեյսբուք ը ինքը էջ կատարել գրառում միջոցով վարչական դատարան վարչական գործ թվական մայիս կայանալ և օրինական ուժ մեջ մտնել վճռ մայր Հայաստան խմբակցություն դիմում բավարարվել եմ մասնակի իսկ վիճարկել դրույթ ուժ մեջ մտնել պահ անվավեր ճանաչել պահանջ Երևան ավագանու մայր Հայաստան խմբակցություն դիմում մերժվել եմ սա նշանակել եմ որ հանրություն և լրագրողական համայնք հետաքրքրել փոխհատուցում հարց առհասարակ եմ կարող քննարկել քանի որ այդ մաս կրկնել դատարան մերժել եմ մայր Հայաստան խմբակցություն դիմում ավելին վարչական դատարան որոշում վերաբերել եմ բացառապես ավագանու թվական դեկտեմբեր ներքին որոշում այսինքն համար սահմանել կայանում վճար և դատական ակտ բովանդակային վերլուծություն վկայել եմ որ ավագանու թվական դեկտեմբեր Երևան համայնք տեղական վճար թվական դրույքաչափ մասին որոշում սահմանել ավտոկայանում վճար դրույքաչափ վերանայել հիմք կամ գրել եմ խոսնակ,13,151
https://armenpress.am/hy/article/1251562,2026-05-30 12:12:00,սեփական տուն ունենալ իրական հնարավորություն կառավարություն աջակցություն ավելի քան ընտանիք տուն ունենալ,միլիոն դրամ սեփական տուն համար ՀՀ կառավարություն հնարավորություն եմ տալ սահմանամերձ բնակավայր բնակիչ օգտվել բնակապահովում ծրագիր և ստանալ միլիոն դրամ աջակցություն անհատական բնակելի տուն կառուցել համար ծրագիր վերաբանալ եմ թվական մարտ Արմենպրես ը հաղորդում այս փուլ ընտանիք միանալ առաջին փուլ արդեն աջակցություն ստանալ շահառու արդյունք մինչև թվական ավարտ ընտանիք ունենալ սեփական տուն,12,52
https://armenpress.am/hy/article/1251549,2026-05-29 19:57:00,Ռոբերտ Քոչարյան Վանաձոր խոստանալ եմ վերականգնել քաղաք արդյունաբերական համբավ ու կառուցել ճոպանուղ,Հայաստան դաշինք առաջնորդ Ռոբերտ Քոչարյան Վանաձոր անցկացնել նախընտրական հանրահավաք հայտարարել եմ որ դաշինք նպատակ եմ Հայաստան դառնալ արդյունաբերական երկիր իսկ Վանաձոր վերադառնալ արդյունաբերական կենտրոն համբավ մենք մոտեցում այն եմ որ Հայաստան պետք եմ լինել արդյունաբերական երկիր Վանաձոր լինել եմ արդյունաբերական քաղաք և մենք պետք եմ այդ փառք վերադառնալ այստեղ արդյունաբերական երկիր ունենալ համար անհրաժեշտ եմ բարձր մակարդակ կրթություն եմ կարող ունենալ զարգանալ արդյունաբերություն ունենալ որակյալ կրթություն այս բոլոր հարց ստանալ եմ ինքը լուծում Արմենպրես ը հաղորդում ասել եմ Քոչարյան նա նաև անդրադառնալ եմ Վանաձոր զբոսաշրջային ենթակառուցվածք զարգացում հարց հիշեցնել որ ինքը պաշտոնավարում տարի կառուցել եմ ծաղկաձոր և Ջերմուկ ճոպանուղի ես դիմել եմ նաև տուրիստական ուղղություն զարգացում հարց առաջարկել այստեղ ճոպանուղ կառուցել ես ժամանակ կառուցել եմ ծաղկաձոր ճոպանուղի ծաղկաձոր դառնալ եմ լեռնադահուկային հանգստավայր ես ժամանակ եմ կառուցել նաև Ջերմուկ ճոպանուղի խոստանալ եմ շատ կարճ ժամանակահատված դուք ևս կունենալ ճոպանուղ նշել եմ նա մայիս Հայաստան մեկնարկել եմ հունիս կայանալ խորհրդարանական ընտրություն նախընտրական քարոզարշավ որ շարունակվել մինչև հունիս ընտրապայքար մասնակցել եմ քաղաքական ուժ կուսակցություն և դաշինք Հայաստան դաշինք ընտրություն մասնակցել եմ համար ներքո միասին կարող եմ կարգախոս դաշինք կազմ ընդգրկել եմ հայ հեղափոխական դաշնակցություն և առաջ կուսակցություն ԿԸՀ ներկայանալ ցուցակ ընդգրկել եմ թեկնածու ինչպես նաև ազգային փոքրամասնություն ներկայացուցիչ,12,195
https://armenpress.am/hy/article/1251581,2026-05-30 17:42:00,ուժեղ Հայաստան ը Շիրակ մարզ եմ,ազգային ժողով ընտրություն մասնակցել ուժեղ Հայաստան կուսակցություն դաշինք քարոզարշավ հերթական օր անցկացնել եմ Շիրակ մարզ Արմենպրես ը հաղորդում դաշինք նախընտրական ցուցակ առաջին համար Նարեկ Կարապետյան Արթիկ քաղաքացի հետ հանդիպում ինքը ելույթ նշել եմ որ Շիրակ մարզ Հայաստան կրքոր մարզ եմ քաղաք կամ աշխատատեղ եմ ստեղծվել որևէ բան որ մարդ լավ կյանք հույս տալ Արթիկ բոլոր գյուղ այսօր ապրել եմ խոպան գալ եկամուտ մենք պետք եմ փոխել մոդել այս քաղաք իդեալական եմ ինքը բոլոր հանքային պաշար ասել եմ նա Նարեկ Կարապետյան խոսել ինքը նախընտրական ծրագիր կրթական բաղադրիչ մասին ասել եմ որ պոլիտեխնիկական համալսարան մեծ համալսարան եմ լինել և բոլոր երիտասարդ սովորել եմ այնտեղ դառնալ ինժեներ նա պետք եմ գալ համայք ու գործարան կառուցել որպեսզի ամբողջ աշխարհ վաճառել բան ունենալ հավելել եմ նա մայիս մեկնարկել եմ Հայաստան հունիս կայանալ խորհրդարանական ընտրություն նախընտրական քարոզարշավ որ շարունակվել մինչև հունիս ընտրապայքար մասնակցել եմ քաղաքական ուժ դաշինք և կուսակցություն ուժեղ Հայաստան կուսակցություն խորհրդարանական ընտրություն մասնակցել եմ համար ներքո կուսակցություն կարգախոս եմ փոփոխություն կուսակցություն ԿԸՀ եմ ներկայանալ թեկնածու բաղկանալ ցուցակ ինչպես նաև ազգային փոքրամասնություն թեկնածու բաղկանալ ցուցակ դաշինք առաջնորդ Սամվել Կարապետյան սակայն ցուցակ ներառել եմ քանի որ նա բացի ՀՀ քաղաքացիություն ունեմ նաև Ռուսաստան և Կիպրոս քաղաքացիություն իսկ ՀՀ սահմանադրություն համաձայն այլ երկիր քաղաքացիություն ունենալ անձինք եմ կարող լինել ոչ վարչապետ ոչ պատգամավոր թեկնածու չնայած դա կուսակցություն ներկայացուցիչ շարունակել եմ պնդել որ ինքը վարչապետ թեկնածուն Սամվել Կարապետյան եմ Սամվել Կարապետյան այս պահ տնային կալանք տակ եմ իշխանություն զավթել հրապարակային կոչ համար հարուցել քրեական վարույթ շրջանակ,6,238
https://armenpress.am/hy/article/1251543,2026-05-29 18:30:00,ԱՊՀ գլխավոր քարտուղար համոզված եմ որ Հայաստան մոտ ապագա եմ անդամակցել և մնալ ու ԱՊՀ,ԱՊՀ գլխավոր քարտուղար Սերգեյ Լեբեդև հայտարարել եմ որ Հայաստան մոտ ապագա եմ անդամակցել Եվրամիություն և շարունակել մնալ եվրասիական տնտեսական միություն և անկախ պետություն համագործակցություն անդամ Եվրամիություն նա եմ գնալ դա մոտ ապագա եմ լինել ոչ եմ գնալ Արմենպրես ը հաղորդում հետ զրույց ասել եմ Լեբեդև նա նաև դրական պատասխան եմ տալ այն հարց թե արդյոք Հայաստան մնալ ԵԱՏՄ և ԱՊՀ անդամ և ԱՊՀ մնալ դա հաստատ եմ ընդգծել եմ ԱՊՀ գլխավոր քարտուղար ավելի վաղ ՀՀ վարչապետ Նիկոլ Փաշինյան հայտարարել եմ որ Հայաստան եմ պատրաստվել դուրս գալ ԵԱՏՄ և շարունակել եմ օգտագործել միություն ինքը ներգրավվածություն երկիր տնտեսական շահ պաշտպանել համար իսկ աստանա կայանալ ԵԱՏՄ բարձր խորհուրդ նիստ Հայաստան փոխվարչապետ Մհեր Գրիգորյան վերահաստատել եմ Հայաստան պատրաստակամություն շարունակել բարեխղճորեն մասնակցել միության աշխատանք փոխադարձ հարգանք հավասար գործընկերություն և անդամ պետություն ազգային շահ հաշվառում հիմն վրա,15,131
https://armenpress.am/hy/article/1251535,2026-05-29 17:02:00,քննարկվել եմ հանրապետություն հրապարակ և օպերային թատրոն միջոցառում առաջարկ,Հայաստան հանրապետություն կրթություն գիտություն մշակույթ և սպորտ նախարար Ժաննա Անդրեասյան ղեկավարություն հանրապետություն հրապարակ շինարարություն մեկնարկ և անհատական սպենդիարյան անուն Օպերա և բալետ ազգային ակադեմիական թատրոն հոբելյանական հանձնաժողով հերթական նիստ ամփոփվել եմ հոբելյանական միջոցառում առաջարկ քննարկում ներկա եմ լինել նաև նախարար տեղակալ Դանիել Դանիելյան առաջարկ ներկայանալ եմ համաձայն ԿԳՄՍ նախարարություն տարածել հայտարարություն ինչպես Արմենպրես ը տեղեկանալ եմ նախարարություն տարածել հաղորդագրություն քննարկել ներկայանալ միջոցառում ներկա առավելապես նպատակահարմար եմ համարել լայն լսարան ընդգրկել ծրագիր առաջարկվել եմ հանրապետություն հրապարակ գլխավոր միջոցառում անցկացում համատեղել սեպտեմբեր անկախություն տոնական միջոցառում հետ ներկա արձանագրել եմ երկու հոբելյանական առիթ նվիրվել միջոցառում մեկտեղում հնարավորություն կախվել ծրագիր բովանդակություն և հաշիվ առնել կառույց պետական և պատմամշակութային կարևոր դեր Ժաննա Անդրեասյան առանձնակ կարևորել եմ Փարիզ ՅուրԵսԿՕ կենտրոնակայան անցկացնել միջոցառում ընդգծվել եմ արխիվային նյութ լուսանկար վավերագրություն ցուցահանդես անցկացում ճարտարապետական լուծում ներկայանալ ցուցադրություն կազմակերպում կարևորություն ինչպես նորաձևություն այնպես էլ վաճառք համար նախատեսել հուշանվերային իր ստեղծում ընդգրկել նաև ինքնազբաղ արվեստագետ ըստ ներկայանալ ծրագիր քննարկել եմ մեդիարտադրանք տրամաբանություն միջոցով ֆիլմ ստեղծում դպրոցահասակ համար և նա ներգրավում հաշիվ առնել հուշարձան պատմական կարևոր իրադարձություն ներկայություն հանձնաժողով էական եմ համարել հոբելյանական ծրագիր հուշարձան և հանրություն կապ ընդգծում քննարկում հատկապես շեշտվել եմ բոլոր միջոցառում պետականություն գաղափարական հիմք պահպանել և շեշտադրել կարևորություն,9,190
https://armenpress.am/hy/article/1251545,2026-05-29 19:14:00,գործիք հասանելի դառնալ Հայաստան կրթական համայնք ԿԳՄՍՆ ը և հուշագիր ստորագրել,արհեստական բանականություն առավելություն ավելի հասանելի դառնալ ՀՀ կրթություն գիտություն մշակույթ և սպորտ նախարարություն արհեստական բանականություն ոլորտ առաջատար ը և ընկերություն ստորագրել համագործակցություն հուշագիր որ շնորհիվ գործիք հասանելի դառնալ Հայաստան կրթական ինժեներական և գիտահետազոտական համայնք համար Արմենպրես ը փոխանցում համագործակցություն մեկնարկային փուլ ը և ԿԳՄՍ նախարարություն արհեստական բանականություն ԱԲ հասանելիություն կապահովել Հայաստան հազար ուսանող ուսուցչ և հետազոտել խումբ համար հարթակ կրթական հաստատություն համար նախատեսել տարբերակ եմ որ դպրոց և բուհ հնարավորություն եմ տալ կիրառել առաջադեմ արհեստական բանականություն գործիք ներառյալ ը նման գործառույթ ապահովել տվյալ պաշտպանություն տեղեկատվական անվտանգություն և կառավարում բարձր չափանիշ բարձրագույն կրթություն համակարգ հարթակ կարողանալ օգտվել թե դասախոս թե ուսանող իսկ հանրակրթություն ոլորտ այն հասանելի լինել բոլոր ուսուցիչ և ավագ դպրոց սովորող ԿԳՄՍ նախարար Ժաննա Անդրեասյան նշել վերջին տարի Հայաստան հանրապետություն շարունակաբար ընդլայնել եմ կրթական համակարգ արհեստական բանականություն ԱԲ կիրառում և ԱԲ գրագիտություն զարգացում ուղղել նախաձեռնություն նախարար ընդգծել արդեն իսկ իրականանալ եմ մի շարք ծրագիր գործընկեր կազմակերպություն հետ մասնավորապես դպրոց ներկա իրականանալ և կրթական ծրագիր ուղղել եմ սովորող արհեստական բանականություն վերաբերյալ հիմնարար գիտելիք ստեղծարար մտածողություն և տեխնոլոգիական կարողություն զարգացում ինչպես նաև ԱԲ գործիք անվտանգ պատասխանատու և արդյունավետ կիրառում խթանում Հայաստան ինչպես աշխարհ շատ առաջադեմ երկիր ինքը ապագան տեսնել եմ տեխնոլոգիական զարգացում մեջ որ հիմք կայանալ և ժամանակակից կրթական համակարգ եմ մենք ողջունել եմ արհեստական բանականություն գործիք հասանելիություն ընդլայնում ուղղել այս նախաձեռնություն որ ստեղծել նոր հնարավորություն մենք բուհ դպրոց դասախոս ուսանող ուսուցիչ և աշակերտ համար տեխնոլոգիա վաղուց արդեն փոխակերպել եմ կրթություն և այդ իրողություն հետ հաշիվ նստել ժամանակ հրամայական եմ արհեստական բանականություն կիրառմամբ ուսուցում միջավայր ստեղծում Հայաստան կրթական համակարգ զարգացում հիմնական ուղղություն եմ վստահ եմ որ հարթակ ներդրում նպաստել նոր սերունդ մասնագետ պատրաստում որ ոչ միայն կիրառել տեխնոլոգիա այլև մասնակցություն ունենալ դա ապագա զարգացում մեջ նշել Ժաննա Անդրեասյան նախարար նշել նաև որ նախաձեռնություն մեկնարկային փուլ ուսումնական տարում հասանելիություն ապահովել ընկերություն ֆինանսավորում ծրագիր արդյունավետություն և կրթական արդյունք վրա ազդեցություն գնահատում հետո դիտարկել ծրագիր պետական ֆինանսավորում հնարավորություն համակարգ ընդգրկել ազգային կրթական համակարգ որպես կայուն և մասշտաբային բաղադրիչ ընկերություն համահիմնադիր Ալեքսանդր Եսայան էլ ընդգծել որ տեխնոլոգիա ապագան այնպիսի բան եմ որ գալ եմ ինչ որ հեռավոր ապագա այն ձևավորվել եմ հենց այսօր դպրոց համալսարան և գիտահետազոտական համայնք մենք հավատել եմ որ կրթություն մեջ կատարել ներդրում կրքոր ներդրում եմ որ կարող եմ անել երկիր հատկապես ԱԲ դարաշրջան Հայաստան բացառիկ տաղանդ ունեմ և ուսանող դասախոս ու հետազոտող աշխարհ նվիրական ԱԲ գործիք հասանելիություն ապահովել կձևավոր նորարար նոր սերունդ այս նախաձեռնություն առանձնահատուկ եմ դառնալ հենց դա հիմք ընկնել համագործակցություն սա միայն տեխնոլոգիա մասին եմ սա Հայաստան ապագա մասին եմ ասել Եսայան նախաձեռնություն ղեկավար Ջեյնա Դևան ով միանալ եմ հանդիպում տեսակապ միջոցով ողջունել ներկա նշել որ կրթություն այն կարևոր ուղղություն եմ որ միջոցով արհեստական բանականություն կարող եմ ընդլայնել հնարավորություն Հայաստան հանրապետություն կրթություն գիտություն մշակույթ և սպորտ նախարարություն և ը հետ համագործակցություն միջոցով մենք նպաստել եմ որպեսզի հասանելի դառնալ երկիր ուսանող մանկավարժ և հետազոտող ապահովել անվտանգ ստեղծարար և արդյունավետ կերպ կիրառվել առաջադեմ ԱԲ գործիք հասանելիություն Հայաստան ունեմ հզոր մարդկային ներուժ և զարգանալ թվային ենթակառուցվածք և այս նախաձեռնություն կարող եմ նպաստել ԱԲ գրագիտություն օժտվել նորարար հաջորդ սերունդ ձևավորում նշել Ջեյնա Դևան կողմ շեշտել որ ներդրում նպատակ ունեմ էապես բարձրանալ ԱԲ կրթություն որակ դասավանդող համար այն դառնալ աջակցել թվային գործիք որ հնարավորություն տալ դաս պլանավորում բովանդակություն մշակում և ուսուցում կազմակերպում իրականանալ առավել ժամանակակից հարմարել և նորարարական մեթոդ այն նաև նպաստել անհատական ուսուցում մոտեցում կիրառման հաշիվ առնել սովորող կարողություն և ուսումնական կարիք ուսանող և աշակերտ համար հարթակ բացել նոր հնարավորություն տեղեկատվություն որոնում վերլուծություն տվյալ կիրառում և հետազոտություն նպատակով նոր հարթակ օգնել ավելի արդյունավետ կողմնորոշվել մեծ ծավալ թվային տեղեկատվություն մեջ զարգանալ քննադատական մտածողություն բարելավել ինքնուրույն ուսումնառություն հմտություն ուսումնական գործընթաց արհեստական բանականություն գործիք կիրառում դառնալ համակարգել և նպատակային միաժամանակ նախաձեռնություն հաջող իրականացում համար առանցքային նշանակություն ունեմ էթիկա նորմ պահպանում և տվյալ պատասխանատու օգտագործում այս համատեքստ հատուկ ուշադրություն դառնալ թվային գրագիտություն բարձրացում ԱԲ գործիք ճիշտ կիրառում մշակույթ ձևավորում և կրթական միջավայր թվային անվտանգություն,11,617
https://armenpress.am/hy/article/1251504,2026-05-29 14:35:00,Մատենադարան բացվել արտաշատ պեղում հայտնաբերել վաղքրիստոնեական եկեղեցի մասունք ցուցադրություն,Մեսրոպ Մաշտոց անուն մատենադարան բացվել սրբացնել բեկոր հայտնություն Արտաշատ ութանիստ եկեղեցի չորրորդ դար մեծադիր շինություն բացահայտում խորագիր ժամանակավոր ցուցադրություն Արմենպրես ը հաղորդում ցուցադրություն ներկայանալ եմ վերջին տարի հայաստանյան հնագիտություն նվիրական բացահայտում մեկը արտաշատ հայտնաբերել վաղքրիստոնեական ութանիստ եկեղեցի մասունք որ համարել եմ հայ քրիստոնեական ճարտարապետություն կրքոր թվագրել օրինակ ՀՀ կրթություն գիտություն մշակույթ և սպորտ նախարար Ժաննա Անդրեասյան ինքը խոսք կարևորել ցուցադրություն արտաշատ իրականանալ լայնածավալ աշխատանք համատեքստ մասնագիտական քննարկում թույլ տալ շարունակել աշխատանք և արտաշատ պատմական մայրաքաղաք հարուստ ժառանգություն մեջ նոր շերտ բացահայտել պատմական շերտ և բովանդակություն առում արտաշատ պատմական մայրաքաղաք բացառիկ մշակութային ժառանգություն եմ ոչ միայն Հայաստան այլև արտերկրի հետազոտող համար ասել Անդրեասյան համոզմունք հայտնել որ ցուցադրություն ամփոփել եմ արդեն կատարել աշխատանք ստեղծել նոր մասնագիտական քննարկում հնարավորություն նախարար հավաստիանալ որ պետություն հանձնառու եմ ապահովել հնագիտական պեղում բացահայտել շերտ պահպանում վերականգում և ամրակայման շարունակականություն ինչպես նաև տարածք հանրային հասանելիություն ու ենթակառուցվածքային զարգացում նախարար առանձնահատուկ կարևորել եմ մայրաքաղաք արտաշատ հանրայնացում նշանակություն շեշտել որ այն ունեմ զբոսաշրջային մեծ ներուժ ինչպես նաև ռազմավարական նշանակություն հայ հանրություն համար սեփական պատմություն հաղորդակ լինել տեսանկյուն մատենադարան տնօրեն Արա Խզմալյան բացառիկ համարել ցուցադրություն կազմակերպում Մատենադարան գիտացուցադրական գործունեություն մեջ այս հայտնագործություն բացառիկ նշանակություն ունեմ ոչ միայն հայկական պատմություն եկեղեցի և կրոն պատմություն այլև ընդհանրապես վաղ քրիստոնեական շրջան ուսումնասիրություն տեսանկյուն մինչ այս հնագիտական արդյունք մենք այս եկեղեցի գոյություն մասին գիտել մատյան պահպանել տեղեկություն ձեռագրական վկայություն և այսօր կարելի եմ ասել տեղ եմ ունենալ այդ վկայություն յուրօրինակ նյութական հաստատում ձեռագիր մատյան փոխանցել տեղեկություն փաստացի վավերացնել եմ հնագիտական հայտնագործություն սա ևս մեկ կարևոր ապացույց եմ որ մենք ձեռագիր պահպանել տեղեկություն ունեմ պատմական ամուր և հավաստի հիմք ասել Խզմալյան նորագյուտ կառույց հայտնաբերել եմ հայ գերմանական Արտաքսատա համատեղ ծրագիր շրջանակ իրականանալ հետազոտություն արդյունք ծրագիր իրականանալ եմ ՀՀ գաա հնագիտություն և ազգագրություն ինստիտուտ և Մյունստեր համալսարան անտիկ և քրիստոնեական շրջան հնագիտություն ինստիտուտ համագործակցություն Հայաստան Գերմանիա արտակարգ և լիազոր դեսպան Կլաուդիա Բուշը ընդգծել միջոցառում պատմական նշանակություն ու բացառիկություն առաջին իսկ փաստ ապացուցել որ գտածոն կարևոր եմ ոչ միայն Հայաստան և Գերմանիա այլ առհասարակ ամբողջ քրիստոնեական աշխարհ համար բարձր հնագիտական ստանդարտ համապատասխան վերջին գեոֆիզիկական մեթոդ կատարել ուսումնասիրություն բացահայտել եմ շատ կարևոր գտածո արտաշատ նշել դեսպան ինքը հպարտություն հայտնել Հայաստան հետ երկկողմ մշակութային հարաբերություն զարգացում համար ցուցադրություն շրջանակ ներկայանալ եմ արտաշատ պեղում ընթացքում հայտնաբերել բացառիկ նյութ կառույց ճարտարապետական առանձնահատկություն գիտական վերականգում ընթացք ինչպես նաև նոր հետազոտական մեթոդ կիրառում արդյունք երկրամագնիսական հետազոտություն շնորհիվ թվական արձանագրել եմ ութանկյուն հատակագծ կառույց առկայություն իսկ արդեն թվական պեղում հաստատել եմ որ այն եկեղեցի եմ մասնագետ գնահատում եկեղեցի առանձնանալ եմ ինքը ութանիստ կառուցվածք ներքին ծիսական տարածք կազմակերպում սյունաշարային համակարգ ինչպես նաև պատ ծեփ վրա պահպանել փորագրություն եկեղեցի թվագրել եմ դար առաջին քառորդ հետազոտող ենթադրել եմ որ այն կարող եմ կապվել լինել Տրդատ Մեծի և Գրիգոր Լուսավորչ ժամանակաշրջան եկեղեցաշինություն հետ ցուցադրություն բացում ներկա եմ նաև ՀՀ եմ պատվիրակություն ղեկավար Վասիլիս Մարագոս ՀՀ հավատարմագրել դիվանագիտական կորպուս ներկայացուցիչ այնուհետև ոլորտ հայ և արտասահմանցի մասնագետ հնագետ մասնակցություն տեղ ունենալ աշխատարան քննարկել,9,462
https://armenpress.am/hy/article/1251555,2026-05-30 10:45:00,Հայաստան ՌԴ դեսպան կանչել եմ Մոսկվա խորհրդակցություն,Հայաստան Ռուսաստան դեսպան Սերգեյ Կոպիրկին կանչել եմ Մոսկվա խորհրդակցություն համար ինչպես հաղորդել եմ Արմենպրես ը վկայակոչել Ռուսաստան արտգործնախարություն կայք ռուսական կողմ հայտարարություն համաձայն որոշում պայմանավորվել եմ Հայաստան ղեկավարություն Եվրամիություն հետ մերձեցում ուղղություն քայլ որ ըստ Մոսկվա վնասել եմ Եվրասիական տնտեսական միություն շրջանակ համագործակցություն մայիս Ռուսաստան Բելառուս Ղազախստան և Ղրղզստան նախագահ համատեղ հայտարարություն եմ ընդունել որ անհրաժեշտ եմ համարել հնարավորինս սեղմ ժամկետ Հայաստան համազգային հանրաք անցկացնել Եվրամիություն միանալ կամ Եվրասիական տնտեսական միություն կազմ մնալ հարց,7,74
https://armenpress.am/hy/article/1251593,2026-05-31 13:14:26,նոր ուժ կուսակցություն քարոզարշավ եմ անցկացնել Հրազդան և Չարենցավանում,նոր ուժ կուսակցություն ներկայացուցիչ հունիս Հայաստան կայանալ խորհրդարանական ընտրություն նախընտրական քարոզարշավ շրջանակ լինել եմ Կոտայք մարզ Հրազդան և չարենցավան քաղաք Արմենպրես ը փոխանցում նոր ուժ ը ներկայացուցիչ կուսակցություն նախընտրական ցուցակ առաջին համար Երևան նախկին քաղաքապետ Հայկ Մարության գլխավորություն շրջել եմ Հրազդան և Չարենցավան փողոց շփվել քաղաքացի հետ նա ներկայանալ ինքը կուսակցություն նախընտրական ծրագիր Հայկ Մարության քաղաքացի հիշել եմ որ ինքը ուժ քվեաթերթիկ եմ կոչ անել քվեարկել ինքը օգտին Հայաստան հունիս տեղ ունենալ խորհրդարանական հերթական ընտրություն նախընտրական քարոզարշավ մեկնարկել եմ մայիս և շարունակվել մինչև հունիս նոր ուժ կուսակցություն վարչապետ թեկնածուն Երևան նախկին քաղաքապետ Հայկ Մարության եմ կուսակցություն հայտարարել եմ որ ինքը նախընտրական ծրագիր հիմք յոթ հիմնական ուղղություն եմ դա թիվ եմ եվրոպական ինտեգրացիա որպես արտաքին քաղաքականություն և զարգացում առաջնահերթություն օնլայն խաղատ և շահում խաղ արգելում բազմազավակ ընտանիք համար արտոնություն տրամադրում անվճար բարձր կրթություն ապահովում հարկային բեռ թեթևացում կոռուպցիոն հանցանք համար վաղեմություն ժամկետ վերացում և ազգային արժեք վերադարձ,9,146
https://armenpress.am/hy/article/1251541,2026-05-29 18:11:00,ԵԱՏՄ չորս երկիր ղեկավար առաջարկել եմ Հայաստան հանրաք անցկացնել և ԵԱՏՄ միջև ընտրություն հարց,Ռուսաստան Բելառուս Ղազախստան և Ղրղզստան նախագահ համատեղ հայտարարություն եմ ընդունել որ անհրաժեշտ եմ համարել հնարավորինս սեղմ ժամկետ Հայաստան համազգային հանրաք անցկացնել Եվրամիություն միանալ կամ Եվրասիական տնտեսական միություն կազմ մնալ հարց Արմենպրես ը հաղորդում համատեղ հայտարարություն հրապարակել եմ Կրեմլ պաշտոնական կայքէջ աստանա մայիս ընդունվել հայտարարություն նշել եմ որ այդ դիրքորոշում ձևավորվել եմ հաշիվ առնել Հայաստան կողմից եվրամիություն անդամակցել ուղղել քայլ այդ թիվ թվական ՀՀ ազգային ժողով կողմից ընդունվել և հանրապետություն նախագահ կողմից ստորագրել Հայաստան հանրապետություն եվրոպական միություն անդամակցել գործընթաց մեկնարկ մասին օրենք ինչպես նաև թվական մայիս կայանալ Հայաստան Եվրամիություն առաջին գագաթնաժողով արդյունք ընդունվել համատեղ հռչակագիր կողմից Հայաստան եվրոպական ձգտում վերահաստատում կիսել եմ այն դիրքորոշում որ անհրաժեշտ եմ Հայաստան հանրապետություն հնարավորինս կարճ ժամկետ անցկացնել համազգային հանրաք եվրամիություն անդամակցել կամ Եվրասիական տնտեսական միություն կազմ հետագա մնալ հարց ասել եմ հայտարարություն մեջ փաստաթղում նաև նշել եմ որ ԵԱՏՄ անդամ երկիր ղեկավար Հայաստան եվրամիություն անդամակցել նախապատրաստում գործընթաց հետ կապվել տնտեսական անվտանգություն էական ռիսկ եմ տեսնել միության անդամ պետություն համար այդ կապակցությամբ որոշել եմ որ Բելառուս հանրապետություն Ղազախստան հանրապետություն Ղրղզստան հանրապետություն և Ռուսաստան դաշնություն ներկայացուցիչ եվրասիական միջկառավարական խորհուրդ թվական դեկտեմբեր կայանալ եվրասիական տնտեսական բարձր խորհուրդ հերթական նիստ կզեկուցել Հայաստան հանրապետություն նկատմամբ եվրասիական տնտեսական միություն մասին պայմանագիր գործողություն կասեցում հնարավոր հետևանք մասին,14,195
https://armenpress.am/hy/article/1251588,2026-05-30 23:33:00,քաղաքացիական պայմանագիր ը Երևան հանրապետություն հրապարակ ամփոփիչ հանրահավաք անցկացնել,Երևան հանրապետություն հրապարակ հունիս ժամ քաղաքացիական պայմանագիր ը անցկացնել ինքը քարոզարշավային ամփոփիչ հանրահավաք հունիս հանրապետություն հրապարակ սպասել եմ մեկ մարդ և այդ մեկ մարդ դու եմ Արմենպրես ը հաղորդում Ֆեյսբուք ինքը պաշտոնական էջ գրել եմ ՔՊ առաջնորդ արձակուրդում գտնվել վարչապետ Նիկոլ Փաշինյան մայիս մեկնարկել եմ Հայաստան հունիս կայանալ խորհրդարանական ընտրություն նախընտրական քարոզարշավ որ շարունակվել մինչև հունիս ընտրություն մասնակցել համար գրանցել եմ քաղաքական ուժ դաշինք և կուսակցություն քաղաքացիական պայմանագիր կուսակցություն ընտրություն մասնակցել եմ համար ներքո տեր կանգնիր խաղաղություն կարգախոս ԿԸՀ եմ ներկայանալ թեկնածու կազմվել ընտրական ցուցակ ինչպես նաև ազգային փոքրամասնություն թեկնածու բաղկանալ ցուցակ կուսակցություն վարչապետ թեկնածուն Նիկոլ Փաշինյան եմ,9,98
https://armenpress.am/hy/article/1251586,2026-05-30 21:55:57,Տավուշ մարզ քաղաքացիական պայմանագիր կուսակցություն քարոզարշավ ավարտվել մեծ հանրահավաք,Տավուշ մարզ քաղաքացիական պայմանագիր կուսակցություն քարոզարշավ մայիս ամփոփվել Իջևան ազատամարտիկ հրապարակ հրավիրել մեծ հանրահավաք Արմենպրես ը հաղորդում արձակուրդում գտնվել ՀՀ վարչապետ ՔՊ վարչություն նախագահ Նիկոլ Փաշինյան ինքը ելույթ ասել որ Իջևան զբոսայգ որ բաժանվել եմ կտոր վերադառնալ եմ հանրություն շատ ավելի լավ վիճակ քան երբևէ լինել եմ իջևան քաղաք զբոսայգ ըստ էություն ամբողջություն նորոգել եմ Իջևան լեգենդար շատրվան վերստին աշխատել եմ Իջևան զբոսայգ կառուցել եմ ամֆիթատուր և Իջևան զբոսայգ լիճ որ տասնյակ տարի եմ գործել հիմա դառնալ եմ ժամանակակից լողավազան երեխա համար ասել նա հավելել որ Հայաստան հանրապետություն էլ եմ այդ նույն ձև վերադառնալ ՀՀ քաղաքացի որովհետև Հայաստան քաղաքացի այսօր տեր եմ քան երբևէ որոշող եմ ավելի քան երբևէ Հայաստան կամ որևէ կազմակերպություն որևէ այլ ֆորմալ ուժ որ կարող եմ ավելի ուժեղ լինել քան Հայաստան հանրապետություն ժողովուրդ Իջևան զբոսայգ որ այլևս եմ պատկանել քաղաքացի հեղափոխություն հետո վերադառնալ ժողովուրդ այսօր որևէ մեկը եմ կարող պարծենալ ժողովուրդ ավելի ուժեղ լինել մեջ ասել նա Փաշինյան խոսք Տավուշ մարզ մանկապարտեզ որ ապօրի օտարվել եմ լինել վերադառնալ եմ ժողովուրդ Վարչաբենդ քարոզարշավ վերջ կատարել իրական Հայաստան երգ Իջևան երկինք զարդարել դրոն շոուն մայիս մեկնարկել եմ Հայաստան հունիս կայանալ խորհրդարանական ընտրություն նախընտրական քարոզարշավ որ շարունակվել մինչև հունիս ընտրություն մասնակցել համար գրանցել եմ քաղաքական ուժ դաշինք և կուսակցություն քաղաքացիական պայմանագիր կուսակցություն ընտրություն մասնակցել եմ համար ներքո տեր կանգնիր խաղաղություն կարգախոս քաղաքացիական պայմանագիր կուսակցություն ԿԸՀ եմ ներկայանալ թեկնածու կազմվել ընտրական ցուցակ ինչպես նաև ազգային փոքրամասնություն թեկնածու բաղկանալ ցուցակ կուսակցություն վարչապետ թեկնածուն Նիկոլ Փաշինյան եմ,9,235
https://armenpress.am/hy/article/1251579,2026-05-30 15:59:00,Նիկոլ Փաշինյան Բերդավան խոսել եմ սահմանազատում մասին,արձակուրդում գտնվել ՀՀ վարչապետ քաղաքացիական պայմանագիր կուսակցություն վարչություն նախագահ Նիկոլ Փաշինյան Տավուշ Բերդավան համայնք նախընտրական քարոզարշավ ժամանակ հայտարարել եմ որ առաջիկա սպասել եմ մեծ իրադարձություն սահմանազատել եմ տեղ ունենալ Արմենպրես ը հաղորդում նա նշել եմ որ սահմանազատում արդյունք խորհրդային միության ժամանակ լինել գիծ վերականգնել եմ խաղաղություն հաստատել եմ այն հիմք վրա որ Հայաստան ու Ադրբեջան ճանաչել եմ միմյանց տարածքային ամբողջականություն և ինքնիշխանություն ու սահման սա նշանակել եմ որ սահման լինել եմ այն ինչ խորհրդային Հայաստան լինել եմ սահմանազատում սկսել եմ հյուսիս և ավարտել եմ մինչև Իրան սահման այն հատված որտեղ ԹՐԻՓՓ նախագիծ պրոյեկտ սկկսել իրագործել այդտեղ կարճ կտոր սահմանազատել մնալ հատված պիտի նստել աշխատել նշել եմ նա հավելել որ Բերդավան նման խնդիր կամ փոխարեն նման խնդիր կամ Արծվաշեն Փաշինյան խոսք ինքը ունեմ ինքը ընկալում սահմանազատում հարց շուրջ և կարծել եմ որ Ադրբեջան ընկալում էլ եմ նույնը ես ընկալում եմ որ պետք եմ հիմա այնպես հարց լուծել որ տարի հետո տարի հետո տարի հետո տարի հետո տարի հետո մի հատ ծառ մի հատ թփ համար կոնֆլիկտ վերաբորբոքվել հավելել եմ Նիկոլ Փաշինյան մայիս մեկնարկել եմ Հայաստան հունիս կայանալ խորհրդարանական ընտրություն նախընտրական քարոզարշավ որ շարունակվել մինչև հունիս ընտրություն մասնակցել համար գրանցել եմ քաղաքական ուժ դաշինք և կուսակցություն քաղաքացիական պայմանագիր կուսակցություն ընտրություն մասնակցել եմ համար ներքո տեր կանգնիր խաղաղություն կարգախոս քաղաքացիական պայմանագիր կուսակցություն ԿԸՀ եմ ներկայանալ թեկնածու կազմվել ընտրական ցուցակ ինչպես նաև ազգային փոքրամասնություն թեկնածու բաղկանալ ցուցակ կուսակցություն վարչապետ թեկնածուն Նիկոլ Փաշինյան եմ,7,229
https://armenpress.am/hy/article/1251556,2026-05-30 11:02:00,ԿԳՄՍ հերքել եմ Նարեկ Կարապետյան հայտարարություն Մեծավան դպրոց մասին,Հայաստան հանրապետություն կրթություն և գիտություն նախարարություն հերքել եմ ուժեղ Հայաստան կուսակցություն անդամ Նարեկ Կարապետյան քարոզարշավ ընթացքում հնչել հայտարարություն ըստ որ Լոռու մարզ Մեծավան գյուղ գործել եմ դպրոց իսկ այսօր գործել եմ միայն մեկը և համայնք բնակիչ լքել եմ համայնք Արմենպրես ը ԿԳՄՍ տեղեկանալ որ Մեծավան համայնք երբևէ միաժամանակ երեք դպրոց եմ գործել գյուղ հին դպրոց մեկը բացվել եմ թվական և գործել եմ մինչև թվական դա փակվել հետո բացվել եմ Մեծավան թիվ միջնակարգ դպրոց իսկ ավելի ուշ Մեծավան թիվ միջնակարգ դպրոց այս երկու դպրոց էլ այժմ գործել եմ մեծավան թիվ միջնակարգ դպրոց այժմ սովորել եմ աշակերտ թիվ աշակերտ տեղեկանալ նախարարություն գերատեսչություն հայտնել եմ նաև որ ՀՀ կառավարություն դպրոց նորոգում կառուցում և վերակառուցում ծրագիր շրջանակ այժմ Մեծավան թիվ միջնակարգ դպրոց տեղակայում վայր կառուցել եմ մոտ աշակերտ համար նախատեսել ժամանակակից տիպային նոր դպրոց ԿԳՄՍ կոչ եմ անել քաղաքական գործիչ զերծ մնալ ակնհայտ սուտ և ճշտել տեղեկություն տարածել ու հանրություն մոլորել,9,147
https://armenpress.am/hy/article/1251506,2026-05-29 14:36:00,երեխա պաշտպանություն միջազգային օր ը հանդիպել հունիս հաղթանակ զբոսայգ,ամառ առաջին օր Հայաստան վաղուց արդեն դառնալ եմ առանձնահատուկ օր լի ուրախություն և հետաքրքիր իրադարձություն երեխա պաշտպանություն միջազգային օր ամեն տարի վերածվել եմ երկիր ամենազգացմունքային մասշտաբային և իսկապես ընտանեկան տոն մեկը ընտանեկան ժամանց և մանկական տոնակատարություն նկատմամբ աճել հետաքրքրություն ֆոն հենց հունիս եմ դառնալ սպառողական ակտիվություն կարևոր շարժիչ ուժ ազդել նաև էլեկտրոնային առևտուր շուկա վրա այս շրջան հատկապես նկատելի եմ թե որքան արագ եմ փոխվել ծնող պահանջ ու նախասիրություն ուշադրություն կենտրոն եմ ոչ միայն նվեր այլև անվտանգություն որակ զարգանալ ձևաչափ ունենալ ապրանք ու այն տպավորություն որ երեխա երկար հիշել Հայաստան ԱՊՀ երկիր շարք երեխա պաշտպանություն օր տոնակատարություն ներգրավվածություն առաջատար հետազոտական կենտրոն տվյալ Հայաստան բնակիչ ցուցաբերել եմ կրքոր ներգրավվածություն երեխա պաշտպանություն միջազգային օր տոնակատարություն նկատմամբ ԱՊՀ երկիր շարք տոն վերաբերյալ իրազեկվածություն երկիր հասնել եմ իսկ հարցված ը հունիս ընկալել եմ որպես կարևոր և լիարժեք ընտանեկան օր բնակիչ համար այս օր նախևառաջ ասոցանալ եմ երեխա համար նվեր և հաճելի անակնկալ հետ ևս ը տոն կապել եմ ընտանեկան ակտիվ ժամանց և քաղաքային միջոցառում հետ միաժամանակ հարցված մեկ երրորդ կարևորել եմ նաև օր սոցիալական նշանակություն կապվել երեխա իրավունք պաշտպանություն հետ հայկական ընտանիք տոնական ծրագիր ևս արտացոլել եմ ներգրավվածություն բարձր մակարդակ բնակիչ շուրջ ը պատրաստվել եմ նշել այս օր իսկ ընտանիք գրեթե կես ծրագիր եմ մասնակցել քաղաքային տոնական միջոցառում հետազոտություն ցույց եմ տալ նաև որ Հայաստան նվեր մշակույթ վաղուց արդեն դուրս եմ գալ միայն կրքոր ընտանիք շրջանակ բացի սեփական երեխա բնակիչ ակտիվորեն նվեր եմ պատրաստել նաև զարմիկ ընկեր և հարազատ երեխա համար նու միջին բյուջեն կազմ եմ մոտ դրամ ապրանք ընտրություն հիմնական չափանիշ եմ մնալ անվտանգություն ու սերտիֆիկացում որ ուշադրություն եմ դառնալ գնորդ եվս կարևորել եմ նուր զարգանալ արժեք իսկ ը տեսողական գրավչություն ու էմոցիոնալ ազդեցություն մենք համար հատկապես արժեքավոր եմ տեսնել որ Հայաստան երեխա պաշտպանություն միջազգային օր ընկալել եմ ոչ թե որպես պարզապես օրացուցային ամսաթիվ այլ որպես իսկապես կարևոր ընտանեկան տոն հետազոտություն ցույց եմ տալ ընտանիք ներգրավվածություն շատ բարձր մակարդակ իսկ հարթակ անալիտիկան հաստատել եմ որակյալ անվտանգ և զարգանալ մանկական ապրանք նկատմամբ աճել պահանջարկ նշել եմ Հայաստան ը տարածաշրջանային տնօրեն Դավիթ Միրզոյան պահանջարկ դինամիկա և միտում հունիս նախաշեմ ը անալիտիկան արձանագրել եմ Հայաստան սպառողական ակտիվություն նկատելի աճ երեխա պաշտպանություն միջազգային օր նախաշեմ նախորդ տարի նույն ժամանակահատված համեմատ սեզոնային պահանջարկ կենտրոնանալ եմ մի քանի հիմնական ուղղություն շուրջ մանկական աքսեսուար տոնական ապրանք խաղալիք գիրք հագուստ ձեռագործություն և սպորտային կատեգորիա դա միասին ձևավորել եմ նախատոնական շրջան կայուն հիմք և արտացոլել ընտանիք տրամադրվածություն հունիս նշել որպես կարևոր ընտանեկան իրադարձություն առանձին կատեգորիա հատկապես նկատվել եմ աճ բարձր տեմպ մանկական օծանելիք պահանջարկ ցուցաբերել եմ կայուն աճ բերմուդա պահանջարկ աճել եմ ը ստեղծագործական դեկորատիվ նյութերի ը էական աճ եմ գրանցել նաև խաղային կահույք և ճոճվել խաղալիք զարգացում և ուսուցում ապրանք սեգմենտ աճել եմ հետաքրքրություն բառարան նկատմամբ և բուկինիստական գիրք նկատմամբ խաղալիք շարք աճել եմ նաև խաղային հավաքածու և տեխնիկա պահանջարկ իսկ տիկնիկ սայլակ այս դինամիկա արտացոլել եմ ավելի լայն միտի տոն ավելի ու ավելի քիչ եմ ընկալել բացառապես որպես նվեր գնել առիթ և ավելի շատ որպես երեխա համար էմոցիա փորձառություն և ներգրավվածություն ստեղծել հնարավորություն առաջին պլան եմ դուրս գալ այն ապրանք որ միավորել եմ խաղ զարգացում ու ստեղծագործություն ձևավորել մանկական գնում նկատմամբ ավելի խորքային և բովանդակային մոտեցում նախատոնական շրջան ը ընտանեկան միջոցառ կազմակերպել հաղթանակ զբոսայգ այս տարի ը որոշել եմ տոնական տրամադրություն պահպանել ոչ միայն օնլայն այլև օֆլայն ձևաչափ հունիս ընկերություն հաղթանակ զբոսայգ կազմակերպել մանկական ինտերակտիվ միջոցառ միջոցառում շրջանակ այգի տեղադրել ը ինտերակտիվ տաղավար երեխա համար նախատեսել թեմատիկ գոտի հյուր համար նախատեսել եմ հագենալ ժամանցային ծրագիր որ ներառել եմ մանկական բոուլինգ վարպետաց դաս և ստեղծագործական ակտիվություն կոլեկտիվ գունազարդում պրոֆեսիոնալ ակվագրիմ ինչպես նաև մրցույթ խաղ և նվեր խաղարկություն մենք ցանկանալ եմ որ Հայաստան ը ասոցանալ ոչ միայն օնլայն գնում այլև ընտանիք և երեխա համար իրական դրական էմոցիա հետ հենց այդ պատճառով այս տարի որոշել դուրս գալ օֆլայն հարթակ և միանալ քաղաք տոնական ավանդույթ մենք համար կարևոր եմ դառնալ այն պահ մի մաս որ երեխա տարի անց հիշել ժպիտ ընդգծել եմ Դավիթ Միրզոյան կազմակերպիչ նշել եմ որ միջոցառում գլխավոր նպատակ երեխա և նա ծնող համար իսկական ընտանեկան տոն մթնոլորտ ստեղծել ու ամառ առաջին օր վառ էմոցիա պարգևել եմ,9,655
https://armenpress.am/hy/article/1251574,2026-05-30 16:39:00,Հայաստան քամ թիթեղ եմ պոկել ծառ տապալել,Հայաստան հանրապետություն ներքին գործ նախարարություն և մարզային օպերատիվ կառավարում կենտրոն մայիս մի շարք ահազանգ եմ ստանալ քամի հետևանքով առաջանալ վնաս վերաբերյալ Արմենպրես ը նախարարություն տեղեկանալ որ Երևան քաղաք վարչական շրջան Վայոց ձոր Սյունիք Շիրակ Արմավիր Արարատ Արագածոտին մարզ ահազանգ եմ ստանալ տապալել ծառ էլեկտրական սյուն ինչպես նաև պոկվել կառուցատարր և թիթեղ վերաբերյալ փրկարար ծառայություն համապատասխան ստորաբաժանում օպերատիվորեն արձագանքել եմ բոլոր դեպք տեղ իրականանալ եմ տապալել ծառ մասնատման հեռացում պոկվել թիթեղ ապամոնտաժում տարածք սահմանազատում և այլ համապատասխան աշխատանք բոլոր ահազանգ սահմանել կարգ սպասարկվել եմ,7,83
https://armenpress.am/hy/article/1251575,2026-05-30 15:21:00,օդի ջերմաստիճան նվազել աստիճան,Երևան մայիս ցերեկ մայիս գիշեր հունիս առավելապես երեկոյան ժամ սպասել եմ կարճատև անձրև և ամպրոպ ամպրոպ ժամանակ սպասել եմ նաև քամի ուժգնացում արագություն ինչպես Արմենպրես ը տեղեկանալ հիդրոօդերևություն և մոնիթորինգ կենտրոն ՊՈԱԿ հանրապետություն տարածք մայիս ցերեկ շրջան մեծ մաս մայիս հունիս առավելապես ցերեկային ժամ առանձին շրջան սպասել եմ կարճատև անձրև և ամպրոպ տեղ հնարավոր եմ նաև կարկուտ մայիս ցերեկ տեղում առանձին վայր լինել առատ հունիս գիշերային ժամ սպասել եմ առանց տեղում եղանակ քամի հյուսիսարևմտյան ամպրոպ ժամանակ սպասել եմ նաև քամի ուժգնացում արագություն օդի ջերմաստիճան մայիս ցերեկ նվազել աստիճան մայիս ցերեկ հունիս աստիճանաբար բարձրանալ աստիճան,4,94
https://armenpress.am/hy/article/1251567,2026-05-30 12:53:00,միասնություն թև ը ներկայացուցիչ քարոզարշավ շրջանակ Սյունիք մարզ եմ,միասնություն թև կուսակցություն նախընտրական քարոզարշավ օր ընթանալ եմ Սյունիք մարզ Արմենպրես ը հաղորդում պատգամավոր թեկնածու Դավիթ Անանյան Շահեն Հարությունյան Աստղիկ Մատինյան Գոռ Թադևոսյան և քաղաքական թիմ մյուս անդամ լինել եմ Գորիս և Սիսիա քաղաք քաղաքացի ներկայանալ կուսակցություն ծրագիր և պատասխանել ընտրող հարց երբ խոսել եմ մարդ հետ կիսել եմ դու գաղափար ու միտք տեսնել եմ որ մարդ մոտ հույս եմ արթնանալ մենք գիտել որ ամեն ինչ հիմք դնել եմ մենք յուրաքանչյուր քաղաքացի քվե մենք տեսնել եմ որ նա պատրաստ եմ գնալ ընտրություն և պատրաստ եմ փոփոխություն ասել եմ պատգամավոր թեկնածու Դավիթ Անանյան վերջին տարի մենք երկիր համար լինել եմ ցավալի կորուստ և ծանր փորձություն շրջան սյունիք ձեռք եմ բերել հարյուրավոր կիլոմետրեր ձգվել նոր սահման Ադրբեջան հետ սա նոր սպառնալիք եմ մենք անվտանգություն համար առաջարկել եմ քվեարկել միասնություն թև կուսակցություն օգտին խնդիր միասին լուծել համար նշել եմ պատգամավոր թեկնածու Գոռ Թադևոսյան կուսակցություն քարոզարշավ Սյունիք մարզ շարունակվել նաև մայիս և մայիս մայիս հայաստանումկայանալի քխորհրդարանականտություն նախընտրականքարոզարշավը որըկշարունակվումիչև ընտրություն նմասնակցելուհամարգրանցվելէ արմանթաթոյանիգլխավորած միասնությանթևեր կուսակցություն քվեաթերթիկիհամարը ցուցակումընդգրկվածեն կուսակցություն նմասնակցում արդարություն գալիսէ կարգախոս,9,166
https://armenpress.am/hy/article/1251569,2026-05-30 13:13:00,քաղաքացիական պայմանագիր կուսակցություն նախընտրական քարոզարշավ շարունակել եմ Տավուշ մարզ,քաղաքացիական պայմանագիր կուսակցություն նախընտրական քարոզարշավ շարունակել եմ Տավուշ մարզ Արմենպրես ը հաղորդում արձակուրդում գտնվել ՀՀ վարչապետ քաղաքացիական պայմանագիր կուսակցություն վարչություն նախագահ Նիկոլ Փաշինյան մայիս Նոյեմբերյան հաղթանակ գյուղ քաղաքացի հետ հանդիպում նշել եմ որ առաջիկա հինգ տարի ընթացքում նախատեսել եմ Հայաստան հանրապետություն համայնք առնվազն կոմբինանալ խաղահրապարակ կառուցել որ հարմարել լինել բասկետբոլ և ֆուտբոլ համար մենք պլանավորել եմ նաև համայնք երաժշտական դպրոց սպորտ դպրոց և արվեստ դպրոց կառուցել որովհետև նոր հանրապետություն համար նոր որակ կրթություն շատ կարևոր եմ ասել եմ նա Նիկոլ Փաշինյան խոսք նոր որակ տնտեսություն կարևոր բաղադրիչ բաց ճանապարհ եմ հինգ տարի մենք մեղադրել եմ որ մենք միջանցք եմ տալ իսկ ես դեռ թվական եմ ասել որ նման բան եմ կարող լինել դեռ թվական մենք սեղան վրա դնել եմ լինել այն փաստաթուղթ որ նախաստորագրել եմ միացյալ նահանգ հետ մայիս ԱՄՆ նախագահ Թրամփ ինքը գրառում մեջ լավ խոսք եմ ասել ես մասին ինչ համար շնորհակալ եմ բայց շատ կարևոր եմ նա ստրատեգիական տեսլական թե նախագիծ ինչ եմ ինքը ներկայանալ նշել եմ ՔՊ վարչություն նախագահ հավելել որ այն ահռելի մասշտաբի ծրագիր եմ որ ահռելի եկամուտ եմ բերել Հայաստան այդ թիվ էներգակիր մաս Նիկոլ Փաշինյան ասել եմ որ այսօր Հայաստան ինքը տնտեսություն զարգացում մեծ փուլ եմ մտնել և թվական օգոստոս հետո Սյունիք մարզ անշարժ գույք գին տոկոս աճել եմ այսօր մեղրի կառուցել եմ Հայաստան պատմություն մեջ երկար կամուրջ մետր կառուցել եմ ագարակ քաջարան հատված կառուցել Իրան Հայաստան սահմանային անցում նոր կետ ասել եմ նա Նիկոլ Փաշինյան խոսք արևելք ու արևմուտք կապել կարճ ճանապարհ անցնել եմ Հայաստան տարածք ավելի կոնկրետ Տավուշ մարզ Լոռու մարզ և Շիրակ մարզ հիմա մենք աշխատել եմ որպեսզի ոնկրետանալ թե որ գիծ եմ ավելի կարճ հյուսիս կառուցել եմ Տավուշ Լոռու և Շիրակ մարզ ավտոճանապարհ կամ լինել ավտոճանապարհ բեռնատար համար բացվել եմ վճարովի սկզբունք և միայն այս փաստ բերում Հայաստան տասնյակ հազարավոր նոր աշխատատեղ եմ ստեղծվել ինչպես նաև նոր տնտեսական հնարավորություն եմ բացվել նշել եմ նա ինմեկնարկել եմ հայաստանումհում ինկայանալի քխորհրդարանականընտրություններինախընտրականքարոզարշավը որըկշարունակվում ը ընտրություն քաղաքացիակ անպայմանագիր կուսակցություն նմասնակցումոնք տե՛րկանգնիրխաղաղություն կարգախոս քաղաքացիակ անպայմանագիր կուսակցություն ինչպեսնաևազգայրություն կուսակցությանվարչապետիթեկնածուն ՆիկոլՓաշինյաննէ,9,325
https://armenpress.am/hy/article/1251565,2026-05-30 12:28:00,ուժեղ Հայաստան ը հավաք մասնակցել նպատակով մի խումբ անձ նյութապես շահագրգռել վերաբերյալ նախաձեռնել քրվարույթ նախաքննություն ավարտվել եմ,ուժեղ Հայաստան ը հավաք մասնակցել նպատակով մի խումբ անձ նյութապես շահագրգռել վերաբերյալ նախաձեռնել քրեական վարույթ նախաքննություն ավարտվել եմ Շիրակ մարզային քննչական վարչություն քննվել քրեական վարույթ նախաքննություն ընթացքում ընտանիք անդամ նկատմամբ հարուցել եմ հանրային քրեական հետապնդել ուժեղ Հայաստան ը հավաք մասնակցել նպատակով մի խումբ անձ նյութապես շահագրգռել համար ինչպես Արմենպրես ը տեղեկանալ ՀՀ քննչական կոմիտե մասնավորապես ընտանիք անդամ ուժեղ Հայաստան ը կողմից թվական ապրիլ կազմակերպել հավաք հնարավորինս մեծ թիվ անձ մասնակցություն ապահովել շարժառիթ նյութապես շահագրգռել եմ մի խումբ անձ այդ թիվ անչափահաս խոստանալ հավաք հետո յուրաքանչյուր մասնակցություն համար տալ դրամ բացի այդ Երևան քաղաք քննչական վարչություն քննվողքրեական վարույթ նախաքննություն ընթացքում ուժեղ Հայաստան ը ցուցակ ընդգրկել Վ նկատմամբ հարուցել եմ հանրային քրեական հետապնդել Լոռու մարզ բնակիչ հավաքագրում Երևան տեղափոխում սնունդ ապահովում և խոստանալ գումար տրամադրում համակարգել համար քրեական վարույթ մեղադրական եզրակացություն ուղարկվել եմ հսկել դատախազ այն հաստատել և քննություն առնել համար դատարան ուղարկել միջնորդություն ծանուցում հանցագործություն համար մեղադրվող համարել եմ անմեղ քանի դեռ նա մեղավորություն ապացուցել եմ քրեական դատավարություն օրենսգիրք սահմանել կարգ դատարան օրինական ուժ մեջ մտնել դատավճռ,17,166
https://armenpress.am/hy/article/1251589,2026-05-31 11:07:00,ՀՀ տարածք ավտոճանապարհ հիմնականում անցանելի եմ,փրկարար ծառայություն տեղեկանալ եմ որ ՀՀ տարածք ավտոճանապարհ հիմնականում անցանելի եմ փակ եմ արագածոտին մարզ Ամբերդ բարձր լեռնային օդերևութաբանական կայան Ամբերդ ամրոց և քար լիճ տանել ավտոճանապարհ Լարս մասին Վրաստան ՆԳՆ ԱԻ դեպարտամենտ և ՌԴ ԱԻՆ հյուսիսային Օսիա ճգնաժամային կառավարում կենտրոն ստանալ տեղեկատվություն համաձայն ստեփանծմինդա լարս ավտոճանապարհըբաց եմ բոլոր տեսակ տրանսպորտային միջոց համար,6,53
https://armenpress.am/hy/article/1251553,2026-05-29 21:57:00,ՄԻՊ հանդիպել եմ անհայտ կորչել անձ հարազատ,մարդ իրավունք պաշտպան Անահիտ Մանասյան մայիս հերթական հանդիպում եմ ունենալ անհայտ կորչել անձ հարազատ հետ Արմենպրես ը հաղորդում ինչպես հայտնել եմ մարդ իրավունք պաշտպան աշխատակազմ հանդիպում մասնակցել եմ նաև քաղաքացիական հասարակություն և միջազգային կազմակերպություն ներկայացուցիչ քննարկվել եմ անհայտ կորչել անձ և նա հարազատ իրավունք պաշտպանություն առնչվել խնդիր հանդիպում ընթացքում անհայտ կորչել անձ հարազատ տեղեկանալ եմ որ հիմնել եմ անհայտ կորչել անձ հարազատ համահայկական ասոցիացիա Անահիտ Մանասյան կարևորել եմ նախաձեռնություն ընդգծել որ այն կարևոր քայլ եմ անհայտ կորչել անձ և նա ընտանիք իրավունք հասցեագրում տեսանկյուն մարդ իրավունք պաշտպան վերահաստատել եմ որ անհայտ կորչել անձ հարազատ մտահոգություն պատշաճ հասցեագրում ու նա իրավունք արդյունավետ պաշտպանություն շարունակել եմ մնալ ինքը գործունեություն առաջնահերթություն նա նշել եմ որ այս ուղղություն աշխատանք եմ իրականանալ ինչպես ներպետական այնպես էլ միջազգային մեխանիզմ շրջանակ կիրառել բոլոր հնարավոր գործիք Անահիտ Մանասյան ընդգծել եմ նաև որ անհայտ կորչել անձ իրավունք առնչվել հարց պետք եմ մշտապես գտնվել պետություն ուշադրություն կենտրոն և անհրաժեշտ եմ շարունակական քայլ ձեռնարկել նա իրավունք երաշխավորում ապահովել համար,7,158
https://armenpress.am/hy/article/1251585,2026-05-30 18:07:00,Հայաստան դաշինք ազատություն հրապարակ հանրահավաք անցկացնել,Հայաստան դաշինք մայիս ժամ հանրահավաք անցկացնել ազատություն հրապարակ Արմենպրես ը հաղորդում այս մասին նշել եմ դաշինք Ֆեյսբուք պաշտոնական էջ հարգելի հայրենակից մենք երկիր կանգնել եմ կարևոր ընտրություն առաջ այսօր առավել քան երբևէ կարևոր եմ յուրաքանչյուրի մասնակցություն մայիս մենք պետք եմ ցույց տալ որ Հայաստան կամ միավորվել արժանապատիվ ու լռել հասարակություն միանալ միասին տեր անգնել մենք երկիր նշել եմ հաղորդագրություն մեջ մայիս մեկնարկել եմ Հայաստան հունիս կայանալ խորհրդարանական ընտրություն նախընտրական քարոզարշավ որ շարունակվել մինչև հունիս ընտրապայքար մասնակցել եմ քաղաքական ուժ դաշինք և կուսակցություն Հայաստան դաշինք խորհրդարանական ընտրություն մասնակցել եմ համար ներքո միասին կարող եմ կարգախոս դաշինք կազմ միավորվել եմ հայ հեղափոխական դաշնակցություն և առաջ կուսակցություն դաշինք ԿԸՀ եմ ներկայանալ թեկնածու բաղկանալ ցուցակ և ազգային փոքրամասնություն թեկնածու բաղկանալ ցուցակ,6,117
https://armenpress.am/hy/article/1251523,2026-05-29 20:37:00,ռազմական շքերթ և Հայաստան պաշտպանություն նոր աշխարհագրություն,Երևան թվական ը մայիս ռազմական շքերթ պարզապես հերթական հանդիսավոր միջոցառում եմ այն թվական ի վեր հանրապետություն հրապարակ անցկացնել ռազմական տեխնիկա առաջին խոշոր ցուցադրություն եմ և առաջին թվական ը պատերազմ ու երկիր անվտանգային նախկին մոդելի փլուզում հետո տասնամյակ շարունակ Հայաստան ռազմական ներուժ գրեթե ամբողջություն կապվել եմ ռուսական սպառազինություն ռուսական ռազմական կրթություն չափանիշ և լոգիստիկ ուղի հետ սակայն այս շքերթ ապացուցել որ սա այլևս միակ հենակետ եմ այսօր Հայաստան ձևավորել եմ առավել դիվերսիֆիկանալ զինանոց համադրել երկիր արտադրություն սպառազինություն և ռազմատեխնիկան այդ թիվ Ֆրանսիական հնդկական ժամանակակից սպառազինություն ռուսական արտադրություն առկա տեխնիկան ԱՄՆ հետ զարգանալ գործակցություն սեփական ռազմարդյունաբերական արտադրանք դիվերսիֆիկացում այս մոտեցում սակայն հղի եմ նաև մարտահրավեր սկսած սպառազինություն բաց շուկայ գործելիս ճիշտ որոշում կայանալ մինչև տարբեր երկիր կողմից ու տարբեր չափանիշ արտադրել զինատեսակ համակցում ու համատեղելիություն ապահովում Հայաստան պաշտպանականգումիկացին մայիս ռազմական շքերթ ժամանակ ուշագրավ եմ ռազմատեխնիկա մատակարարող երկիր աշխարհագրություն բազմազանություն հնդկաստան շարունակել եմ ինքը ծանրակշիռ դեր ունենալ այս դիվերսիֆիկացում գործընթաց հայ հնդկական ռազմական գնում հիմնական ալիք տեղ ունենալ թվական երբ Հայաստան անվտանգություն ավանդական համակարգ ձախողում հետո ստիպել եմ հրատապ կերպ նոր մատակարար գտնել հնդկաստան կարողանալ առաջարկել այն ամենը ինչ անհրաժեշտ եմ Հայաստան սպառազինություն հասանելիություն մրցունակ գներ քաղաքական ճկունություն և տեխնոլոգիական աճել ներուժ թեև արևմուտք հետ համագործակցություն ընդլայնել եմ արևմտյան մատակարար մեծ մաս դեռ նոր եմ սկսել վերապատրաստում խորհրդատվական աջակցություն և քաղաքական երկխոսություն փուլ անցնել սպառազինություն անմիջական վաճառք այս հարց հիմնական բացառություն Ֆրանսիա եմ Ֆրանսիա դերակատարում այս հարց առանձնահատուկ կշիռ ունեմ ռադար ինքնագնաց հաուբից և զրահամեքենա ոչ միայն սպառազինություն թարմացում եմ այլև պաշտպանական գործընկերություն նոր մոդելի արտացոլ Ֆրանսիա միջոցով Հայաստան հնարավորություն եմ ստանալ ունենալ ՆԱՏՕ չափանիշ համապատասխան համակարգ ժամանակակից սենսոր ու հրետանային միջոց Ֆրանսիա ՆԱՏՕ անդամ միակ երկիր եմ որ Հայաստան մահաբեր սպառազինություն եմ տրամադրել սա մի օրինակելի մոդել եմ որ պետք եմ ուսումնասիրել արևմտյան մյուս գործընկեր եթե ցանկանալ եմ որ Հայաստան ռազմական դիվերսիֆիկացում խարսխել լինել արևմտյան չափանիշ վրա պակաս կարևոր եմ նաև տեղական արտադրություն սպառազինություն ցուցադրություն ներառյալ ամենագնաց բազա վրա ստեղծվել մմ տրամաչափ համազարկային կրակ ռեակտիվ համակարգ տիպ հարվածային անօդաչու և այլ հայկական արտադրանք թեև այս համակարգ ինքը կարողություն կամ բարդություն դեռևս կարող եմ զիջել խոշոր տերություն զինատեսակ դա փաստել եմ մտածողություն մեջ տեղ ունենալ լուրջ բեկում այս նոր իրողություն անբաժան մաս եմ նաև միացյալ նահանգ թեև վերջին դերակատարում առայժմ ավելի շատ ինստիտուցիոնալ բնույթ ունեմ քան գործնական նյութական ամերիկյան կողմ հետ գործակցություն արդեն իսկ շոշափելի եմ անօդաչու համակարգ ոլորտ հատկապես արՍ ձեռքբերում հետո այդուհանդերձ կամ մեծ ներուժ համագործակցություն ընդլայնել կապ պաշտպանել միջոց սենսոր սիմուլյացիոն համակարգ կառավարում օղակ և վերապատրաստում չափանիշ ուղղություն այնուամենայնիվ արտահանում վերահսկողություն բարդ ընթացակարգ և տարածաշրջանային զգայուն հավասարակշռություն նկատմամբ զգուշավոր մոտեցում թույլ եմ տալ Վաշինգտոն դեռևս դառնալ Հայաստան համար մահաբեր սպառազինություն հիմնական մատակարար մեկը հենց այս հանգամանք էլ բացատրել եմ թե ինչու եմ Երևան զենք գնալ այնտեղ որտեղ առաջարկ այս պահ առավել հասանելի եմ դիվերսիֆիկացմանմարտահրավերները Հայաստան համար բաց շուկան ստեղծել եմ թե հնարավորություն թե վտանգ Հայաստան այլևս կաշկանդել եմ մեկ մատակարարով իսկ գնում դիվերսիֆիկանալ ռազմավարություն Երևան թույլ եմ տալ համեմատել տեխնոլոգիա բանակցել ավելի շահավետ պայման շուրջ խուսափել լոգիստիկ կախվածություն բաց շուկայ գործել միևնույն ժամանակ պետություն պահանջել եմ նոր կարողություն հմտություն ընտրել ճիշտ զինատեսակ ճիշտ երկիր և ճիշտ առաջադրանք համար հնդկական ֆրանսիական ամերիկյան ռուսական և հայկական համակարգ ունեմ տարբեր տրամաչափ ինտեգրում տարբեր ձև վերապատրաստում ծրագիր սպասարկում փուլ և ծրագրային ապահովում կառուցվածք դա գումարվել եմ նաև տարբերել քաղաքական պայման ինչ ինքնին լուրջ մարտահրավ եմ այդ ամենը ինտեգրում համար այս իրավիճակ կարելի եմ բնորոշել հետևյալ կերպ եթե մեկ մատակարար ապավինել երկիր կարող եմ ընկնել կախվածություն մեջ ապա բազմաթիվ աղբյուր զենք գնալ բայց այդ համակարգ միմյանց համակցել երկիր ռիսկ եմ դիմում դառնալ գործառնական առում անարդյունավետ այժմ հիմնական հարց այն եմ թե որքան հաջողվել Հայաստան այս տարաբնույթ տարր միավորել մեկ միասնական և գործուն մեխանիզմ մեջ օրինակ ռադար պետք եմ կարողանալ կիրառելի տվյալ փոխանցել հրամանատարական կետ և հօպ ստորաբաժանում անօդաչու թռչել սարք ստանալ հետախուզական տեղեկատվություն պետք եմ անխափան կերպ արտացոլել մարտական գործողություն իրավիճակային ընդհանուր պատկեր հրետան պետք եմ սերտորեն կապվել լինել հակամարտկոցային ռադար դրոն կապ պաշտպանել միջոց և կրակ կառավարում թվային համակարգ հետ կամիկաձե պետք եմ ոչ թե պարզապես գոյություն ունենալ գույքացուցակ դա պետք եմ կապվել լինել հետախուզություն թիրախ հայտնաբերում և ներգրավում կանոն հետ այստեղ եմ որ Հայաստան ներքին պաշտպանական տեխնոլոգիական ոլորտ դառնալ եմ ռազմավարական տեսանկյուն կարևոր Երկիր գուցե ի վիճակ լինել արտադրել ամբողջական համակարգ բայց այն կարող եմ մշակել ծրագրային ապահովել մարտադաշտ կառավարում համակարգ սիմուլյացիոն գործիք հաղորդակցություն ինտեգիր անօդաչու համակարգ և ռադիոէլեկտրոնային պայքար աջակցություն դիվերսիֆիկանալ զինանոց ինտեգրում դառնալ եմ նույնքան կարևոր որքան մատակարարում այսպիսով մայիս զորահանդես դառնալ անցումային մի կարևոր հանգր Հայաստան հետխորհրդային ռուսակենտրոն բանակ կառուցվածք վերջնականապես թևակոխել եմ բազմավեկտոր և տեխնոլոգիա վրա հիմնվել նոր մոդելի հիմնական մարտահրավեր այժմ կայանալ եմ նրան թե արդյոք երկիր կարողանալ մատակարար դիվերսիֆիկացոմ վերածել օպերատիվ համակցում գնում հարց կատարել ընտրություն ինստիտուցիոնալ կարողություն իսկ հանրային տեսանելիություն վստահելի զսպում գործոն հեղինակ Լեոնի դներսիսյան ապրիարմենիայիավագխորհրդական,7,761
https://armenpress.am/hy/article/1251571,2026-05-30 13:51:00,հզր եվրո կանխիկ դրամական միջոց մաքսանենգություն և փող լվացում կատարել դեպք առթիվ նախաձեռնվել եմ քրեական վարույթ անձ ձերբակալվել եմ,ՀՀ քննչական կոմիտե տնտեսական հանցագործություն և մաքսանենգություն քննություն գլխավոր վարչություն երրորդ վարչություն մի խումբ անձ կողմից նախնական համաձայնություն առանձնապես խոշոր չափ կանխիկ դրամական միջոց մաքսանենգություն և առանձնապես խոշոր չափ փող լվացում կատարել դեպք առթիվ նախաձեռնվել եմ քրեական վարույթ ինչպես Արմենպրես ը տեղեկանալ ՀՀ քննչական կոմիտե մասնավորապես ՀՀ ՊԵԿ ստանալ առերևույթ հանցանք մասին հաղորդում համաձայն սուրբ ներքին և նպատակ ունենալ առանձնապես խոշոր չափ կանխիկ դրամական միջոց ՀՀ պետական սահման ապօրի մաքսային հսկողություն թաքչել եղանակ ՀՀ տեղափոխել դա թաքչել եմ ինքը ուղեբեռ հագուստ տարբեր հատված որ հետո թվական մայիս ժամանել եմ Զվարթնոց օդանավակայան որտեղ ուղևոր ժամանում սրահ մաքսային հսկողություն գոտի ՀՀ պեկ աշխատակից կողմից մաքսային զննում ենթարկել արդյունք ուղեբեռ մեջ առկա հագուստ տարբեր հատված հայտնաբերել եմ ընդհանուր առում հզր եվրո կանխիկ դրամական միջոց վերջին անմիջականորեն ծագել հիմնավոր կասկած առկայություն հիմք ձերբակալվել եմ և ներկայանալ վարույթ իրականանալ մարմին քրեական վարույթ շրջանակ իրականանալ եմ անհետաձգելի վարութային և ապացուցողական գործողություն ծանուցում հանցագործություն համար մեղադրվող համարել եմ անմեղ քանի դեռ նա մեղավորություն ապացուցել եմ քրեական դատավարություն օրենսգիրք սահմանել կարգ դատարան օրինական ուժ մեջ մտնել դատավճռ,19,169
https://armenpress.am/hy/article/1251554,2026-05-30 11:05:00,գլխավոր դատախազ մասնակցել եմ առաջնորդություն դպրոց ը ավարտական միջոցառում,Հայաստան հանրապետություն գլխավոր դատախազ Աննա Վարդապետյան թվական մայիս առաջնորդություն դպրոց հիմնադրամ ղեկավար Սամվել Մովսիսյան հրավ մասնակցել եմ դպրոց ուսումնական տարի ավարտական միջոցառում ինչպես Արմենպրես ը տեղեկանալ ՀՀ դատախազություն միջոցառում մասնակցել եմ նաև ՀՀ ներքին գործ նախարար Արփինե Սարգսյան Հայաստան եվրոպական միություն պատվիրակություն ղեկավար դեսպան Վասիլիս Մարագոս Հայաստան հանրապետություն հավատարմագրել դեսպան միջազգային կազմակերպություն ներկայացուցիչ դպրոց դասախոս ու ուսանող Աննա Վարդապետյան շնորհավորել եմ շրջանավարտ առաջնորդություն դպրոց ը հաջողություն ավարտել կապակցությամբ և անդրադառնալ այն հարց ով եմ առաջնորդ ինչ որակ եմ օժտվել նա այս համատեքստ ՀՀ գլխավոր դատախազ անդրադառնալ եմ ժամանակակից աշխարհ արժեք խեղաթյուրում ու նենգափոխում խնդիր որքան էլ այսօր աշխարհ արժեք նենգափոխել կամ արժեք որ երբեք եմ հնանալ դա եմ բարեվարքություն աշխատասիրություն պատասխանատվություն և այլ համեստաբար ծառայել ունակություն խոսք ծառայամտություն մասին եմ խոսք գիտելիք հանրային բարիք վերածել կարողություն մասին եմ առաջնորդ այլոց տարբերել եմ նա որ այս մարդ թեև ընկնել եմ սխալվել եմ բայց նա միշտ բարձրանալ եմ ու որ ամենակարևոր եմ ամեն անգամ վեր եմ կենել առանց ինքը արժեք գետին թողնել ընդգծել եմ հանրապետություն գլխավոր դատախազ և հավելել որ քաղաքակիրթ մարդ կյանք չափվել եմ այն գաղափարախոսություն հարատևություն որ անձ զոհաբերել եմ ինքը կյանք Աննա Վարդապետյան այս ճանապարհ կարևոր եմ համարել հիասթափվել ու ընկրկել գլխավոր դատախազ կրկին շնորհավորել եմ շրջանավարտ և բարի երթ մաղթել բարդ և պատասխանատու ճանապարհ,9,206
https://armenpress.am/hy/article/1251508,2026-05-29 15:02:00,ուժեղ Հայաստան ը գործարկել եմ դու ձայն քաղաքական ուղեցույց,ուժեղ Հայաստան դաշինք անդամ առաջիկա խորհրդարանական ընտրություն դաշինք նախընտրական ցուցակ երրորդ համար Գոհար Մելոյան ներկայանալ եմ դու ձայն կայք Արմենպրես ը հաղորդում մայիս կայանալ ասուլիս ժամանակ Մելոյան նշել որ նորաբաց կայքէջ միտել եմ լինել քաղաքացի իրավունք պաշտպանություն շատ հաճախ մենք հայրենակից իրավատեր եմ մարդ վախենալ եմ ճնշում նա մոլորել եմ մենք փորձել եմ բոլոր մեխանիզմ ներդնել որպեսզի Հայաստան քաղաքացի ընտրություն ինքը քաղաքական կամք նկատմամբ իրավական ոչ մի միջամտություն թույլ տալ ասել նա հավելել որ կայք գործել նաև թեժ գիծ կայքէջ եռալեզու եմ մենք գնալ եմ քաղաքացի բոլոր ահազանգ հետք նշել նա Գոհար Մելոյան հավելել եմ որ ուժեղ Հայաստան ը առաջնահերթություն Հայաստան հանրապետություն ժողովրդավար և իրավական ընտրություն անցկացում եմ մենք հսկայական ներուժ եմ ներդնել որպեսզի քաղաքացի համար ընտրական գործընթաց օրինականություն մաքսիմալ ապահովել ժողովուրդ եմ իշխանություն աղբյուր և մենք նպատակ եմ հնարավորություն ունենալ իրականանալ արդար հավասար ընտրություն հավելել եմ Մելոյան քաղաքացի հորդորել գնալ և ազատորեն իրանալ ինքը ընտրական իրավունք Հայաստան հունիս կանցկացնել խորհրդարանական հերթական ընտրություն նախընտրական քարոզարշավ մեկնարկել եմ մայիս և շարունակվել մինչև հունիս ընտրություն մասնակցել համար առաջադրել եմ քաղաքական ուժ դաշինք և կուսակցություն ընտրություն մասնակցություն համար գրանցել Ալյան կուսակցություն դուրս եմ գալ ընտրապայքար ուժեղ Հայաստան դաշինք քվեաթերթիկ երրորդ եմ դաշինք ներկայացուցիչ հայտարարել եմ որ ինքը վարչապետ թեկնածուն գործարար Տաշիր ընկերություն խումբ հիմնադիր Սամվել Կարապետյան եմ չնայած այն հանգամանք որ Սամվել Կարապետյան բացի Հայաստան քաղաքացիություն ունեմ նաև Կիպրոս և Ռուսաստան քաղաքացիություն Կարապետյան այս պահ տնային կալանք տակ եմ նա անցնել եմ իշխանություն զավթել հրապարակային կոչ հնչեցնել և փող լվացում քրեական գործ Կարապետյան ինքը առաջադրել մեղադրանք եմ ընդունել չնայած ուժեղ Հայաստան դաշինք անդամ կողմից արդար և հավասար ընտրություն անցկացում կարևորություն մասին հավաստիացում հակակոռուպցիոն կոմիտե պարբերաբար հաղորդագրություն և ձայնագրություն եմ հրապարակ դաշինք ներկայացուցիչ կողմից ընտրող ընտրակաշառք տալ ընտրող ազատ կամք վրա ազդել գործողություն բացահայտում մասին,9,281
https://armenpress.am/hy/article/1251584,2026-05-30 18:05:00,Արամ Սարգսյան Կոտայք մարզ ներկայանալ եմ կուսակցություն նախընտրական ծրագիր,հանրապետություն կուսակցություն ներկայացուցիչ Հայաստան կայանալ խորհրդարանական ընտրություն նախընտրական քարոզարշավ շրջանակ մայիս Կոտայք մարզ եմ Արմենպրես ը հաղորդում Արգել գյուղ քաղաքացի հետ հանդիպում ընթացքում ելույթ եմ ունենալ կուսակցություն վարչապետ թեկնածու ՀՀ նախկին վարչապետ ազգային ժողով նախկին պատգամավոր Արամ Սարգսյան նա նշել եմ որ պետություն ժողովուրդ պարտություն պատասխանատուն ոչ միայն Հայաստան երկրորդ նախագահ Ռոբերտ Քոչարյան եմ այլ այն մարդ ով ընտրություն նա ինքը ձայն եմ տալ Սամվել Կարապետյան Պուտին անձնական օլիգարխ եմ անլուրջ եմ որ մի քանի երկիր քաղաքացի համարել օլիգարխ ցանկանալ եմ վարչապետ դառնալ այդ մարդ պետություն ու տունտունիկ խառնել եմ իրար սա պետություն եմ որ պետք եմ ղեկավարել չափազանց ծանր աշխարհաքաղաքական իրավիճակ մեջ ասել եմ նա Արամ Սարգսյան կոչ եմ անել բոլորը գնալ ընտրատեղամաս և ինքը քվե տալ համար օգտին ամեն ինչ հունիս ընկնել եմ ինքը տեղ թվական մենք բազմաթիվ անգամ մենք կամք դրսևորել եմ և կարող եմ երկիր առաջ ծառանալ խդիր բարձրանալ խորհրդարան և լուծել տալ հավելել եմ Սարգսյան կուսակցություն մայիս նախընտրական քարոզարշավ շարունակել նաև նոր հաճնել Աբովյան և չարենցավան քաղաք մայիս մեկնարկել եմ Հայաստան հունիս կայանալ խորհրդարանական ընտրություն նախընտրական քարոզարշավ որ շարունակվել մինչև հունիս ընտրություն մասնակցել համար գրանցել եմ քաղաքական ուժ դաշինք և կուսակցություն հանրապետություն կուսակցություն քվեաթերթիկ համար եմ կուսակցություն վարչապետ թեկնածուն Արամ Սարգսյան եմ կուսակցություն ընտրություն մասնակցել եմ դու համար Հայաստան դու համար կարգախոս կուսակցություն ԿԸՀ եմ ներկայանալ թեկնածու բաղկանալ ցուցակ,9,214
https://armenpress.am/hy/article/1251564,2026-05-30 12:28:00,հունիս կենտրոն փակ փողոց լինել,երեխա պաշտպանություն միջազգային օր հունիս ժամ երթևեկություն դադարել եմ Տերյան և Պուշկին փողոց հյուսիսային պողոտա հարել հատված այս մասին Արմենպրես ը տեղեկցիր Երևան քաղաքապետարան աշխատակազմ լրատվություն վարչություն հունիս միջոցառում պայմանավորվել կսահմանափակիվ երթևեկություն նաև աջափնյակ վարչական շրջան,5,36
https://armenpress.am/hy/article/1251576,2026-05-30 15:44:00,Գագիկ Ծառուկյան ստեփանավանցի կոչ եմ անել գնալ ընտրություն հանուն վաղը օր,ազգային ժողով ընտրություն մասնակցել բարգավաճ Հայաստան կուսակցություն անդամ մայիս նախընտրական քարոզարշավ շրջանակ Լոռու մարզ եմ Արմենպրես ը փոխանցում կուսակցություն առաջնորդ Գագիկ Ծառուկյան ստեփանավան քաղաք ինքը ելույթ ժամանակ նշել եմ որ սպորտ ոլորտ մինչ այս մեծ փոփոխություն անել եմ բայց դեռ շատ անելիք կամ Հայաստան բոլոր համայնք պետք եմ սպորտդրոց կառուցել որ երեխա կտրվել փողոց մենք պետք եմ ունենալ առողջ երիտասարդ հետևաբար նաև առողջ ապագա ասել եմ նա Գագիկ Ծառուկյան խոսք այսօր երիտասարդ գիտելիք պետք եմ օգտագործել երկիր շենալնել համար այն ինչ խոստանալ եմ անել եմ այսօր բոլորը մի բան եմ հետաքրքրել որ երկիր խաղաղ լինել մարդ աշխատանք ունենալ ես ոչ պաշտոն եմ ուզել ոչ ճանաչել ոչ էլ փող ամեն ինչ էլ աստված կամոք ունեմ գնալ ընտրություն քանի որ դա եմ կախվել դուք վաղը օր ասել եմ ԲՀԿ առաջնորդ մայիս եմ հայաստանումհումհ քխորհրդարանականտություն նախընտրականքարոզարշավը որըկշարունակվումիչև ընտրություն նմասնակցում բարգավաճհայաստան կուսակցություն նմասնակցում ԱռաջարկՀայաս նախընտրականծր կուսակցություն երաշխավորվածխաղաղություն բարգավաճՀայաստան բարեկեցիկկյուն ԲՀԿ նեԸՀէնել ց բաղկացածցուցակևազգայինփոքրամասնությունների նախընտրական միանալենալ ՄայրՀայաստան և դեմոկրատական այլընտրանք կուսակցություն ծրագրիհիմնական եներաշխավորվաղություն ապահովում բանակիհզորացում մինչև ինչպեսնաևանվճարկրթությանևսոցիալականերաշխիքներիընդլայնումը,11,162
https://armenpress.am/hy/article/1251507,2026-05-29 14:53:00,ը ընդարձակ հոդված անդրադառնալ եմ ՌԴ հազար ընտրող տեղափոխել և Հայաստան ընտրություն վրա ազդել ծրագիր,բրիտանական լրատվական գործակալություն ծավալուն հոդված եմ հրապարակել Հայաստան հունիս կայանալ ընտրություն Ռուսաստան միջամտություն փորձ վերաբերյալ Արմենպրես ը փոխանցում գործակալություն հիղ անել արևմտյան հետախուզական և կառավարական պաշտոնյա գրել եմ որ Ռուսաստան ակտիվանալ եմ ջանք Հայաստան ներկա ղեկավար Նիկոլ Փաշինյան վերընտրություն կանխել համար վախենալ որ դա կարող եմ ամրապնդել Հայաստան կողմնորոշում դեպի արևմուտք համաձայն արևմտյան հետախուզություն աշխատակից հետ հարցազրույց և փաստաթուղթ որ տեսնել եմ գործակալություն հունիս ընդառաջ Մոսկվա գործողություն ներառել եմ ապատեղեկատվական արշավ պրոռուսական թեկնածու և Ռուսաստան տասնյակ հազարավոր հայ Հայաստան տեղափոխել համարձակ ծրագիր քվեարկություն արդյունք վրա ազդել համար գրել եմ գործակալություն ը գրել եմ որ դեպի ծով ելք ունենալ միլիոն բնակչություն Հայաստան սառը պատերազմ տարի ի վեր հիմնականում գտնվել եմ Մոսկվա ուղեծիր սակայն վարչապետ Նիկոլ Փաշինյան որ հարցում համաձայն առաջատար եմ առաջիկա ընտրություն մտերմանալ եմ Եվրոպա և ՆԱՏՕ հետ դառնալ նաև ԱՄՆ նախագահ Դոնալդ Թրամփի դաշնակից որ էլ ինքը հերթ արդեն աջակցություն եմ հայտնել Փաշինյան գործակալություն հիշեցնել եմ որ ԱՄՆ պետքարտուղար Մարկո Ռուբիո օր այցելել եմ Երևան որտեղ համաձայնագիր եմ ստորագրել օգտակար հանքանյութ ԹՐԻՓՓ վերաբերյալ շեշտել որ դա կարող եմ ավելի թուլանալ տարածաշրջան Ռուսաստան ազդեցություն ը նաև հիշել եմ որ Հայաստան Եվրասիական տնտեսական միություն անդամ եմ թվական էլ կասել եմ հավաքական անվտանգություն պայմանագիր կազմակերպություն ինքը մասնակցություն շեշտադրել նաև այն որ այս ամիս ընթացքում Հայաստան հյուրընկալվել եմ նաև ՆԱՏՕ գլխավոր քարտուղար Մարկ Ռյուտեն Եվրոպական քաղաքական համայնք գագաթնաժողով շրջանակ Ռուսաստան նախագահ Վլադիմիր Պուտին եմ թաքչել ինքը դժգոհություն Փաշինյան շրջադարձ առնչություն վերջին օր Մոսկվա զգուշանալ եմ որ Հայաստան ռիսկ եմ դիմում կորչել բնական գազ էժան մատակարարում ինչպես նաև սահմանափակել եմ հայկական արտադրանք ներմուծում ներառյալ միրգ բանջարեղեն ծաղիկ ու կոնյակ արևմտյան երեք չինովնիկի խոսք Մոսկվա ենթադրյալ թեկնածուն Սամվել Կարապետյան եմ միլիարդատ որ անցնել եմ դատական պրոցես իշխանություն զավթել հրապարակային կոչ հնչեցնել մեղադրանք գրել եմ գործակալություն ընդգծել որ Սամվել Կարապետյան հերքել եմ Ռուսաստան աջակցություն ստանալ վերաբերյալ մեղադրանք ը զրուցել եմ Կարապետյան փաստաբան Ռոբերտ Ամստերդամ հետ որ ասել եմ որ Կարապետյան ոչինչ գիտել Ռուսաստան աջակցություն մասին Եվրոպան վաղուց Ռուսաստան մեղադրել եմ այլ երկիր ընտրություն միջամտել մեջ վերջին շրջան Մոլդովա և Հունգարիա ընտրություն Ռուսաստան էլ պնդել եմ որ Եվրամիություն ու ԱՄՆ խառնվել եմ ինքը սահման մոտ երկիր գործ որպեսզի նա տանել արևմուտք ազդեցություն գոտի Ռուսաստան արտաքին գործ նախարարություն մեկնաբանություն տալ վերաբերյալ մենք հարցում եմ պատասխանել սակայն հինգշաբթի լրագրող հետ ճեպազրույց ժամանակ հայտարարել եմ որ Հայաստան ներքին գործ Ռուսաստան խառնվել մասին պնդում լրտեսական մոլի եմ գրել եմ գործակալություն նշել եմ նաև որ Հայաստան կառավարություն հասարակայնություն հետ կապ վարչություն հրաժարվել եմ մեկնաբանել հոդված նշել կոնկրետ մեղադրանք սակայն ներկայանալ եմ ապատեղեկատվություն դեմ պայքար և ազատ արդար և թափանցիկ ընտրություն ապահովել ուղղություն ձեռնարկել միջոցառում Ռուսաստան ընտրող տեղափոխում գործակալություն գրել եմ որ հոկտեմբեր Կրեմլ ստեղծվել եմ վարչություն հայտնի որպես ռազմավարական համագործակցություն և գործընկերություն տնօրինություն որ գործակալություն անանուն աղբյուր խոսք համակարգ եմ Հայաստան ազդեցություն հասնել օպերացիա միևնույն ժամանակ նշել եմ որ գործակալություն աղբյուր խոսք վերջին ամիս ՌԴ պաշտոնյա քննարկել եմ Ռուսաստան ապրել հայ Հայաստան տեղափոխել հնարավորություն որպեսզի վերջին քվեարկել ընտրություն Փաշինյան հակառակորդ օգտին ը նշել եմ որ հայ աշխարհ մեկ մեծ սփյուռք ունեմ ներառյալ Ռուսաստան որտեղ հայ թիվ որոշ գնահատական գերազանցել եմ միլիոն հիշեցնել որ հայ արգելել եմ արտերկիր քվեարկություն մասնակցել հղալ անել ամերիկացի բարձրաստիճան պաշտոնյա որ ցանկանալ եմ անանուն մնալ այն մարդ թիվ որ Մոսկվա կարող եմ հաջողություն Հայաստան տեղափոխել քննարկում առարկա եմ հետախուզական հանրություն շրջան նշել եմ որ հայ պարբերաբար Ռուսաստան Հայաստան և հակառակ ուղղություն եմ տեղափոխվել և օրական տասնյակ չվերթ եմ իրականանալ գործակալություն երեք աղբյուր տվյալ Ռուսաստան իշխանություն գնահատել եմ որ հազար ընտրող տեղափոխում կարժենալ մոտ միլիոն դոլար նշել եմ որ մայիս կես Կրեմլ քվոտա եմ սահմանել թե որ հայ որ տարածաշրջան եմ պետք ուղարկել իսկ ադմինիստրատոր խնդրել եմ հաշվետվություն ներկայանալ նախապատրաստական աշխատանք վերաբերյալ գործակալություն եմ կարողանալ պարզել իրականացվու եմ արդյոք այդպիսի պլան կամ դա բավարա եմ որպեսզի րճատել ընտրություն առաջատար թեկնածու միջև տարբերություն նշել եմ գործակալություն հավելել որ մայիս անցկացնել հարցում արդյունք Նիկոլ Փաշինյան գլխավորել քաղաքացիական պայմանագիր կուսակցություն ստանալ եմ ձայն շուրջ տոկոս և առաջին տեղ եմ իսկ Սամվել Կարապետյան ուժեղ Հայաստան դաշինք հավաքել եմ ձայն շուրջ տոկոս զգալիորեն հետ մնալ մրցակցություն ապատեղեկատվություն տարածում ջանք ակտիվացում գործակալություն գրել եմ որ ՌԴ պաշտոնյան ակտիվանալ եմ ապատեղեկատվական օնլայն արշավ ուղղել Փաշինյան կառավարություն վարկաբեկում որպես Ռուսաստան աջակցել ապատեղեկատվություն տարածում օրինակ ը նշել եմ տարածվել կեղծ լուր կոռուպցիոն գույքային մի գործարք վերաբերյալ որ իբր ներգրավել եմ Փաշինյան ԱՄՆ երկու սենատոր Ջին Շահին և Թոմ Թիլիս հետ եվրոպացի պաշտոնյան որ ցանկանալ եմ անանուն մնալ գործակալություն ասել եմ որ արշավ ներառել եմ Կրեմլ հետ կապվել փոթորիկ անուն բոտ ցանց որ դեր եմ խաղալ ԱՄՆ վերջին ընտրություն միջամտել գործողություն երեք աղբյուր ասել եմ որ Կրեմլ ներգրավել եմ ռուսական քաղաքական խորհրդատվական ընկերություն և վերլուծական կենտրոն այդ թիվ սոցիալական դիզայն գործակալություն որ պատժամիջոց տակ եմ եվրոպական միության և միացյալ թագավորություն կողմից ուկրաինային աջակցություն խաթարել համար ապատեղեկատվություն տարածել համար ը վերանայել եմ ռուսալեզու հինգ փաստաթուղթ որ ըստ աղբյուր կազմվել եմ կողմից լրատվական կազմակերպություն եմ կարողանալ անկախ կերպ հաստատել որ եմ կազմել փաստաթուղթ գրել եմ գործակալություն նշել եմ որ փաստաթուղթ մեկը առաջարկել եմ Ռուսաստան հայկական սփյուռք համար ստեղծել անվամ լրատվամիջոց Փաշինյան նկատմամբ բացասական վերաբերմունք տարածել համար հիմնական պատմություն որ Հայաստան կարող եմ բարգավաճել միայն Ռուսաստան հետ սերտ դաշինք և նա պաշտպանություն ներքո ոչ ը ոչ էլ ը եմ արձագանքել մեկնաբանություն վերաբերյալ գործակալություն հարցում փաստաթղում գնահատվել եմ որ ռուսաստանաբնակ հայ կարող եմ վճռորոշ դեր խաղալ ընտրություն եթե նա շրջան ապահովել բարձր մասնակցություն,15,850
https://armenpress.am/hy/article/1251592,2026-05-31 11:58:00,խաղաղություն խաչմերուկ նախագիծ մտնել եմ գործնական իրագործում քարոզարշավ Նորք Մարաշ վարչական շրջան,քաղաքացիական պայմանագիր կուսակցություն ներկայացուցիչ արձակուրդում գտնվել ՀՀ վարչապետ Նիկոլ Փաշինյան գլխավորություն նախընտրական քարոզարշավ շրջանկան մայիս լինել եմ Երևան Նորք Մարաշ վարչական շրջան բնակիչ հետ հանդիպում ժամանակ ելույթ եմ ունենալ վարչապետ Նիկոլ Փաշինյան ինքը ելույթ Փաշինյան հայտարարել եմ որ Հայաստան կառավարություն խաղաղություն խաչմերուկ նախագիծ արդեն մտնել եմ գործնական իրագործում փուլ Դուք տեղյակ եմ որ միացյալ նահանգ պետքարտուղար կարճ այց գալ Հայաստան և Հայաստան արտգործնախար հետ ստորագրել ԹՐԻՓՓ նախագիծ իրագործում վերաբերյալ համաձայնագիր և այդ այց որ ի սկիզբ պլանավորվել եմ և դա բնույթ որ այդ թուղթ նախաստորագրել համար ընդամենը մեկ ժամ միացյալ նահանգ պետքարտուղար գալ պետք եմ ընդգծել տեղ ունեցած կարևորություն ասել եմ վարչապետ նա խոսք այդ իրադարձություն շատ կարևոր եմ նաև ներքաղաքական իմաստ տարի շարունակ մենք մեղադրել եմ որ մենք ինչ որ մեկը միջանցք եմ խոստանալ միջանցք եմ տալ կամ տալ ինչ որ մեկը ստորագրել փաստաթուղթ ի վերջ այդ երբևէ գոյություն ունենալ թեմ դուրս բերել օրակարգ թվական նոյեմբեր հետո այդ թեմ անընդհատ շրջանառել եմ և ես թվական նոյեմբեր եմ անդրադառնալ այդ թեմային ասել որ այդպիսի բան պարզապես եմ կարող լինել և ահա միացյալ նահանգ հետ նախաստորագրել համաձայնագիր նախագծ ոչ միայն ընդգծվել եմ որ ԹՐԻՓՓ նախագիծ իրագործել եմ Հայաստան տարածքային ամբողջականություն ինքնիշխանություն իրավազորություն շրջանակ այլև լրացուցիչ պարբերություն եմ ավելանալ որ Հայաստան հանրապետություն պահպանել եմ լիարժեք ինքնիշխանություն իրավազորություն տարածքային ամբողջականություն ԹՐԻՓՓ նախագիծ իրագործում բոլոր գոտի վրա հայտարարել եմ Փաշինյան նա հավելել եմ որ ԹՐԻՓՓ նախագիծ Հայաստան միջազգային դերակատարում ավելի եմ բարձրանալ հիշեցնել ԱՄՆ նախագահ Դոնալդ Թրամփի գրառում այն մասին որ ԱՄՆ ԹՐԻՓՓ դիտարկել եմ որպես արևելք արևմուտք էներգակիր տարանցում կարևոր երթուղ նոր որակ պետություն ընդգծվել եմ նաև սա նոր որակ պետություն նոր որակ միջազգային հարաբերություն ասել եմ Փաշինյան նա հիշել եմ որ թվական Հայաստան եմ այցելել ԱՄՆ փոխնախագահ ԱՄՆ պետքարտուղար եվրոպական երկիր տասնյակ առաջնորդ ինչ էլ նոր որակ միջազգային հարաբերություն մասին եմ վկայել մայիս մեկնարկել եմ Հայաստան հունիս կայանալ խորհրդարանական ընտրություն նախընտրական քարոզարշավ որ շարունակվել մինչև հունիս ընտրություն մասնակցել համար գրանցել եմ քաղաքական ուժ դաշինք և կուսակցություն քաղաքացիական պայմանագիր կուսակցություն ընտրություն մասնակցել եմ համար ներքո տեր կանգնիր խաղաղություն կարգախոս քաղաքացիական պայմանագիր կուսակցություն ԿԸՀ եմ ներկայանալ թեկնածու կազմվել ընտրական ցուցակ ինչպես նաև ազգային փոքրամասնություն թեկնածու բաղկանալ ցուցակ կուսակցություն վարչապետ թեկնածուն Նիկոլ Փաշինյան եմ,12,349
https://armenpress.am/hy/article/1251568,2026-05-30 13:08:00,դատախազ դատարան եմ հանձնել ընտրական հանցագործություն վերաբերյալ անձ նկատմամբ քրեական վարույթ,թվական մայիս ամիս ընթացքում ՀՀ գլխավոր դատախազություն հակակոռուպցիոն կոմիտե մինչդատական վարույթ օրինականություն նկատմամբ հսկողություն վարչություն դատախազ կողմից հաստատել մեղադրական եզրակացություն իրավասու դատարան եմ հանձնվել ընտրական հանցագործություն վերաբերյալ քրեական վարույթ անձ վերաբերյալ ինչպես Արմենպրես ը տեղեկանալ ՀՀ դատախազություն դա եմ դրվագ ընտրակաշառք տալ համար մեղադրել անձ և ընտրակաշառք ստանալ համար մեղադրել անձ վերաբերյալ քրեական վարույթ դրվագ ընտրակաշառք տալ ու բարեգործություն արգելք խախտել և ընտրակաշառք ստանալ համար մեղադրել անձ վերաբերյալ քրեական վարույթ բարեգործություն արգելք խախտել և դա օժանդակել համար մեղադրել անձ վերաբերյալ քրեական վարույթ ընտրակաշառք տալ դրվագ հավաք մասնակցել նպատակով նյութապես շահագրգռել համար մեղադրել անձ և խումբ ընտրակաշառք ստանալ համար մեղադրել անձ վերաբերյալ քրեական վարույթ ընտրական իրավունք իրականացում խոչընդոտել դա փորձել և նախապատրաստություն համար մեղադրել անձ վերաբերյալ քրեական վարույթ մասնավորապես ուժեղ Հայաստան կուսակցություն անվտանգային թիմ ղեկավար երկու ընտրող առաջարկել եմ աշխատանք բնակարան հողամաս և պաշտոն ինքը և ընտանիք անդամ կողմից տվյալ կուսակցություն օգտին քվեարկել պայման ուժեղ Հայաստան կուսակցություն անդամ ընտրող բարեգործություն անուն տակ խոստանալ կենցաղային տեխնիկա փոխարեն փոխանցել եմ գումար խախտել ընտրություն ընթացքում բարեգործություն արգելք ուժեղ Հայաստան կուսակցություն համակիր երկու այլ անձ հետ խոչընդոտել և փորձել եմ խոչընդոտել Սյունիք մարզ համայնք ղեկավար և բնակիչ ընտրական իրավունք ազատ իրականացում նա պահանջել քվեարկել ինքը քաղաքական ուժ օգտին սպառնալ բացասական վերաբերմունք նույն վարույթ մեկ անձ մեղադրանք եմ առաջադրել նաև երկու դրվագ ընտրակաշառք տալ համար նա ընտրող առաջարկել եմ պարտք մասնակի զիջել աշխատանք տեղավորում և ծառայողական հարց լուծել խոստում քիվեր դիմաց մենք ձև հասարակական կազմակերպություն գրասենյակ ղեկավար փաստացի իրականանալ ուժեղ Հայաստան կուսակցություն գրասենյակ պատասխանատու գործառույթ չորս անձ տալ եմ ընտրակաշառք ինքը կուսակցություն օգտին քվեարկել պայման ինչպես նաև խախտել ընտրություն ընթացքում բարեգործություն արգելք հազար դրամ եմ փոխանցել մեկ քաղաքացի ուժեղ Հայաստան կուսակցություն տարածքային պատասխանատուն քաղաքացի տալ եմ ընտրակաշառք երկու անձ շահագրգռել եմ մասնակցել թվական ապրիլ կայանալ հավաք խոստանալ սննդամթերք տեսք նյութական օգնություն ծանուցում հանցագործություն համար մեղադրվող համարել եմ անմեղ քանի դեռ նա մեղավորություն ապացուցել եմ քրեական դատավարություն օրենսգիրք սահմանել կարգ դատարան օրինական ուժ մեջ մտնել դատավճռ,11,309
https://armenpress.am/hy/article/1251577,2026-05-30 16:20:00,պետգույք կոմիտե ներկայանալ եմ առաջիկա կայանալ էլեկտրոնային աճուրդ ցանկ,պետական գույք կառավարում կոմիտե ներկայանալ աճուրդ համակարգ միջոցով առաջիկա օտարում ներկայանալ տրանսպորտային միջոց այլ շարժական գույք ինչպես նաև վարձակալություն ենթակա տարածք ցանկ մանրամաս ստորև վաճառել եմ մակնիշ ավտոմեքենա վաճառել մակնիշ ավտոմեքենա վաճառել եմ մակնիշ ավտոմեքենա վաճառել եմ մակնիշ ավտոմեքենա վաճառել մակնիշ ավտոմեքենա վաճառել եմ մակնիշ ավտոմեքենա վաճառել եմ մակնիշ ավտոմեքենա վաճառել մակնիշ ավտոմեքենա վաճառել եմ մակնիշ ավտոմեքենա վաճառել եմ մակնիշ ավտոմեքենա եմ մակնիշ ավտոմեքենա վաճառել եմ մակնիշ ավտոմեքենա վաճառել եմ անվանել շարժական գույք տարբեր տեսակ մետաղե ջարդ վաճառել եմ ավտոմեքենայիանիվներ վաճառել էբենզին զտիչՆիվա ավտոմեքենա համար վաճառել էյուղ զտիչավտոմատիկ փական վաճառել էռադիատոր վաճառել էօդի ֆիլտր վաճառել ենփոխանցում տուփ յուղ էհակասառիչ հեղուկ անտիֆրիզ վաճառել եներկաթե դուռ օդափոխություն ուղի վաճառել էշարժական գույք վաճառել էշարժական գույք ՄՄՕ և նավթամթերք խառնուրդ վաճառել էշարժական գույք և վաճառել անվանումշարժական գույք տարողություն և սև մետաղ վաճառել եմ ապամոնտաժել վերելակիպահեստամասեր վաճառել ենմետաղապլաստե պատուհան և դուռ վաճառել եմ փայտե դուռ անվանել շարժական գույք պաշտպանական թիկնոց և գուլպա անվանումշարժական գույք եմ անվանումգրք վաճառել անվանումշարժական գույք վաճառել եմ անվանել շարժական գույք տեխնիկա եմ հատկապարային վաճառել անվանումշարժական գույք պահեստամաս վաճառել եմ անվանել շարժական գույք հակագազ տակառ և այլն վաճառել անվանումշարժական գույք պահեստամաս վաճառել եմ անվանումշարժական գույք եմ վարձակալություն Արարատ մարզ Արարատ քաղաք Ժորես Մկրտչյան անուն հիմնական դպրոց հարկ քմտարածք եմ վարձակալություն Երևան Ջիվան Աբրահամյան անուն հիմնական դպրոց շենք հարկ քմտարածք եմ վարձակալություն գեղարքունիք մարզ Սևան Նաիրյան փողոց հասցե գտնվել շինություն հարկ քմտարածք եմ վարձակալություն Սյունիք մարզ Սիսիա Նժդեհ փողոց թիվ տարածք հարկ քմտարածք եմ վարձակալություն Երևան Մովսես Գորգիսյան անուն հիմնական դպրոց շենք հարկ քմտարածք եմ վարձակալություն Կոտայք մարզ Բյուրեղավան հիմնական դպրոց շենք հարկ քմտարածք եմ վարձակալություն Երևան Մոնթե Մելքոնյան անուն հ հիմնական դպրոց շենք հարկ քմտարածք տրել եմ վարձակալություն Կոտայք մարզ Չարենցավան հիմնական դպրոց շենք հարկ քմտարածք տրել եմ վարձակալություն Երևան Դավթաշեն թաղամաս շենք հարկ քմտարածք հարց դեպք զանգահարել հեռախոսահամի,9,287
https://armenpress.am/hy/article/1251511,2026-05-29 15:04:00,տավարաբուծություն զարգացում խթանել նոր ծրագիր կառավարություն կսուբսիդավոր տոհմային կենդանի արժեք տոկոս,տավարաբուծություն զարգացում խթանել նպատակով կառավարություն ծրագիր եմ մեկնարկ տոհմային կենդանի ձեռքբերում դեպք պետություն հատուցել արժեք տոկոս իսկ վարկային միջոց ձեռքբերում դեպք կսուբսիդավոր նաև տոկոսադրույք ամբողջություն Արմենպրես ը փոխանցում այս մասին Ֆեյսբուք ը ինքը էջ հրապարակել տեսանյութ տեղեկանալ եմ ՀՀ էկոնոմիկա նախարար Գևորգ Պապոյան նախարար խոսք ծրագիր միտել եմ տավարաբուծություն զարգացում և գյուղացիական տնտեսություն արտադրողականություն բարձրացում լավ լուր այն քաղաքացի համար որ ցանկանալ եմ զբաղվել տավարաբուծություն տոհմային կենդանի ձեռք բերել դեպք կառավարություն կսուբսիդավոր արժեք տոկոս նշել եմ Պապոյան նա տեղեկացում վարկային միջոց ձեռքբերում դեպք կառավարություն ամբողջություն կսուբսիդավոր նաև վարկ տոկոսադրույք միաժամանակ ծրագիր շրջանակ շահառու առաջին մեկուկես տարի ընթացքում մայր գումար մարել եմ իրականանալ և այն սկսվել միայն մեկուկես տարի անց Պապոյան հայտնել եմ նաև որ ծրագիր հնարավոր լինել ձեռք բերել մեկը մինչև տոհմային կենդանի իսկ յուրաքանչյուր կենդանու համար սահմանել առավ արժեք կազմ եմ մինչև միլիոն դրամ ծրագիր թույլ եմ տալ կենդանի ձեռք բերել ինչպես Հայաստան ներքին շուկա այնպես էլ ներմուծում միջոցով,11,150
https://armenpress.am/hy/article/1251594,2026-05-31 13:34:00,Ռոբերտ Քոչարյան ներկայանալ եմ խաղաղություն ինքը պատկերացում իշխանություն գալ դեպք,Հայաստան դաշինք առաջնորդ Ռոբերտ Քոչարյան խոստանալ եմ Ադրբեջան հետ երաշխավորվել ու արժանապատիվ խաղաղություն եթե ինքը գլխավորել ուժ կարողանալ հաջողություն հասնել հունիս Հայաստան կայանալ խորհրդարանական ընտրություն Քոչարյան վստահեցնել եմ որ Ադրբեջան ինքը ղեկավարել Հայաստան վրա եմ հարձակվել ես լավ գիտել և պատերազմ գին և խաղաղություն արժեք կարող եմ վստահ լինել Ալիև ես ղեկավարել Հայաստան վրա եմ հարձակվել դա ապացուցել փաստ եմ խաղաղություն անպայման լինել երաշխավորվել արժանապատիվ խաղաղություն հայտարարել եմ Քոչարյան Հայաստան դաշինք հրապարակել քարոզչական հոլովակ մայիս մեկնարկել եմ Հայաստան հունիս կայանալ խորհրդարանական ընտրություն նախընտրական քարոզարշավ որ շարունակվել մինչև հունիս ընտրապայքար մասնակցել եմ քաղաքական ուժ դաշինք և կուսակցություն Հայաստան դաշինք խորհրդարանական ընտրություն մասնակցել եմ համար ներքո միասին կարող եմ կարգախոս դաշինք կազմ միավորվել եմ հայ հեղափոխական դաշնակցություն և առաջ կուսակցություն դաշինք ԿԸՀ եմ ներկայանալ թեկնածու բաղկանալ ցուցակ և ազգային փոքրամասնություն թեկնածու բաղկանալ ցուցակ,10,131
https://armenpress.am/hy/article/1251561,2026-05-30 11:40:00,Երևան քաղաքապետարան լսողություն խնդիր ունեցող համար թեժ գիծ եմ ներդնել,Երևան քաղաքապետարան աջակցություն հոգեկան առողջություն իրազեկում նախաձեռնություն ՀԿ և Հայաստան խուլ միավորում համատեղ մեկնարկել եմ հուզական աջակցություն թեժ գիծ ծառայություն Արմենպրես ը քաղաքապետարան աշխատակազմ լրատվություն վարչություն տեղեկանալ որ ծառայություն ժեստ լեզու և բացառապես անվճար հասանելի լինել լսողություն խնդիր ունենալ այն շահառու համար ով ունենալ հուզական աջակցություն կարիք,10,47
https://armenpress.am/hy/article/1251590,2026-05-31 11:11:00,հրդեհ բռնկմամբ ավտովթար Երևան շիրակ փողոց,ՆԳՆ օպերատիվ կառավարում կենտրոն մայիս ժամ ահազանգ եմ ստանալ որ Երևան քաղաք Շիրակ փողոց տեղ եմ ունենալ ՃՏՊ հրդեհ բռնկմամբ Արմենպրես ը փոխանցում այս մասին հաղորդագրություն եմ տարածել ՀՀ նգն փրկարար ծառայություն դեպք վայր եմ մեկնել ՆԳՆ ՓԾ Երևան քաղաք փրկարարական վարչություն հրշեջ փրկարարական ջոկատ մեկ մարտական հաշվարկ պարզել եմ որ մակնիշ ավտոմեքենա բախվել եմ էլեկտրական սյուն և բռնկվել հրդեհ մեկուսանալ եմ ժամ մարել այրվել եմ ավտոմեքենա շարժիչ հատված և սրահ առջև հատված վթար հետևանքով մեկ տուժել հոսպիտալացել եմ,6,79
https://armenpress.am/hy/article/1251563,2026-05-30 12:01:00,աջափնյակ վարչական շրջան սահմանափակվել եմ երթևեկություն,Երևան հունիս միջոցառում պայմանավորվել մայիս ժամ մինչև հունիս ժամ սահմանափակվել եմ երթևեկություն աջափնյակ վարչական շրջան Արմենպրես ը Երևան քաղաքապետարան աշխատակազմ լրատվություն վարչություն տեղեկանալ որ սահմանափակվել եմ երթևեկություն Չավուշ հրապարակ մասնավորապես բաշինջաղյան Մազմանյան և բեկնազարյան փողոց,6,35
https://armenpress.am/hy/article/1251531,2026-05-29 16:57:00,Ջերմուկ ուղղություն տեղակայվել մարտական դիրք հանձնել վերաբերյալ սուտ մատնություն կատարել անձ նկատմամբ հարուցել եմ հանրային քրեական հետապնդել,Ջերմուկ քաղաք ուղղություն տեղակայվել մարտական դիրք հանձնել վերաբերյալ սուտ մատնություն կատարել անձ նկատմամբ հարուցել եմ հանրային քրեական հետապնդել Արմենպրես ը փոխանցում այս մասին հաղորդագրություն եմ տարածել Հայաստան քննչական կոմիտե ներկայանալ մանրամաս ինչպես արդեն հայտնել եմ ՀՀ քննչական կոմիտե զինվորական քննչական գլխավոր վարչություն Ջերմուկ քաղաք ուղղություն տեղակայվել մարտական դիրք հանձնել վերաբերյալ սուտ մատնություն և սուտ մատնություն կազմակերպել դեպք առթիվ իրականանալ եմ նախաքննություն նախաքննություն ընթացքում նկատմամբ հարուցել եմ հանրային քրեական հետապնդել քրեական օրենսգիրք հոդված մաս սուտ մատնություն ներկայանալ մեղադրանք ը ինքը լիովին մեղավոր եմ ճանաչել զղջալ Ջերմուկ ուղղություն տեղակայվել մարտական դիրք իբր հակառակորդ հանձնել վերաբերյալ սուտ տեղեկություն հայտնել համար պատճառաբանել որ գտնվել ոչ սթափ վիճակ մասնակցել եմ Կ կողմից կազմակերպել հավաք որտեղ հանդիպել եմ ով տեղեկանալ լինել ինքը սոցիալական խնդիր մասին անմիջապես թվական մայիս կազմակերպել եմ լրագրող հետ հարցազրույց նշել եմ նաև որ ավելի վաղ թվական ապրիլ մինչև մայիս որպես դիտորդ մարտական հերթապահություն եմ ստանձնել Ջերմուկ զորամաս մարտական դիրք մարտական հերթապահություն օր գտնվել եմ սթափ վիճակ նշել եմ հաղորդագրություն մեջ նախաքննություն շարունակվել եմ ծանուցում հանցագործություն համար մեղադրվող համարել եմ անմեղ քանի դեռ նա մեղավորություն ապացուցել եմ քրեական դատավարություն օրենսգիրք սահմանել կարգ դատարան օրինական ուժ մեջ մտնել դատավճռ,17,185
https://armenpress.am/hy/article/1251517,2026-05-29 16:00:00,դատախազ դատարան եմ հանձնել Շողակաթ համայնք ղեկավար և կառուցապատող վերաբերյալ քրեական վարույթ նյութ,դատախազ հաստատել մեղադրական եզրակացություն հակակոռուպցիոն դատարան եմ հանձնել գեղարքունիք մարզ Շողակաթ համայնք ղեկավար սուրբ շ ը և կապավոր սպ ընկերություն տնօրեն խորհուրդ նախագահ կառուցապատող անհատական Հ ը վերաբերյալ քրեական վարույթ նյութ քրեական վարույթ պարզել եմ որ Հ ը նպատակ ունենալ գեղարքունիք մարզ Շողակաթ համայնք դրախտիկ բնակավայր փողոց թիվ և հասցե կառուցել անհատական հանգիստ գոտի առանց սահմանել փաստաթուղթ իրականանալ եմ շինարարական աշխատանք բացի այդ Հ օժանդակել եմ Շողակաթ համայնք ղեկավար սուրբ շ ը կողմից պաշտոնեական լիազորություն չարաշահել և պաշտոնեական կեղծիք կատարել ինչպես նաև թվական հունիս օգտագործել եմ կեղծ փաստաթուղթ Արմենպրես ը փոխանցում նշել եմ դատախազություն տարածել հաղորդագրություն մեջ գեղարքունիք մարզ Շողակաթ համայնք ղեկավար սուրբ շ ը Հ օժանդակություն թվական մարտ չարաշահել եմ պաշտոնեական լիազորություն սուրբ շ արաք դրսևորվել եմ հետևյալ առանց շինարարություն թույլտվություն բնություն հատուկ պահպանել տարածք անհատական հանգիստ գոտի կառուցում աշխատանք ընթացքում լիազորվել լինել կանխարգել և կասել ինքնակամ շինարարություն ինչպես նաև ապահովել դա հետևանք վերացում դիտավորություն եմ կատարել ինքը ծառայողական պարտականություն միջոց եմ ձեռնարկել հողամաս ինքնակամ զավթում շենք և շինություն ինքնակամ կառուցում կանխարգել և կասել ինչպես նաև ինքնակամ շինարարություն իրականանալ անհատական Հ ը նկատմամբ օրենք նախատեսել վարչական պատասխանատվություն միջոց կիրառել ուղղություն սուրբ մեղադրանք եմ առաջադրել նաև պաշտոնեական կեղծիք կատարել համար Սևան ափամերձ տարածք կառուցել առանձնատ վերաբերյալ դատախազություն կողմից դատարան ներկայանալ պետշահերիհայցիթ եմ նաև կապավոր սպ ընկերություն տնօրեն խորհուրդ նախագահ Հ ը կողմից ապօրի կառուցել Սևան այս առանձնատան հայց,13,218
https://armenpress.am/hy/article/1251472,2026-05-29 11:28:00,Գյումրիում վերակառուցվել ճանապարհ և արդիականանալ փողոցային լուսավորություն,ՀՀ կառավարություն միլիոն հազար դրամ եմ հատկացնել Գյումրի քաղաքային ճանապարհ տեխնիկական համագործակցություն դրամաշնորհային ծրագիր իրականացում համար ինչպես Արմենպրես ը տեղեկանալ Շիրակ մարզպետ աշխատակազմ կառավարություն որոշում վերակառուցում և զարգացում եվրոպական բանկ ՎԶԵԲ աջակցություն իրականանալ եմ Գյումրի քաղաքային ճանապարհ տեխնիկական համագործակցություն դրամաշնորհային ծրագիր այդ նպատակով նախատեսվել եմ միլիոն հազար դրամ հատկացնել միջոց կուղղել Գյումրի ճանապարհ վերակառուցում և փողոցային լուսավորություն արդիականացում աշխատանք խորհրդատվական աջակցություն տրամադրել եվս միլիոն հազար դրամ գումար էլ հատկացնել անմիջականորեն Գյումրի ճանապարհ վերակառուցում և փողոցային լուսավորություն արդիականացում աշխատանք իրականացում,7,79
https://armenpress.am/hy/article/1251524,2026-05-29 16:24:00,ԵԱՏՄ չորս երկիր ղեկավար հայտարարություն փոխանցել եմ Մհեր Գրիգորյան,ԵԱՏՄ անդամ չորս երկիր ղեկավար աստանա կայանալ գագաթնաժողով ընթացքում հայտարարություն եմ ընդունել և այն փոխանցել Հայաստան փոխվարչապետ Մհեր Գրիգորյան ինչպես տեղեկանալ եմ Արմենպրես ը վկայակոչել ՏԱՍՍ այս մասին լրագրող հայտնել եմ Ռուսաստան նախագահ օգնական Յուրի Ուշակով նա խոսք հանդիպում ընթացքում քննարկել եմ Հայաստան դիրքորոշում շուրջ ստեղծվել իրավիճակ ընդունվել եմ չորս ղեկավար հայտարարություն ասել եմ ուշակով Հայաստան փոխվարչապետ եմ փոխանցել Ռուսաստան նախագահ Վլադիմիր Պուտին Բելառուս նախագահ Ալեքսանդր Լուկաշենկոյի Ղազախստան նախագահ Կասիմ Ժոմարտ Տոկաև և Ղրղզստան նախագահ Սադիր Ժապարով լրագրող հարց թե արդյոք Մհեր Գրիգորյան այդ փաստաթուղթ տանել Երևան ուշակով դրական եմ պատասխանել աստանա մայիս կայանալ եմ եվրասիական տնտեսական բարձր խորհուրդ նիստ Հայաստան վարչապետ Նիկոլ Փաշինյան նիստ եմ մասնակցել իսկ Հայաստան ներկայանալ եմ փոխվարչապետ Մհեր Գրիգորյան Ռուսաստան փոխվարչապետ ալեքսեյ Օվերչուկ հայտարարել եմ որ ԵԱՏՄ բարձր խորհուրդ նիստ քննարկել եմ Հայաստան կարգավիճակ հարց իսկ Հայաստան վարչապետ Նիկոլ Փաշինյան վստահեցնել եմ որ Հայաստան եմ պատրաստվել դուրս գալ ԵԱՏՄ և շարունակել եմ աշխատել միության շրջանակ պաշտպանել ինքը տնտեսական շահ,9,154
https://armenpress.am/hy/article/1251497,2026-05-29 13:35:00,միասնություն թև ը քարոզարշավ եմ իրականանալ մայրաքաղաք Զեյթուն վարչական շրջան,միասնություն թև կուսակցություն ներկայացուցիչ Հայաստան կայանալ խորհրդարանական ընտրություն նախընտրական քարոզարշավ շրջանակ մայիս զեյթուն վարչական շրջան եմ Արմենպրես ը հաղորդում կուսակցություն նախընտրական ցուցակ առաջին համար Արման Թաթոյան քաղաքացի հետ հանդիպում նշել եմ որ հանձնառու եմ լինել Հայաստան իրավունք պաշտպան թող բոլորը իմանալ որ Հայաստան պատասխան տալ ունեմ և ով հանկարծ փորձել Հայաստան քաղաքացի իրավունք խաթիր կպնել պետք եմ պատասխան ստանալ մենք պետք եմ ապրել նվաստանալ և մենք պետք եմ ասել ինչ անել այլ մենք բոլորը պետք եմ համախմբվել թև թև տալ ասել եմ նա իցմեկնարկելէունի ը ը հայաստանումկայանալի քխորհրդարանականընտրություններինախընտրականքարոզարշավը ը ընտրություն ը արմանթաթոյանիգլխավորած միասնությանթևեր րդ կուսակցություն նմասնակցում արդարություն գալիսէ կարգախոս,10,99
https://armenpress.am/hy/article/1251482,2026-05-29 12:29:00,Ռուսաստան Հայաստան Ադրբեջան տարածք տեղափոխվել եմ տոննա հացահատիկ և տոննա պարարտանյութ,Ռուսաստան Ադրբեջան միջոցով Հայաստան եմ ուղարկվել ևս մեկ տարանցիկ բեռ ինչպես հաղորդել եմ Արմենպրես ը վկայակոչել գործակալություն մայիս Հայաստան եմ ուղարկվել հացահատիկ լի չորս վագ ընդհանուր առում տոննա և տոննա պարարտանյութ լի չորս վագ մինչ օրս Ռուսաստան տարանցիկ ճանապարհ տեղափոխվել եմ ավելի քան տոննա հացահատիկ ավելի քան տոննա պարարտանյութ տոննա ալյում և տոննա հնդկաձավար տարանցիկ բեռնափոխադրում բացի Ադրբեջան նաև նավթամթերք եմ արտահանում Հայաստան մինչ օրս Ադրբեջան Հայաստան եմ արտահանել ավելի քան տոննա դիզելային վառելիք տոննա բենզ և տոննա բենզ,11,79
https://armenpress.am/hy/article/1251514,2026-05-29 15:48:00,Հայաստան մտադիր եմ շարունակել բարեխղճորեն մասնակցել ԵԱՏՄ աշխատանք Մհեր Գրիգորյան,Հայաստան մտադիր եմ շարունակել բարեխղճորեն մասնակցել Եվրասիական տնտեսական միություն աշխատանք հիմնվել փոխադարձ հարգանք հավասար գործընկերություն և անդամ պետություն ազգային շահ հաշիվ առնել սկզբունք վրա Արմենպրես ը հաղորդում աստանա կայանալ եվրասիական տնտեսական բարձր խորհուրդ նիստ այս մասին հայտարարել եմ Հայաստան փոխվարչապետ Մհեր Գրիգորյան ելույթ ընթացքում Գրիգորյան շնորհակալություն եմ հայտնել Ղազախստան նախագահ Կասիմ Ժոմարտ Տոկաևին հյուրընկալություն և միջոցառում բարձր մակարդակ կազմակերպում համար ցանկանալ բոլոր ներկա մաղթել հաջողություն արդյունավետ և կառուցողական համատեղ աշխատանք ինչպես նաև վստահություն հայտնել մենք պետություն և քաղաքացի շահ բխել եվրասիական ինտեգրում հետագա զարգացում վերաբերյալ ասել եմ Գրիգորյան փոխվարչապետ ընդգծել եմ որ Հայաստան բազմիցս վերահաստատել եմ ինքը հավատարմություն ԵԱՏՄ շրջանակ փոխշահավետ համագործակցություն ի շահ անդամ երկիր տնտեսական կայունություն և տնտեսական զարգացում ապահովում Հայաստան հանրապետություն մտադիր եմ շարունակել բարեխղճորեն մասնակցել միության աշխատանք հիմնվել փոխադարձ հարգանք հավասար գործընկերություն և ԵԱՏՄ բոլոր անդամ պետություն ազգային շահ հաշիվ առնել սկզբունք վրա նշել եմ նա Գրիգորյան հատուկ կարևորել եմ նաև բարձրագույն տնտեսական խորհուրդ նիստ զուգահեռ ընթանալ եվրասիական տնտեսական ֆորում օրակարգ ընդգրկել արհեստական բանականություն թեմ ընդգծել որ դա զարգացում ու ներդրում դառնալ եմ երկիր տնտեսություն մրցունակություն բարձրացում և տեխնոլոգիական ինքնիշխանություն ամրապնդում առանցքային գործոն նա խոսք ԵԱՏՄ շրջանակ արհեստական բանականություն պատասխանատու զարգացում վերաբերյալ համատեղ հայտարարություն կարևոր քայլ եմ արհեստական բանականություն ոլորտ անդամ պետություն միջև համագործակցություն համաձայնել մոտեցում և արդյունավետ մեխանիզմ ձևավորում ուղղություն փոխվարչապետ նշել եմ նաև որ ծառայություն առևտուր ազատականացում շարունակել եմ մնալ ԵԱՏՄ տնտեսական ինտեգրում խորացում հիմնական շարժիչ ուժ մեկը միաժամանակ նա խոսք ազգային կարգավորում որոշ ասպեկտ դեռևս գործնական համաձայնեցում կարիք ունեմ ինչ լրացուցիչ հնարավորություն ստեղծել անդամ պետություն համագործակցություն ամրապնդում կարգավորել մեխանիզմ կանխատեսելիություն և թափանցիկություն բարձրացում ինչպես նաև բիզնես համար ավելի բարենպաստ պայման ձևավորում համար Գրիգորյան ընդգծել եմ նաև երրորդ երկիր հետ առևտրատնտեսական կապ դիվերսիֆիկացում կարևորություն անհրաժեշտ եմ նշել գործել ազատ առևտուր համաձայնագիր արդյունավետ և լիարժեք իրականացում ինչպես նաև նոր համաձայնագիր շուրջ բանակցություն առաջմղում առանձնահատուկ նշանակություն ասել եմ նա փոխվարչապետ խոսք այդ ուղղություն զարգացում առանցքային գործոն մեկը տրանսպորտային կապ դիվերսիֆիկացում եմ որ զգալի խթան հաղորդել ապրանքաշրջանառություն աճ Գրիգորյան կարևորել եմ նաև ագրոարդյունաբերական համալիր ոլորտ համագործակցություն զարգացում և ողջունել եմ ագրոարդյունաբերական ոլորտ վրա կոոպերացիոն նախագիծ ֆինանսական աջակցություն մեխանիզմ տարածում վերաբերյալ արձանագրություն ստորագրում նա համոզմամբ այդ քայլ նպաստել համագործակցություն ընդլայնում և միության շրջանակ պարենալ անվտանգություն ամրապնդում,10,348
https://armenpress.am/hy/article/1251533,2026-05-29 17:00:00,երևանյան դառնալ հետաքրքիր գաղափար և նախագիծ ներկայացում կարևոր հարթակ,Երևան ավարտվել միջազգային աստղագիտական միություն նախաձեռնալ աստղագիտություն հանրայնացում քառօրյա համաժողով որ առկա և հեռավար ձևաչափ մասնակցել երկիր պատվիրակ ամփոփել համաժողով աշխատանք Բյուրական աստղադիտարան տնօրեն Արեգ Միքայելյան Արմենպրես ը թղթակց հայտնել որ միջոցառում ծառայել գլխավոր նպատակ դառնալ հետաքրքիր գաղափար և հեռանկարային նախագիծ քննարկում և փորձել փոխանակում հարթակ նպաստել տարբեր երկիր ներկայացուցիչ միջև շփում և հետագա հնարավոր համագործակցություն վերաբերյալ նախնական պայմանավորվածություն ձեռքբերման ըստ նա շատ եմ նաև բազմաբնույթ տեղեկատվություն հագենալ և հարուստ բովանդակություն ունենալ զեկույց անձամբ ինքը տարբեր հարց եմ քննարկել շուրջ երկիր ներկայացուցիչ հետ հնչել եմ նաև բազմաբնույթ համագործակցություն առաջարկ փոխանցել եմ արտասահման կայանալ համաժողով և գիտաժողով մասնակցություն հրավեր մի խոսք ձևավորվել եմ գործընկերային լավ կապ իհարկե ունեմ նաև նախնական պայմանավորվածություն որ մասին առայժմ եմ բարձրաձայնել կանդրադառնալ միայն դա շուրջ զարգացում լինել դեպքում ուզել եմ հիշել որ երևանյան համաժողով առկա ձևաչափ մասնակցել եմ երկիր պատվիրակ նշել Արեգ Միքայելյան միջազգային աստղագիտական միություն գործադիր կոմիտե աստղագիտություն հավասարություն և ներառականություն աշխատանքային խումբ նախագահ Կելլ Բլումենտալ Արմենպրես ը հետ զրույց երևանյան համաժողով կարևորել հատկապես մասնագիտական շփում և տեղեկատվություն փոխանակում տեսանկյուն արձանագրել նաև գիտական ուսումնասիրություն վերաբերյալ հետաքրքրություն աճ համաժողով Բյուրական աստղադիտարան հիմնադրում նվիրվել խոշոր միջոցառում առաջին եմ տարբեր իրադարձություն հագենալ եմ լինել տարի երկրորդ կիսամյակ առանձնահատուկ նշանակություն եմ ունենալ մենք անկայուն տիեզերք խորագիր միջազգային գիտաժողով սեպտեմբեր և տարածաշրջանային աստղագիտական աշխատաժողով սեպտեմբեր,9,205
https://armenpress.am/hy/article/1251483,2026-05-29 12:22:00,Սոթքում թվական սոցիալական տնտեսական նշանակություն ծրագիր եմ իրականանալ,գեղարքունիք մարզ Վարդեն համայնք Սոթք գյուղ սուբվենցիոն և պետական ծրագիր շրջանակ թվական ընթացքում սոցիալական տնտեսական և կենսական նշանակություն ծրագիր եմ իրականանալ որ ուղղություն կատարել կապիտալ ներդրում կազմել եմ միլիարդ միլիոն հազար դրամ ինչպես Արմենպրես ը տեղեկանալ Վարդենիս համայնքապետարան աշխատակազմ իրականանալ ծրագիր սուբվենցիոն եմ միլիոն հազար դրամ ընդհանուր արժեք և պետական միլիարդ միլիոն հազար դրամ ընդհանուր արժեք իրականանալ ծրագիր արդյունք թվական Սոթքում կառուցել եմ մետր խմել մետր ոռոգում ներքին ու արտաքին ջրատար ցանց մետր արտաքին լուսավորություն ցանց գծամետր գազատար ցանց առանձնատուն վերանորոգվել ադրբեջանական ագրեսիա հետևանքով վնասել բնակարան հիմնանորոգվել գծամետր ներհամայնքային նշանակություն ճանապարհ Հայաստան հանրապետություն բնակավայր ընտանիք բնակարանային մատչելիություն ապահովում պետական ծրագիր շրջանակ թվական ընթացք մեջ եմ նորակառույց բնակարան շինարարական աշխատանք միլիարդ միլիոն դրամ ներդրում նորակառույց բնակարան տոկոս արդեն պատրաստ եմ շահագործում Ադրբեջան զինուժ ձեռնարկել ագրեսիա հետևանքով հիմնով քանդել բնակարան հիմք կառուցել ու շահագործվել եմ թվական դեկտեմբեր պետբյուջե միջոց հաշվին այդ բնակարան կառուցում ու հրետակոծություն հետևանքով վնասել բնակարան վերանորոգում համար պետբյուջե հատկացվել եմ միլիոն դրամ նշել Վարդենիս համայնքապետարան աշխատակազմ,8,157
https://armenpress.am/hy/article/1251479,2026-05-29 12:07:00,գավառ անցկացնել եմ մարզ երիտասարդ Օպերա երգիչ համերգային ծրագիր,գեղարքունիք մարզկենտրոն գավառ քաղաք անցկացնել եմ մարզ երիտասարդ Օպերա երգիչ համերգային ծրագիր ինչպես Արմենպրես ը տեղեկանալ գեղարքունիք մարզպետ աշխատակազմ ԿՄՍ վարչություն տաղանդավոր երիտասարդ զարգացում հիմնադրամ ը նախաձեռնություն և ՀՀ կրթություն գիտություն մշակույթ և սպորտ նախարարություն աջակցություն շուրջ տասը տարի ՀՀ մարզ կազմակերպել եմ մարզ երիտասարդ Օպերա երգիչ համերգային ծրագիր հերթական համերգային ծրագիր անցկացնել եմ գավառ հայրապետ Խաչատրյան անուն արվեստ դպրոց համերգասրահ համերգային ծրագիր առաջ Ալ Սպենդիարյան անուն ազգային ակադեմիական թատրոն առաջատար մեներգչուհ Օֆելյա Համբարձումյան կողմից գեղարքունիք մարզ արվեստ և երաժշտական դպրոց վոկալ դասատու և վոկալային լավ տվյալ ունենալ սան համար անցկացնել եմ վարպետաց դաս որ հաջորդել եմ համերգային ծրագիր նվիրվել հայ անվանի Օպերա երգիչ բեմադրիչ լիտվա վաստակավոր արտիստ Գեղամ Գրիգորյան հոբելյանի և ալ Սպենդիարյան անուն Օպերա և բալետ ազգային ակադեմիական թատրոն երիտասարդական Օպերա ծրագիր հիմնադրում տարեդարձ գավառ կայանալ համերգային ծրագիր ընթացքում հանդես եմ գալ Ալ Սպենդիարյան անուն Օպերա և բալետ ազգային ակադեմիական թատրոն երիտասարդական Օպերա ծրագիր մասնակից Արփի Սինանյան սոպրանո Կառլեն Գալստյան կոնտրտենոր Անահիտ Մարտիրոսյան սոպրանո Գայանե Հովհաննիսյան սոպրանո Արման Գրիգորյան բարիտոն Ռոզի Խոլյունց սոպրանո Մերի Օհանյան մեցցոսոպրանո Հայկ Փոդրատչյան բարիտոն և ծրագիր շրջանավարտ Օֆելյա Համբարձումյան ծրագիր ղեկավար եմ Լևոն Ջավադյան կոնցերտմայստ դաշնակահար Լիլիթ Աբովյան եմ Համերգին հնչել եմ հայ և արևմտաեվրոպական կոմպոզիտոր ստեղծագործություն վարպետաց դաս և համերգային ծրագիր իրականացում աջակցել եմ Գավառ համայնքապետարան և ՀՀ գեղարքունիք մարզպետ աշխատակազմ ԿՄՍ վարչություն,9,211
https://armenpress.am/hy/article/1251450,2026-05-29 10:00:00,աստղագիտական կրթություն աստղագիտական օրակարգ բազմաբնույթ եմ,Երևան ընթանալ միջազգային աստղագիտական միություն աստղագիտություն հանրայնացում միջազգային համաժողով հագենալ եմ հետաքրքիր և ուշագրավ զեկույց բանախոս ներկայանալ գաղափար առաջարկ և ուսումնասիրություն արդյունք արժեքավորություն մասին եմ վկայել դա շուրջ ծավալվել աշխույժ քննարկում համաժողով օրակարգ այնքան խիտ եմ որ երբեմն միաժամանակ երեք ելույթ եմ ներկայանալ անցկացում վայրի տարբեր դահլիճ առկա և հեռավար ձևաչափ դա ավարտ հեղինակ համբերատար և հնարավորինս մանրամաս անդրադառնալ եմ ունկնդիր հարց զեկույց հեղինակ մի քանիսը հետ զրուցել եմ Արմենպրես ը թղթակից միջազգային աստղագիտական միություն աստվեր անվանակոչում աշխատանքային խումբ նախագահ Բեռլին ազատ համալսարան հնագույն ժամանակ գիտելիք պատմություն ինստիտուտ գիտաշխատել աստղաֆիզիկոսՍյուզաննա հոֆմանընշեց որ գիտական աշխատանք զուգահեռ ակտիվորեն ներգրավել եմ պլանետարիում և թանգարանային ցուցադրում կազմակերպում խորհրդատվություն եմ տրամադրել ցուցադրություն պլանետարիումային նախագիծ աստղագիտություն տարբեր թեմա շուրջ որ վերաբերել եմ թե պատմական հարց թե ժամանակակից աստղաֆիզիկա իրականանալ եմ կրթական տարբեր նախագիծ ժամանակին մասնակցել եմ տիեզերագիտական և աստղագիտական ճամբար հիմնում և կազմակերպում իսկ այժմ այդ հարց խորհուրդ օգնել եմ երիտասարդ ներկայանալ նա Սյուզաննա Հոֆման հետազոտություն նվիրվել եմ մշակութային աստղագիտություն նա մասնագիտանալ եմ հունա բաբելոնական աստղագիտություն և մաթեմատիկա ոլորտ բայց նաև ուսումնասիրել եմ եվրասիական այլ մշակույթ աստղագիտություն նվիրվել նյութ դասավանդել եմ աստղագիտություն ինֆորմատիկա և գիտություն պատմություն պատասխանել աստվեր անվանակոչում գործընթաց մանրամաս և աստվեր այդ թիվ հայկական անուն և անվանում շնորհել հնարավորություն վերաբերյալ մենք հարց Սյուզաննա Հոֆման ասել գործել կարգ համաձայն անզեն աչք տեսանելի բոլոր աստվեր կարող եմ անվանակոչել Երկիր մոլորակ տարբեր ժողովուրդ առնչվել անուն ընտրել եմ հնագույն մշակույթ վերցնել անվանում որ կարող եմ հաստատել միայն մանրամաս ուսումնասիրվել և գիտական տարբեր աղբյուր հիմնավորվել հետո շուրջ հազար այդպիսի աստղ կամ մինչև վերջ ընդամենը աստղ ունեմ անվանել իսկ հիմա դա քանակ հասնել եմ մոտ ավելի թույլ տեսանելիություն աստվեր կարող եմ անվանակոչել պատահական ընտրություն որոշել անվանում միջազգային աստղագիտական միություն երբեմն նույնիսկ նախաձեռնալ եմ անվանակոչում արշավ հանրություն առաջարկել տարբերակ ներկայանալ դա թիվ կարող եմ լինել օրինակ որևէ լեզու օգտագործել շնորհակալություն բառ միջազգային աստղագիտական միություն ողջունել եմ անվանակոչություն առաջարկ կազմակերպություն ծանոթանալ եմ դա վերաբերյալ հանրություն կարծիք ստուգել եմ առաջարկ համապատասխանություն ուղեցույց և հստակեցնել արդյոք այդ անվանում արդեն շնորհել եմ օրինակ որևէ աստերոիդ միայն այս բոլոր ընթացակարգ հետո եմ որոշել կայանալ տվյալ անվանում վերաբերյալ Փարիզ կառավարում դպրոց ռազմավարություն ձեռներեցություն և միջազգային բիզնես ամբիոն պրոֆեսորՔրիստոֆեր Ուիլյամս անդրադառնալ ինքը մասնագիտացում ոլորտ նշել որ այն ընդհանուր առում առնչվել եմ ընկերություն գործունեություն և նա միջև մրցակցություն ծավալում առանձնահատկություն ուսումնասիրություն մենք նաև ուսումնասիրել եմ առաջնորդություն ռազմավարություն կազմակերպություն կառուցվածք ու կառավարում այս համաժողով մասնակցություն պայմանավորվել եմ այն հանգամանք որ հետազոտություն շրջանակ ուսումնասիրել եմ թե ինչպես եմ մրցակցել և համագործակցել աստղագետ օրինակ և տիեզերական աստղադիտակ աշխատել աստղագետ սակայն ես նաև հետաքրքրել եմ թե ինչպես եմ աստղագետ հաղորդակցվել հանրություն հետ ես դիտարկում ներկա իրականանալ բազմաթիվ նախաձեռնություն չափազանց ձեռնարկատիրական բնույթ ունեմ իսկ ձեռնարկատիրություն հենց մենք ուսումնասիրություն ոլորտ եմ կարծել եմ հետաքրքիր կապ և հատում կետ կամ աստղագիտություն ոլորտ և այն աշխատանք միջև որ իրականանալ եմ բիզնես դպրոց ավելի հարմար բնորոշում բացակայություն պայման դա կարող եմ անվանել աստղագիտական բիզնես ես ընկալմամ աստղագիտություն ու ձեռներեցություն մեծ տարբերություն հանդերձ նաև փոխգործակցություն հնարավորություն ունեմ ըստ այդմ կարծել եմ որ բիզնես դպրոց պետք եմ ավելի սերտ համագործակցել աստղագետ հետ այս ուղղություն թերևս հնարավոր համագործակցություն սկզբնական փուլ եմ եզրափակել Քրիստոֆեր Ուիլյամս,6,493
https://armenpress.am/hy/article/1251473,2026-05-29 11:38:00,գեղարքունիք հայտնի եմ ՀՀ վարչապետ գավաթ խճուղային հեծանվավազք մարզային փուլ հաղթող,գեղարքունիք մարզ անցկացնել եմ ՀՀ վարչապետ գավաթ խճուղային հեծանվավազք սիրողական մրցաշար մարզային փուլ ինչպես Արմենպրես ը տեղեկանալ գեղարքունիք մարզպետ աշխատակազմ ԿՄՍ վարչություն այն անցկացնել եմ Շողակաթ համայնք մինչև ծովագյուղ երկաթուղային կայարան կմ երթուղ երկու տարիքային խումբ մասնակցել եմ մարզ առաջին տարիքային խումբ հանդես գալ թիմ կազմ ընդգրկվել եմ նույն դպրոց դասարան սովորող տղա և աղջիկ իսկ երկրորդ տարիքային խումբ դասարան սովորող տղա աղջիկ տարիքային խումբ տեղ գրավել եմ Սևան անուն թիվ հիմնական դպրոց թիմ տեղ զբաղեցնել եմ գետիկ միջնակարգ դպրոց թիմ տեղ լուսակունք միջնակարգ դպրոց թիմ տարիքային խումբ տեղ զբաղեցնել եմ Լճաշեն Գրիգորյան անուն միջնակարգ դպրոց թիմ տեղ զբաղեցնել եմ ծովազարդ միջնակարգ դպրոց թիմ տեղ լուսակունք միջնակարգ դպրոց թիմ Մարզայի փուլ բոլոր հաղթող հավաքական թիմ պարգևատրվել եմ հավաստագիր և գավաթ տարիքային խումբ տեղ գրավել Սևան մ մՄաշտոց անուն հիմնական դպրոց և Լճաշեն Գրիգորյան անուն միջնակարգ դպրոց հավաքական թիմ մասնակցել ՀՀ վարչապետ գավաթ խճուղային հեծանվավազք հանրապետական փուլ,11,146
https://armenpress.am/hy/article/1251458,2026-05-29 10:11:00,ԿԸՀ սահմանել եմ քվեաթերթիկ նմուշ,Հայաստան կենտրոնական ընտրական հանձնաժողով մայիս արտահերթ նիստ սահմանել եմ ազգային ժողով թվական հունիս հերթական ընտրություն մասնակից կուսակցություն և դաշինք քվեաթերթիկ նմուշ Արմենպրես ը փոխանցում կենտրոնական ընտրական հանձնաժողով այդ մասին հաղորդագրություն եմ տարածել կուսակցություն լիազոր ներկայացուցիչ ըստ ցանկություն ստորագրել եմ նմուշ վրա մայիս սկսվել եմ քվեաթերթիկ տպագրություն տպագրություն հետևել ցանկանալ քաղաքական ուժ զեՄ դիտորդ ներկայացուցիչ պետք եմ նախապես դիմել ԿԸՀ հանձնաժողով սահմանել եմ նաև ԱԺ հերթական ընտրություն քրեակատարողական հիմնարկ քվեարկություն սկիզբ Երևան կենտրոն ՔԿՀ տեղամաս քվեարկություն սկիզբ Նուբարաշեն ՔԿՀ տեղամաս քվեարկություն սկիզբ Վարդաշեն ՔԿՀ տեղամաս քվեարկություն սկիզբ Արմավիր ՔԿՀ տեղամաս քվեարկություն սկիզբ Վանաձոր ՔԿՀ տեղամաս քվեարկություն սկիզբ Սևան ՔԿՀ տեղամաս քվեարկություն սկիզբ Աբովյան ՔԿՀ տեղամաս քվեարկություն սկիզբ Արթիկ ՔԿՀ տեղամաս քվեարկություն սկիզբ Գորիս ՔԿՀ տեղամաս քվեարկություն սկիզբ վերոնշյալ բոլոր ձևավորվել եմ տեղամասային ընտրական հանձնաժողով քվեարկություն ավարտել եմ ընտրական իրավունք ունեմ դիտավորություն կատարել ծանր և առանձնապես ծանր հանցանք համար օրինական ուժ մեջ մտնել դատավճռ դատապարտվել և պատիժ կրել անձինք,5,147
https://armenpress.am/hy/article/1251490,2026-05-29 12:55:00,վերջին շրջան ընտանեկան բռնություն դեպք ոստիկանություն դիմում աճ եմ արձանագրել Արփինե Սարգսյան,ընտանեկան բռնություն կանխարգելում ոլորտ առկա խնդիր արձագանքում համակարգ արդյունավետություն և զոհակենտրոն մոտեցում զարգացում անհրաժեշտություն եմ քննարկել պետական կառույց միջազգային կազմակերպություն և հասարակական հատված ներկայացուցիչ նգ նախարարություն կայանալ աշխատանքային հանդիպում ընթացքում մասնակից կարևորել եմ ոչ միայն իրավական մեխանիզմ կատարելագործում այլև մասնագիտական համագործակցություն հոգեբանական աջակցություն և հանրային վստահություն ամրապնդում Արմենպրես ը հաղորդում այս մասին տեսանյութ եմ հրապարակվել ՀՀ ներքին գործ նախարարություն Ֆեյսբուք ը էջ որտեղ նշել եմ որ մայիս նգ նախարար Արփինե Սարգսյան աշխատանքային նախաճաշ ձևաչափ հանդիպել եմ ընտանեկան բռնություն կանխարգելում ոլորտ գործունեություն ծավալել հասարակական կազմակերպություն ներկայացուցիչ հետ հանդիպում կազմակերպվել եմ ՄԱԿ բնակչություն հիմնադրամ աջակցություն քննարկում մասնակցել եմ նաև աշխատանք և սոցիալական հարց նախարար տեղակալ Տաթևիկ Ստեփանյան ՄԱԿ բնակչություն հիմնադրամ հայաստանյան գրասենյակ ղեկավար Լուսինե Սարգսյան ՅուրԻսԵՖ ներկայացուցիչ Սիլվիա Մեստրոն ինչպես նաև նգ նախարարություն ներկայացուցիչ օրակարգ լինել եմ ընտանեկան բռնություն կանխարգելում արդյունավետ մեխանիզմ աջակցություն համակարգ կատարելագործում ինչպես նաև միջգերատեսչական և միջազգային համագործակցություն զարգացում ուղի անդրադարձ եմ կատարել ոլորտ արձանագրել արդյունք առկա խնդիր և թիրախային լուծում մշակում հնարավորություն Արփինե Սարգսյան նշել եմ որ վերջին շրջան ընտանեկան բռնություն դեպք ոստիկանություն դիմում աճ եմ արձանագրել ինչ նա գնահատում վկայել եմ համակարգ նկատմամբ հանրային վստահություն բարձրացում մասին իրավական բոլոր գործընթաց կարող եմ կատարել լինել պատշաճ ձև սակայն երբ փորձել եմ հասկանալ բովանդակային արձագանք զոհ տեսանկյուն արդյոք ճիշտ ժամանակին և ճիշտ տրամաբանություն եմ տրել հասկանալ եմ որ դեռևս անելիք ունեմ ասել եմ նախարար նա խոսք կարևոր նշանակություն ունեմ նաև ՄԱԿ բնակչություն հիմնադրամ աջակցություն օպերատիվ կառավարում կենտրոն ահազանգում համակարգ հավելված ինտեգրում Սարգսյան նշել եմ որ ոստիկանություն այդ հարթակ միջոցով զգալի թիվ ահազանգ եմ ստանալ ինչ ցույց եմ տալ որ քաղաքացի հավելված ընկալել եմ որպես պետություն հետ կապ հաստատել հասանելի և վստահելի միջոց ՄԱԿ բնակչություն հիմնադրամ հայաստանյան գրասենյակ ղեկավար Լուսինե Սարգսյան խոսք հանրային դառնալ բազմաթիվ դեպք հետո մարդ խոստովանել եմ որ երկար տարի տեղեկանալ եմ լինել բռնություն մասին սակայն եմ դիմել համապատասխան կառույց պետք եմ հասնել նա որ մարդ ով իսկապես տեղեկություն ունեմ դեպք մասին դիմել սոցիալական ծառայություն և իրավապահ մարմին նշել եմ նա սոցիալական արդարություն հկ ներկայացուցիչ Գայանե Հովակիմյան ընդգծել եմ որ հասարակություն նկատելի եմ մտածողություն փոփոխություն եթե նախկին թեման տաբ եմ այսօր մարդ արդեն ասել եմ խնդիր կամ բայց արձագանք արդյունավետ եմ սա արդեն գիտակցություն որակական փոփոխություն եմ ասել եմ նա աշխատանք և սոցիալական հարց նախարար տեղակալ Տաթևիկ Ստեփանյան խոսք նգ նախարարություն հետ համագործակցություն արդյունք արդեն իսկ արձանագրել եմ դրական տեղաշարժ նա ընդգծել եմ որ թեև Հայաստան օրենսդրություն ոլորտ բավական առաջադեմ եմ անհրաժեշտ եմ շարունակաբար կատարելագործել կիրառական պրակտիկան մասնագիտական ուղղորդում ու հաղորդակցություն մարդ իրավունք պաշտպանություն միջազգային փորձագետ Դավիթ Թումասյան էլ նշել եմ որ միջազգային գնահատական Հայաստան հաճախ ավելի զարգանալ օրենսդրություն ունեմ քան դա կիրառում պրակտիկան խնդիր երբեմն ոչ թե առանձին մասնագետ աշխատանք այլ համակարգային կապ բացակայություն մեջ եմ ինչ հետևանքով խզվել եմ ամբողջ գործընթաց արդյունավետություն ընդգծել եմ նա հանդիպում ընթացքում անդրադարձ եմ կատարել նաև կրթական բաղադրիչ և մասնագիտական կարողություն շարունակական զարգացում անհրաժեշտություն մասնակից կարևորել եմ պետական կառույց ներկայացուցիչ նոր իրողություն համահունչ արձագանքել կարողություն ոչ միայն տեսական գիտելիք այլև նոր մշակույթ ձևավորում միջոցով առանձնահատուկ ուշադրություն եմ դառնալ նաև հոգեբանական աջակցություն բաղադրիչ թե բռնություն ենթարկել անձ թե ոլորտ մասնագետ համար նշվել եմ որ նման դեպք հետ առնչվել ծառայող ևս ունեմ մասնագիտական հյուծում և հոգեբանական վերականգում կարիք կին իրավունք տուն ՀԿ ներկայացուցիչ Կարինե Դավթյան բարձրանալ եմ ոստիկանություն աշխատակից ինքնախնամք և հոգեբանական աջակցություն հարց ընդգծել նա շուրջօրյա և բարձր սթրեսային աշխատանք պայման Արփինե Սարգսյան խոսք ոլորտ ներգրավել մասնագետ ամենօրյա շփում մարդկային ծանր պատմություն հետ լուրջ հոգեբանական բեռ եմ ուստի անհրաժեշտ եմ ինստիտուցիոնալ նոր լուծում ավելի արդյունավետ գործընթաց ապահովել համար հանդիպում ավարտ մասնակից ներկայանալ եմ ոլորտ բարելավում ուղղել առաջարկ կարևորել միջգերատեսչական համագործակցություն ամրապնդում միասնական արձագանքում մեխանիզմ ներդրում վերապատրաստում ընդլայնում ու քաղաքացիակենտրոն մոտեցում կիրառում Արփինե Սարգսյան վստահեցնել եմ որ պետություն առաջնահերթ նպատակ յուրաքանչյուր քաղաքացի անվտանգություն ու պաշտպանվածություն ապահովել եմ թեկուզ փոքր քայլ բայց մենք արդեն ունեմ արդյունք եթե պահպանել նույն հետևողականություն կարողանալ ձևավորել ավելի արդյունավետ կառուցակարգ մենք երկիր ապրել յուրաքանչյուր քաղաքացի համար նշել եմ նախարար նշվել եմ որ նման ձևաչափ հանդիպում շարունակական բնույթ եմ կրել միտել ոլորտային խնդիր վերհանում ու համակարգային լուծում մշակում,12,639
https://armenpress.am/hy/article/1251530,2026-05-29 16:51:00,Պեսկով հայտարարել եմ թե Հայաստան եմ կարող մերձենալ հետ ԵԱՏՄ երկիր ֆինանս հաշվին,Ռուսաստան նախագահ մամուլ քարտուղար Դմիտր Պեսկով հայտարարել եմ որ Եվրամիություն հետ Հայաստան մերձեցում Երևան ինքնիշխան իրավունք եմ սակայն այդ գործընթաց պետք եմ իրականանալ Եվրասիական տնտեսական միություն երկիր ֆինանսական ռեսուրս հաշվին Արմենպրես ը հաղորդում Պեսկով այդ մասին ասել եմ լրագրող հետ զրույց Եվրամիություն ուղղություն շարժվել Հայաստան բացարձակ ինքնիշխան իրավունք եմ սակայն Հայաստան եմ կարող և պետք եմ դա անել ԵԱՏՄ երկիր ֆինանս հաշվին այսինքն դա պետք եմ անել ինքը հաշվին ասել եմ Կրեմլ ներկայացուցիչ Պեսկով նաև նշել եմ որ Եվրամիություն հետ մերձեցում զուգընթաց Հայաստան վաղ թե ուշ կարող եմ բախվել իրավիճակ երբ ինքը կողմից ընդունվել նորմ հակասել Եվրասիական տնտեսական միություն կանոն ավելի վաղ ՀՀ վարչապետ Նիկոլ Փաշինյան հայտարարել եմ որ Հայաստան եմ պատրաստվել դուրս գալ ԵԱՏՄ և շարունակել եմ օգտագործել միություն ինքը ներգրավվածություն երկիր տնտեսական շահ պաշտպանել համար իսկ աստանա կայանալ ԵԱՏՄ բարձր խորհուրդ նիստ Հայաստան փոխվարչապետ Մհեր Գրիգորյան վերահաստատել եմ Հայաստան պատրաստակամություն շարունակել բարեխղճորեն մասնակցել միության աշխատանք փոխադարձ հարգանք հավասար գործընկերություն և անդամ պետություն ազգային շահ հաշվառում հիմն վրա,13,159
https://armenpress.am/hy/article/1251491,2026-05-29 12:58:00,ուժեղ Հայաստան ը Շիրակ մարզ մի խումբ ընտրող ընտրակաշառք եմ տալ հակակոռուպցիոն կոմիտե ձայնագրություն եմ հրապարակել,ՀՀ հակակոռուպցիոն կոմիտե և ՀՀ ազգային անվտանգություն ծառայություն կողմից իրականանալ միջոցառում հիմն վրա հակակոռուպցիոն կոմիտե նախաձեռնել վարույթ փաստական տվյալ եմ ստանալ այն մասին որ ուժեղ Հայաստան կուսակցություն ներկայացուցիչ այլ անձ հետ ազգային ժողով ընտրություն ինքը կուսակցություն օգտին քվեարկել պայման Շիրակ մարզ մի խումբ ընտրող տալ եմ ընտրակաշառք դեպք առթիվ ՀՀ հակակոռուպցիոն կոմիտե նախաձեռնվել եմ քրեական վարույթ ձերբակալվել եմ մի խումբ անձինք կատարել եմ վարութային գործողություն Արմենպրես ը փոխանցում հայտնել եմ Կոմիտե ներկայանալ նաև ձայնագրություն,16,74
https://armenpress.am/hy/article/1251468,2026-05-29 10:53:00,Ռուսաստան արգելել եմ միլիոն շիշ հայկական Ջերմուկ հանքային ջուր իրացում,Ռուսաստան արգելել եմ միլիոն շիշ հայկական Ջերմուկ հանքային ջուր իրացում Արմենպրես ը փոխանցում այս մասին հայտնել եմ ՏԱՍՍ գործակալություն նշել եմ որ Ռոսպոտրեբնադզոր ը ազնիվ նշան մակնշում համակարգ պետական օպերատոր հանձնարարական եմ ուղարկել միլիոն շիշ Ջերմուկ հանքային ջուր իրացում Ռուսաստան արգելել մասին ըստ հրապարակում նման որոշում համար հիմք եմ հանդիսանալ ջուր հիդրոկարբոնատ քլոր և սուլֆատ պարունակություն գերազանցում մայիս Ռոսպոտրեբնադզոր ը հայտնել եմ որ Ջերմուկ հանքային ջուր ներմուծում ու վաճառք Ռուսաստան արգելել եմ որպես պատճառ կրկին նշվել եմ ջուր հիդրոկարբոնատ քլոր և սուլֆատ պարունակություն գերազանցում Ռուսաստան արգելել եմ նաև Հայաստան ծաղիկ ալկոհոլային որոշ խմիչք ներմուծում սահմանափակվել եմ լոլիկ վարունգ պղպեղ կանաչեղեն և ելակ ներմուծում,10,103
https://armenpress.am/hy/article/1251477,2026-05-29 12:01:00,ԱԺ նիստ եմ կայանալ քվորում բացակայություն պատճառով,Հայաստան ազգային ժողով ութերորդ գումարում տասնմեկերորդ նստաշրջան հերթական նիստ եմ կայանալ քվոր լինել պատճառով Արմենպրես ը հաղորդում նիստ ներկա եմ պատգամավոր ԱԺ փոխնախագահ Հակոբ Արշակյան ասել որ նախընտրական պայքար այս փուլ պատգամավոր ինքը բնակավայր քաղաքացի եմ ներկայանալ ինքը հաշվետվություն ակնկալել քաղաքացի քվե գրանցում շարունակվել մինչև այն պահ քանի դեռ անհրաժեշտ թիվ պատգամավոր եմ գրանցել մինչև չորս ժամ ընդմիջում եմ հայտարարել ասել նա,7,62
https://armenpress.am/hy/article/1251436,2026-05-29 09:37:00,փոքր Մհեր արհեստական բանականություն ստեղծվել լիամետրաժ անիմացիոն ֆիլմ բարձրանալ հայաստանյան մեծ էկրան,Հայաստան և տարածաշրջան առաջին անգամ արհեստական բանականություն ստեղծվել փոքր Մհեր լիամետրաժ անիմացիոն ֆիլմ հիմք սասնա ծիռ դյուցազներգություն եմ շուրջ րոպե տևողություն կինոնկարում որ հայաստանյան մեծ էկրան լինել երեխա պաշտպանություն միջազգային օր հունիս հայկական էպոս ներկայանալ եմ ժամանակակից և նորարարական մեկնաբանություն սյուժե կենտրոն Մհեր եմ որ դուրս եմ գալ Ագռավաքար և հայտնվել եմ մերօրյա հայկական գյուղ բախվել նոր իրականություն Արմենպրես ը թղթակց հետ զրույց նախագիծ հեղինակ և ռեժիսորՀովհան Մարգարյանըպատմ եմ ֆիլմ գաղափար ծնվել եմ որդի հետ զրույց ժամանակ քննարկել եմ մեքսիկական շատ հայտնի մուլտ որ ոգեշնչել նա ուզել եմ անպայման միասին գնալ մեքսիկա հարցնել եմ թե ինչ եմ դու գրավել այդ երկիր պատասխանել եմ որ մուլտֆիլմ այն շատ լավ եմ նկարագրել եթե մեքսիկա կարողանալ եմ այնպիսի մուլտ նկարահանել որ շնորհիվ ես տղա ցանկանալ եմ տեսնել մեքսիկան ապա հնարավոր եմ Հայաստան այնպիսի մուլտ նկարահանել որ միջոցով մեքսիկաց ցանկանալ տեսնել Հայաստան նշել եմ Մարգարյան անդրադարձ եմ կատարել ապոս փոքր Մհեր ճյուղ քանի որ այն ավելի առեղծվածային եմ անավարտ ըստ ռեժիսոր թե Սանասար և Բաղդասար թե սասունցի Դավիթ և մյուս հերոս պատմություն ավարտուն եմ ամբողջական իսկ փոքր Մհեր պարագա այդպես եմ ուստի կարելի եմ շարունակել նա պատմություն Մարգարյան կարծիք փոքր Մհեր Ագռավաքար փակվել որոշում ոչ միանշանակ եմ անիմացիոն ֆիլմ տալ եմ այդ հարց պատասխան որ սուբյեկտիվ եմ Մուլտֆիլմ առանցքային գաղափար եմ հերոսություն ընկերասիրություն սեփական արժեք հավատարիմ մնալ և փոփոխվել ժամանակ ինքնություն պահպանել կարևորություն անիմացիոն ֆիլմ նկարահանել եմ արհեստական բանականություն քանի որ այն լայն հնարավորություն եմ ընձեռել այն գործիք եմ որ թույլ եմ տալ սեղմ ժամկետ և դասական անիմացիա համեմատ շատ ավելի փոքր բյուջե ստանալ լիամետրաժ մուլտ ժամանակակից տարր պահպանել եմ որովհետև դար երեխա դժվար եմ գրավել դար գործիքակազմ նա պատկեր այլ կերպ եմ ընկալել նա խաղալիք այլ տեսք ունեմ նա այլ կերպ եմ պատկերանալ հերոս հետևաբար պետք եմ հաշիվ առնել թիրախային լսարան երեխա և նա տալ այնպիսի պատկեր որ նա ծանոթ եմ հետաքրքիր եմ հույս ունեմ որ այս մուլտ հետո նա հետաքրքրվել էպոս կարդալ այն եզրակացություն անել շեշտել եմ Հովհաննես Մարգարյան ստեղծագործական կազմ անել եմ հնարավոր որ համամարդկային արժեք ընտանիք հավատարմություն քաջություն և այլն ընկալելի լինել տարբեր մշակույթ ներկայացուցիչ համար այժմ աշխատել եմ ֆիլմ մի քանի լեզու թարգմանել և ադապտացնել ուղղություն որոշել եմ թե ինչ բնավորություն պետք եմ ունենալ կերպար ու ըստ դա ստեղծել եմ նա արտաքին տվյալ հավաքել եմ շատ օրինակ թե ինչ աչք հոնք հայ բնորոշ քիթ ու դիմագիծեր պետք եմ ունենալ այդ ամբողջ ինֆորմացիա հիմա վրա ստանալ եմ հերոս նշել եմ անիմացիոն ֆիլմ գեղարվեստական ղեկավար Անուշ Ղազարյան հատուկ ուշադրություն եմ դառնալ ազգային տարազ և միջավայր պատմամշակութային հավաստիություն աշխատանքային գործընթաց ներգրավել ոլորտ առաջատար մասնագետ և փորձագետ գուցե տպավորություն ստեղծվել թե այդ ամենը հեշտ եմ ստանալ բայց հեշտ եմ վիզուալ ստանալ և մենք առաջ շատ բարդություն եմ լինել մենք դա լուծել եմ գնալ մասնագետ որ աշխատել եմ գեներացիա վրա նկարիչ դիզայներ ինքը ամբողջ գիտելիք օգտագործել եմ հնարավորինս լավ պատկեր ստանալ համար հավաստիանալ եմ Ղազարյան փոքր Մհեր անիմացիոն ֆիլմ հնչյունավորում վրա աշխատել եմ Խորեն Լևոնյան Սոս Ջանիբեկյան Լևոն Հարությունյան Դավիթ Հակոբյան Արուսիկ Տիգրանյան Արեգ Գևորգյան Վահագ Գասպարյան Վահեն Բոննի Արևիկ Գևորգյան Ռաֆայել Երանոսյան և այլք,12,491
https://armenpress.am/hy/article/1251519,2026-05-29 16:08:00,լուսավոր Հայաստան ը քարոզարշավ եմ անցկացնել Տավուշ մարզ,ազգային ժողով ընտրություն մասնակցել լուսավոր Հայաստան կուսակցություն նախընտրական քարոզարշավ հերթական օր անցկացնել եմ Տավուշ մարզ այր քաղաք Արմենպրես ը փոխանցում այս մասին տեսանյութ եմ հրապարակվել կուսակցություն Ֆեյսբուք ը էջ կուսակցություն նախագահ Էդմո Մարուքյան բնակիչ հետ հանդիպում ժամանակ պնդել եմ անել թե ինքը կուսակցություն միակ եմ որ ընտրական ցուցակ առաջին տասնյակ Տավուշ մարզ թեկնածու կամ Տավուշ ժողովուրդ ազգային ժողով պետք եմ ունենալ ինքը պատգամավոր ասել նա հորդորել տավուշցի ընտրել ինքը հող ու ջուր մեկը ու հենց նա էլ պահանջել խնդիր բարձրաձայնել Դուք եմ որոշող կուսակցություն կողմից իրական հարգանք տվյալ տարածք նկատմամբ արձանագրել եմ ցուցակ ներգրավել մարդ տեղ այլ տարբերակ կամ հավելել նա մայիս հայաստանումկայանալի քխորհրդարանականտություն նախընտրականքարոզարշավը որըկշարունակվումիչև ընտրություն ը ԼուսավորՀայաստան կուսակցություն նմասնակց կուսակցություն պաշտպանիրինքություն կուսակցություն բաղկացածընտրականցուցակ որըգլխավորումէկուսակցությաննախագահ ԱԺնախկինպատգամավոր ԷդմոնՄարուքյան,8,118
https://armenpress.am/hy/article/1251478,2026-05-29 12:05:00,քաղաքացիական պայմանագիր ը նախընտրական քարոզարշավ եմ իրականանալ Տավուշում,քաղաքացիական պայմանագիր կուսակցություն նախընտրական քարոզարշավ շարունակել եմ Տավուշ մարզ Արմենպրես ը հաղորդում արձակուրդում գտնվել ՀՀ վարչապետ քաղաքացիական պայմանագիր կուսակցություն վարչություն նախագահ Նիկոլ Փաշինյան Դիլիջան քաղաք հրապարակ ինքը ելույթ ժամանակ նշել որ Հայաստան ուրախություն մթնոլորտ եմ ձևավորվել և դա առաջին հերթ խաղաղություն շնորհիվ եմ այս ընտրություն կրքոր հարց հետևյալ եմ թե արդյոք Հայաստան քաղաքացի տեր կանգնել եմ այդ խաղաղություն սա պաշտոն և աթոռ կռիվ եմ սա պայքար եմ հանուն պետություն հանուն անկախություն հանուն ապագա և խաղաղություն ասել նա հորդորել քաղաքացի հունիս գնալ ընտրատեղամաս և տեր կանգնել խաղաղություն անդրադառնալ մայիս հանրապետություն հրապարակ անցկացնել զորահանդես Փաշինյան շնորհավորել բոլորը նոր բանակ ունենալ առիթ նշել որ այն ինչ ցուցադրվել եմ զորահանդես ժամանակ բոլորը գործարանային եմ մենք կառուցել եմ տասնյակ ամրանալ շրջան և շարունակել եմ կառուցել որպեսզի Հայաստան ունենալ պաշտպանունակություն կրքոր մակարդակ ասել Փաշինյան նա նշել որ նախկին ինքը մեղադրել եմ բանակ քանդել մեջ մինչդեռ ինքը եմ բանակ քանդել թողնել մենք ասել եմ պատերազմ եմ սադրել բայց ինքը գիտել որ պատերազմ եմ թողնել թվական քառօրյա պատերազմ որևէ թղթ եմ ավարտվել պարզ եմ լինել ինչ եմ ավարտվել այդ պատերազմ թվական պատերազմ թվական պատերազմ շարունակություն եմ լինել և սա եմ ճշմարտություն ասել Նիկոլ Փաշինյան ՔՊ վարչություն նախագահ վստահեցնել նաև որ այս իշխանություն եմ Սյունիք մարզ ու մեղք փրկել հանձնում որ Ռոբերտ Քոչարյան պլանավորել եմ իրականանալ հոկտեմբեր թվական հոկտեմբեր ոճրագործություն հարձակ ազգային ժողով վրա խմբ անել եմ Մեղրի հանձնել կոնտեքստ քանի որ Վազգեն Սարգսյան ու Կարեն Դեմիրճյան եմ ինքը կյանք հետաձգել այդ պրոցես դա մասին հրապարակային վկայություն կամ նոյեմբեր փաստաթուղթ մեջ մեղրի միջանցք թեմա ևս կամ և ես հրաժարվել եմ ստորագրել դա ուրիշ տարբերակ եմ ստորագրել իսկ դա հետո մենք ընդդիմություն և արտաքին ուժ ասել եմ որ ես միջանցք եմ խոստանալ արդյունք մենք ունենալ երկու օր առաջ միացյալ նահանգ հետ նախաստորագրել փաստաթուղթ որ պայթել այդ բոլոր պնդում հավելել Նիկոլ Փաշինյան մայիս մեկնարկել եմ Հայաստան հունիս կայանալ խորհրդարանական ընտրություն նախընտրական քարոզարշավ որ շարունակվել մինչև հունիս ընտրություն մասնակցել համար գրանցել եմ քաղաքական ուժ դաշինք և կուսակցություն քաղաքացիական պայմանագիր կուսակցություն ընտրություն մասնակցել եմ համար ներքո տեր կանգնիր խաղաղություն կարգախոս քաղաքացիական պայմանագիր կուսակցություն ԿԸՀ եմ ներկայանալ թեկնածու կազմվել ընտրական ցուցակ ինչպես նաև ազգային փոքրամասնություն թեկնածու բաղկանալ ցուցակ կուսակցություն վարչապետ թեկնածուն Նիկոլ Փաշինյան եմ,8,350
https://armenpress.am/hy/article/1251495,2026-05-29 13:18:00,Հայաստան որոշ ապրանք ներմուծում սահմանափակում ՌԴ տնտեսություն վրա բացասական եմ ազդել ռեշետնիկով,Ռուսաստան տնտեսական զարգացում նախարար Մաքսիմ ռեշետնիկով հայտարարել եմ որ Հայաստան որոշ ապրանք ներմուծում սահմանափակում բացասական ազդեցություն եմ ունենալ Ռուսաստան տնտեսություն այդ թիվ ինֆլյացիա վրա Արմենպրես ը փոխանցում ՌԴ տնտեսական զարգացում նախարար այդ մասին ասել եմ Իզվեստիա ը տալ հարցազրույց ես պատրաստ եմ մենք շուկա անուն խոսել մենք շուկա վրա իհարկե եմ ազդել երեկ ես հարցնել եմ ինչ եմ լինել ինֆլյացիա հետ և այդպես շարունակ դա բավականին ցածր սպառել ունենալ ապրանք եմ հիմնական ծավալ մենք միշտ բավարարում եմ մենք սեփական արտադրություն հաշվին այնտեղ որտեղ պետք եմ այդ ուղղություն մենք մենք շուկա մատակարար բավականին դիվերսիֆիկանալ համակարգ ունեմ չնայած իհարկե մենք գնահատել եմ բոլորը բայց ոչ մի խնդիր մենք տնտեսություն համար եմ լինել ասել եմ նախարար պատասխանել հարց թե ինչպես կազդել Ռուսաստան տնտեսություն վրա հայկական գյուղատնտեսական և մի շարք այլ ապրանք ներմուծում նկատմամբ Ռուսաստան կողմից կիրառվել սահմանափակում հիշել որ Ռուսաստան արգելել եմ Հայաստան ծաղիկ Ջերմուկ հանքային ջուր ալկոհոլային որոշ խմիչք ներմուծում սահմանափակում եմ կիրառել լոլիկ վարունգ պղպեղ կանաչեղեն և ելակ ներմուծում նկատմամբ,12,159
https://armenpress.am/hy/article/1251522,2026-05-29 16:21:00,Ֆինանսավորել Բիբլոս բանկ Արմենիա ուղղել ԼՂ ուսանող ուսում վարձ փոխհատուցում,Բիբլոս բանկ Արմենիա տրամադրել եմ ֆինանսավորում ուղղել ԼՂ տեղահանել և գավառ պետական համալսարան ընդունվել ուսանող ուսում վարձ փոխհատուցում երիտասարդ աջակցել և կրթություն հավասար հասանելիություն ապահովում կարևոր պատասխանատվություն եմ բանկ համար նախաձեռնություն նպատակ եմ մեղմել դժվարին պայման հայտնվել արցախցի ուսանող և նա ընտանիք սոցիալական բեռ Բիբլոս բանկ Արմենիա համար սա կարևոր նախաձեռնություն եմ այն օգնել ստեղծել կայուն միջավայր որպեսզի երիտասարդ հմտանալ ինքը ընտրել մասնագիտություն մեջ և սկսել ու զարգանալ ինքը կարիերա սա նաև ուսանող թույլ տալ կյանք այս կարևոր փուլ կենտրոնանալ ուսում վրա և ինքը նպատակ հասնել ավելի հարմար ուղի գտնել նշել եմ Բիբլոս Բանկ Արմենիա գլխավոր գործադիր տնօրեն Հայկ Ստեփանյան մենք բարձր եմ գնահատել լեռնային Ղարաբաղ բռնել տեղահանել և ԳՊՀ ընդունվել ուսանող Բիբլոս բանկ Արմենիա ցուցաբերել աջակցություն նման նախաձեռնություն քաջալերել եմ արցախցի երիտասարդ զորանալ մարդ և ապագա հանդեպ լավատեսություն մղել ամուր կամք ամբարել գիտելիք դառնալ որակյալ մասնագետ և իրագործել բոլոր նվիրական երազանք նշել եմ Գավառ պետական համալսարան ռեկտոր Ռուզաննա Հակոբյան կրթություն Բիբլոս բանկ Արմենիա կորպորատիվ սոցիալական պատասխանատվություն կարևոր ուղղություն եմ բանկ համագործակցել եմ բուհ և այլ ուսումնական հաստատություն հետ երկարաժամկետ հեռանկար արդյունք տեսնել ակնկալիք,10,174
https://armenpress.am/hy/article/1251489,2026-05-29 12:52:00,աստանա ՀՀ փոխվարչապետ և ՌԴ նախագահ առանձին հանդիպել պլանավորվել եմ,Հայաստան փոխվարչապետ Մհեր Գրիգորյան և Ռուսաստան նախագահ Վլադիմիր Պուտին առանձին հանդիպել աստանա պլանավորվել եմ հիշել որ եվրասիական տնտեսական միություն անդամ երկիր ղեկավար գագաթնաժողով որ մեկնարկել եմ Ղազախստան մայրաքաղաք աստանա Հայաստան վարչապետ Նիկոլ Փաշինյան փոխարինել եմ փոխվարչապետ Մհեր Գրիգորյան Փաշինյան ավելի վաղ հայտնել եմ որ ՌԴ նախագահ Վլադիմիր Պուտին և Ղազախստան նախագահ Կասիմ Ժոմարտ Տոկաևին որ եմ կարողանալ մասնակցել գագաթնաժողով Հայաստան հունիս կայանալ խորհրդարանական ընտրություն նախընտրական քարոզարշավ պատճառով Արմենպրես ը փոխանցում ինչպես հայտնել եմ ռուսական ՏԱՍՍ գործակալություն ՌԴ նախագահ մամուլ քարտուղար Դմիտր Պեսկով լրագրող հետ զրույց հայտարարել եմ որ ՀՀ փոխվարչապետ և ՌԴ նախագահ առանձին հանդիպել պլանավորվել եմ ոչ առանձին հանդիպել պլանավորվել եմ սակայն եթե նա ցանկանալ նա կարող եմ հրաշալի զրուցել եվրասիական տնտեսական միություն գագաթնաժողով հարթակ ասել եմ Պեսկով,10,119
https://armenpress.am/hy/article/1251521,2026-05-29 16:17:00,Հայաստան դաշինք նախընտրական հանդիպել եմ ունենալ սպիտակ բնակիչ հետ,Հայաստան դաշինք անդամ նախընտրական քարոզչություն շրջանակ հանդիպել եմ Լոռու մարզ սպիտակ քաղաք բնակիչ հետ Արմենպրես ը հաղորդում դաշինք ներկայացուցիչ ինքը հետ հանդիպում գալ քաղաքացի եմ ներկայանալ նախընտրական ծրագիր պատասխանել նա հարց Հայաստան դաշինք առաջնորդ ՀՀ երկրորդ նախագահ Ռոբերտ Քոչարյան վստահեցնել եմ որ ինքը քաղաքական թիմ փորձառու եմ և խոստում հավատարիմ նա կարծիք ներկա Հայաստան համար ճակատագրական պահ եմ համոզված եմ որ պահ ճակատագրական եմ եթե հիմա բան փոխել երկիր լրջ հարց ունենալ եմ արդեն ահազանգ կամ աշխարհաքաղաքական առում համոզմունք եմ հայտնել Քոչարյան հավանաբար նկատի ունենալ Ռուսաստան կողմից Հայաստան որոշ ապրանք ներմուծում սահմանափակում կիրառում անդրադառնալ Երևան դեպի մարզային բնակավայր ապակենտրոնացում կրթություն ու գյուղատնտեսություն ոլորտ վերաբերել հարց Հայաստան դաշինք ղեկավար ներկայանալ եմ որ ինքը տեսլական Հայաստան եմ կարող քաղաք երկիր լինել և կենտրոնանալ Երևան ուստի ըստ նա անհրաժեշտ եմ ներդրող ավելի մեծ արտոնություն շնորհել մարզ բնակավայր ծրագիր իրականանալ համար ինչ վերաբերել եմ գյուղատնտեսություն ոլորտ Քոչարյան դիտարկում այժմ մշակվել եմ հանրապետություն ցանքատարածք միայն կես քանի որ ոլորտ ձեռնտու եմ իսկ ինքը առաջարկել ծրագիր նախատեսել եմ գյուղատնտեսություն շահավետ դառնալ մարդ համար խոսել նախընտրական ծրագիր կրթական բաղադրիչ մասին Հայաստան դաշինք առաջնորդ կարևորել եմ ոլորտ երկիր առաջընթաց համար մինչև նորմալ կրթություն ունենալ նորմալ երկիր եմ դառնալ մենք քաղաքականություն եմ Հայաստան արդյունաբերական երկիր դառնալ որ առանց կրթություն ուղղակի հնարավոր եմ ընդհանրացնել եմ Քոչարյան մայիս մեկնարկել եմ Հայաստան հունիս կայանալ խորհրդարանական ընտրություն նախընտրական քարոզարշավ որ շարունակվել մինչև հունիս ընտրապայքար մասնակցել եմ քաղաքական ուժ դաշինք և կուսակցություն Հայաստան դաշինք խորհրդարանական ընտրություն մասնակցել եմ համար ներքո միասին կարող եմ կարգախոս դաշինք կազմ միավորվել եմ հայ հեղափոխական դաշնակցություն և առաջ կուսակցություն դաշինք ԿԸՀ եմ ներկայանալ թեկնածու բաղկանալ ցուցակ և ազգային փոքրամասնություն թեկնածու բաղկանալ ցուցակ,9,263
https://armenpress.am/hy/article/1251515,2026-05-29 15:50:00,ուժեղ Հայաստան ը ներկայացուցիչ մտացածին եմ որակել ձայնագրություն ընտրակաշառք բաժանել վերաբերյալ,ուժեղ Հայաստան դաշինք ներկայացուցիչ առաջիկա խորհրդարանական ընտրություն դաշինք նախընտրական ցուցակ երրորդ համար Գոհար Մելոյան մտացածին եմ որակել հակակոռուպցիոն կոմիտե կողմից պարբերաբար հրապարակել ձայնագրություն դաշինք կողմից ընտրակաշառք բաժանել դեպք բացահայտում մասին Արմենպրես ը փոխանցում Մելոյան այդ մասին ասել եմ մայիս լրագրող հետ հանդիպում ժամանակ Մելոյան հայտարարել եմ որ ինքը ուժ որևէ մեկը ընտրակաշառք տալ կարիք ունեմ ինչ մասին եմ վկայել դաշինք մարդաշատ հանրահավաք ձայնագրություն հետք դիմել եմ միջազգային գործընկեր սա խայտառակ միջամտություն եմ մենք քաղաքական ուժ նկատմամբ և ակնհայտ կերպ թիրախավորել եմ մենք հակակոռուպցիոն կոմիտե ձայնագրություն մտացածին եմ և մենք քաղաքական ուժ հանրային ընկալում որոշակիորեն հեղինակազրկել նպատակ ունեմ հավելել եմ Մելոյան նա ասուլիս ընթացքում անդրադառնալ եմ նաև ուժեղ Հայաստան դաշինք առաջնորդ Սամվել Կարապետյան Կիպրոս և Ռուսաստան քաղաքացիություն հրաժարվել գործընթաց մանրամաս նշել որ այդ գործընթաց շարունակվել եմ նա խոսք Սամվել Կարապետյան նման հեղինակություն ունենալ մարդ համար տարբեր երկիր քաղաքացիություն ունենալ նորմալ երևույթ եմ շատ երկիր նման հեղինակություն ունենալ մարդ նաև շնորհվել եմ տվյալ երկիր քաղաքացիություն իսկ դա հրաժարվել խրթին գործընթաց եմ ասել նա ուժեղ Հայաստան դաշինք ներկայացուցիչ շարունակել եմ պնդել որ առաջիկա խորհրդարանական ընտրություն վարչապետ ինքը թեկնածուն Սամվել Կարապետյան եմ չնայած այն հանգամանք որ Հայաստան օրենսդրություն համաձայն Սամվել Կարապետյան եմ կարող լինել ոչ վարչապետ ոչ էլ պատգամավոր թեկնածու քանի որ բացի Հայաստան քաղաքացիություն ունեմ նաև Կիպրոս և Ռուսաստան քաղաքացիություն Սամվել Կարապետյան ավելի վաղ հայտարարել եմ որ Ռուսաստան և Կիպրոս քաղաքացիություն հրաժարվել գործընթաց եմ սկսել իսկ դաշինք ներկայացուցիչ նշել եմ որ ընտրություն արդյունք խորհրդարան մեծամասնություն ունենալ դեպք նախաձեռնել ՀՀ սահմանադրություն համապատասխան հոդված փոփոխություն որ սահմանել եմ որ պատգամավոր կամ վարչապետ թեկնածու կարող եմ լինել միայն վերջին տարում բացառապես Հայաստան քաղաքացիություն ունենալ և Հայաստան մշտական բնակություն ունենալ անձ դա հետո ըստ դաշինք ներկայացուցիչ ոչ մի խոչընդոտ եմ լինել որ Սամվել Կարապետյան դառնալ Հայաստան վարչապետ հիշել որ Սամվել Կարապետյան այս պահ տնային կալանք տակ եմ նա անցնել եմ իշխանություն զավթել հրապարակային կոչ հնչեցնել և փող լվացում քրեական գործ Կարապետյան ինքը առաջադրել մեղադրանք եմ ընդունել մայիս մեկնարկել եմ Հայաստան հունիս կայանալ խորհրդարանական ընտրություն նախընտրական քարոզարշավ որ շարունակվել մինչև հունիս ընտրություն մասնակցել համար գրանցել եմ քաղաքական ուժ դաշինք և կուսակցություն ուժեղ Հայաստան կուսակցություն խորհրդարանական ընտրություն մասնակցել եմ համար ներքո կուսակցություն կարգախոս եմ փոփոխություն,11,346
https://armenpress.am/hy/article/1251457,2026-05-29 10:09:00,երևանյան բեսթսել իշխանություն օրենք առաջատար մանկական ապրիլ,Արմենպրես լրատվական գործակալություն երևանյան բեսթսել հեղինակային նախագիծ այս շաբաթ ներկայանալ եմ մանկական և պատանեկան գեղարվեստական ստեղծագործություն լավ տասնյակ ըստ ապրիլ վաճառք տվյալ Հայկ Աջապահյան իշխանություն օրենք առաջին տեղ եմ իշխանություն օրենք կիրառվել եմ առօրյա կյանք դպրոցական խաղ ընկեր հետ վիճաբանություն դասարան գրանցել փոքրիկ հաղթանակ տուն ծագել խնդիր ընթացքում այս գիրք օգտագործել եմ հենց այդ իրական պատմություն Դավիթ և Անի կյանք որպեսզի երեխա տեսնել ինչպիսի ուժ ունեմ ճիշտ որոշում ամեն օրենք ներկայանալ եմ պարզ հասկանալի լեզու ուղեկցել եմ կենդանի պատմություն ու հետաքրքիր առաջադրանք այդպես ընթերցանություն դառնալ եմ ոչ թե պարտադրանք այլ խաղ ինքնաճանաչում միջոց Հանս Քրիստիա Անդերսեն անճոռնի ճուտիկ երկրորդ տեղ եմ Դանիացի գրող և բանաստեղծ Հանս Քրիստիա Անդերսեն այս հեքիաթ առաջին անգամ տպագրվել եմ թվական Սարգիս Գրիգորյան երազանք գոլ երրորդ տեղ եմ Տիգրան մի մեծ երազանք ունեմ նա ցանկանալ եմ դառնալ հայտնի ֆուտբոլիստ և ինքը հաղթական գոլ խփել լեփ լեցուն մարզադաշտ և երբ նա ու դպրոց մյուս աշակերտ նման հնարավորություն եմ տրել թվալ եմ երազանք ուր որ եմ կատարվել սակայն իրական պայքար ոչ թե խաղադաշտ եմ այլ դա դուրս մինչ գլխավոր մրցանակ հասնել Տիգրան ու ինքը ընկեր ստիպել եմ հաղթահարել ներքին տարաձայնություն դիմակայել սեփական վախ և հասկանալ ամենակարևոր ինչպես դառնալ իսկական թիմ կարողանալ արդյոք ֆուտբոլիստ միասին գտնել հաղթանակ բանաձև և մեկնել Եվրոպա թե ստիպել լինել ճանապարհ հենց սկզբում հրաժեշտ տալ ինքը երազանք եմ որ կամ արժեք որ ավելի կարևոր եմ քան հաղթանակ բերկրանք Մաքսիկ շնիկ չորրորդ տեղ եմ այս գրքում զետեղվել եմ փոքրիկ պատմություն բոլոր պստիկ ճստիկ համար ով նոր նոր եմ կարդալ սովորել լավ հեքիաթ հինգերորդ եմ այն պատմություն եմ հանրահայտ բժիշկ մասին ով սիրել եմ գրեթե բոլոր երեխա Չուկովսկի ինքը այս հերոս ներկայանալ եմ մի շարք հեքիաթ Քաջիկ նապոն վեցերորդ տեղ եմ այս գրքում տեղ եմ գտնել կարճ պատմություն բոլոր փոքրիկ ընթերցող համար ով հենց նոր եմ սկսել կարդալ սովորել Կայծիկ փիսիկ յոթերորդ տեղ եմ գրքում հավաքվել եմ փոքրիկ պատմություն այն երեխա համար որ նոր եմ ծանոթանալ ընթերցանություն աշխարհ Լույսիկ աղվեսիկ ութերորդ տեղ եմ գրքում ներառել եմ պարզ ու կարճ պատմություն բոլոր սկսնակ ընթերցող համար ով նոր նոր եմ սովորել կարդալ գրիմ եղբայր հեքիաթ ժողովածուն իններորդ եմ վառ ու պատկերավոր նկարազարդում հարուստ այս գիրք չար ու բարի իմաստուն ու անխելք համեստ ու անպատկառ ստախոս ու արդարամիտ հերոս հետ դուք մի շատ հետաքրքիր ճամփորդություն կունենալ հեքիաթ աշխարհ վայելել այս զարմանահրաշ հեքիաթ ժողովածու կարդալ մեծագույն հաճույք Հայկ Աջապահյան վերջին ճանապարհ տասներորդ տեղ եմ այս գիրք ճանապարհորդություն եմ հայ պատմություն առանցքային իրադարձություն արկած լի այս պատմություն մեջ Անին և Դավիթ հասնել Արածան ափ և ներկա գտնվել հայ ժողովուրդ մկրտություն լուսավոր պայ օգնել վռամշապուհ արքային մարել վաղարշապատ ավերիչ հրդեհ ապա հայտնվել Կիլիկիա նա ծանոթանալ հզոր հեթ արքա Հովյաննես արքաեղբոր և նա քաջարի մարտիկ հետ իսկ նա մեծագույն առաքլություն լինել վերադառնալ հայ ժողովուրդ գողանալ Գրիգոր Լուսավորչ սուրբ աջ մասունք և այս ամենը մատուցել եմ հետաքրքիր արկածային ոճ պահպանել պատմական փաստ ճշգրտություն մեջբերել հատված պատմական աղբյուր ու ձեռագիր Հայկ Աջապահյան իշխանություն օրենք Հանս Քրիստիա անդերսեն անճոռնի ճուտիկ Սարգիս Գրիգորյան երազանք գոլ լավ հեքիաթ բժիշկ Այբոլիտ գրիմ եղբայր հեքիաթ Հայկ Աջապահյան վերջին ճանապարհ երևանյան բեսթսել ներկայանալ Ռոզա Գրիգորյան ցանկ ներառել եմ երևանյան բեսթսել մրցանակ արժանանալ գիրք վարկանիշային ցուցակ կազմում հարցում մասնակցել եմ Բուկինիստ հայ գիրք Դարան զանգակ նոր գրախանութ գրախանութ և գրատ ցանց,7,518
https://armenpress.am/hy/article/1251502,2026-05-29 14:04:00,աստանա մեկնարկել եմ ԵԱՏՄ բարձր խորհուրդ նիստ Հայաստան մասնակցել եմ Մհեր Գրիգորյան,Ղազախստան մայրաքաղաք աստանա մեկնարկել եմ Եվրասիական տնտեսական միություն բարձր խորհուրդ նիստ Արմենպրես ը փոխանցում խորհուրդ նիստ Հայաստան վարչապետ Նիկոլ Փաշինյան փոխարեն Հայաստան մասնակցել եմ փոխվարչապետ Մհեր Գրիգորյան քանի որ Փաշինյան այս օր մասնակցել եմ Հայաստան հունիս կայանալ խորհրդարանական ընտրություն քարոզարշավ Փաշինյան ավելի վաղ ասել եմ որ ինքը ՌԴ նախագահ Վլադիմիր Պուտին և Ղազախստան նախագահ Կասիմ Ժոմարտ Տոկաևին տեղեկանալ եմ որ եմ մասնակցել նիստ Հայաստան կայանալ խորհրդարանական ընտրություն քարոզարշավ մասնակցել պատճառով նիստ մեկնարկ բացում խոսք եմ հանդես գալ Ղազախստան նախագահ Կասիմ Ժոմարտ Տոկաև նա նշել եմ որ հանդիպում յուրահատուկ նշանակություն ունեմ հիշեցնել որ թվական մայիս ստորագրվել եմ պայմանագիր որ տրել եմ Եվրասիական տնտեսական միություն մեկնարկ Եվրասիական տնտեսական միություն բարձր խորհուրդ որոշում մայիս հայտարարել եմ որպես Եվրասիական տնտեսական միություն օր ասել եմ Ղազախստան նախագահ Տոկաև նշել եմ որ ԵԱՏՄ պատմություն շարունակվել եմ ավելի քան տարի այդ ընթացքում մեծ աշխատանք եմ տանել տնտեսական ինտեգրացիա խորացում ուղղություն,12,143
https://armenpress.am/hy/article/1251513,2026-05-29 15:45:00,նոր ուժ կուսակցություն ներկայացուցիչ նախընտրական քարոզարշավ շրջանակ Աբովյան քաղաք եմ,նոր ուժ կուսակցություն Հայաստան կայանալ խորհրդարանական ընտրություն քարոզարշավ շրջանակ լինել եմ Կոտայք մարզ Աբովյան քաղաք Արմենպրես ը փոխանցում քարոզարշավ շրջանակ կուսակցություն նախընտրական ցուցակ առաջին համար Հայկ Մարության շփվել եմ քաղաքացի հետ ներկայանալ կուսակցություն նախընտրական ծրագիր քարոզչական թռուցիկ բաժանել քաղաքացի բոլորը հորդորել հունիս գնալ ընտրություն և քվեարկել նոր ուժ կուսակցություն օգտին որ քվեաթերթիկ եմ քաղաքացի Հայկ Մարության ջերմ եմ ընդունել մաղթել հաջողություն առաջիկա ընտրություն հայաստանումհում ինտեղիկունենանխորհրդարանականհերթականընտրությունները նախընտրական քարոզարշավ իցևկշարունակվիչ Նորուժ կուսակցություն վարչապետիթեկնածունԵրևանինախկինքաղաքապետՀայկՄարությաննէ կուսակցություն հայտարարելէ որիրնախընտրականծրագրիհիմքումյոթհիմնականուղղություններեն դրանցթվում եվրոպական ինտեգրացի անորպեսարտաքին քաղաքականություն ևզարգացմանառաջնահերթություն օնլայնխաղատնեհումումգերումգահերումումգահերումումգա բազմազավակընտանիքներիհամարարտոնություններիտրամադրումը անվճարբարձրագություն ապահովում հարկայինբեռիթեթևացում կոռուպցիոնհանցանքներիհամարվաղեմությանժամկետիվերացումըևազգայինարժեքներինվերադարձը Նորուժ կուսակցություն ինկայանալի,10,89
https://armenpress.am/hy/article/1251475,2026-05-29 11:54:00,գեղարքունիք մարզային գրադարան նշվել եմ Շառլ Ազնավուր,գեղարքունիք մարզային գրադարան արվեստ բաժին կազմակերպել եմ միջոցառ նվիրվել աշխարհահռչակ շանսոնյե Շառլ Ազնավուր ինչպես Արմենպրես ը տեղեկանալ գեղարքունիք Վ Պետրոսյան անուն մարզային գրադարան տնօրեն Մարիամ Համբարձումյան միջոցառում ընթացքում ներկայանալ եմ մեծ արվեստագետ հարուստ ստեղծագործական ժառանգություն կյանք ու ստեղծագործական ուղի հայ ժողովուրդ ցուցաբերել նա անգնահատելի նվիրում ու աջակցություն մասնակից անդրադառնալ եմ նաև Շառլ Ազնավուր դերասանական գործունեություն և համաշխարհային ճանաչել ունենալ երգիչ հետ ունենալ ստեղծագործական համագործակցություն ցերեկույթ ընթացքում հնչել եմ մեծ շանսոնյե սիրել երգ երգիչ Լիլյա Հովհաննիսյան Գրիգոր Բալագոզյան Գավառ արվեստ դպրոց երգչախումբ կատարմամբ ղեկավար Նարինե Գոզեյան միջոցառում վարել եմ գրադարան թատերական խմբակ ղեկավար Անուշ Զանգիզորյան ստեղծել ջերմ ու հուզիչ մթնոլորտ,7,99
https://armenpress.am/hy/article/1251435,2026-05-28 15:37:00,հանրապետություն օր առթիվ գեներալ մայոր զինվորական կոչում եմ շնորհվել մի խումբ սպա,հիմք ընդունել ՀՀ վարչապետ Նիկոլ Փաշինյան առաջարկություն ՀՀ նախագահ Վահագ Խաչատուրյան հրամանագիր հանրապետություն օր առթիվ գեներալ մայոր զինվորական կոչում եմ շնորհվել զինել ուժ մի խումբ սպա Արմենպրես ը հաղորդում այս մասին տեղեկանալ եմ ՀՀ պաշտպանություն նախարար Սուրեն Պապիկյան Ֆեյսբուք ը ինքը էջ նա տեղեկատվություն գեներալ մայոր զինվորական կոչում եմ շնորհվել մասնավորապես ՀՀ պն Վազգեն Սարգսյան անուն ռազմական ակադեմիա պետ գնդապետ Արսեն Մանգասարյան բանակային կորպուս հրամանատար գնդապետ Սիմո Նազարյան բանակային կորպուս հրամանատար գնդապետ Գագիկ Պողոսյան ինչպես նաև բժշկական ծառայություն գեներալ մայոր զինվորական կոչել ՀՀ պն ռազմաբժշկական ապահովում վարչություն պետ գնդապետ Գեղամ Փաշիկյան ՀՀ պն գլխավոր քարտուղար Համլետ Բատիկյան շնորհվել եմ քաղաքացիական ծառայություն առաջին դաս պետական խորհրդական դասային աստիճան,12,107
https://armenpress.am/hy/article/1251431,2026-05-28 14:29:00,Փաշինյան համոզված եմ որ Հայաստան տնտեսություն ոչինչ եմ սպառնալ և ՌԴ հետ ծագել հարց շուրջ լուծում գտնվել,Հայաստան և Ռուսաստան միջև ծագել հարց շուրջ լուծում գտնվել իսկ Հայաստան տնտեսություն որևէ վտանգ եմ սպառնալ Արմենպրես ը հաղորդում լրագրող հետ ճեպազրույց այս մասին հայտարարել եմ ՀՀ վարչապետ Նիկոլ Փաշինյան վարչապետ ընդգծել եմ որ Ռուսաստան նախագահ և կառավարություն ղեկավար հետ ունեմ վստահելի հարաբերություն Ռուսաստան նախագահ և Ռուսաստան կառավարություն ղեկավար հետ ունեմ վստահելի հարաբերություն առաջին անգամ եմ որ հարց եմ ծագել որ պարզաբանում կարիք ունեմ ընդգծել եմ Փաշինյան նա խոսք Հայաստան Ռուսաստան հարաբերություն ներկա տրանսֆորմացիա փուլ եմ ես նախկին էլ ասել եմ որ Հայաստան Ռուսաստան հարաբերություն տրանսֆորմացիա փուլ եմ և ես դա դրական տրանսֆորմացիա եմ համարել նշել եմ ՀՀ վարչապետ Նիկոլ Փաշինյան նաև ընդգծել եմ որ նմանատիպ գործընթաց նախկին ևս լինել եմ սակայն դա լուծվել եմ աշխատանքային կարգ մենք այդ նամակ ստանալ եմ մի քանի անգամ վերջին ութ տարում ես համոզված եմ որ այս անգամ էլ լուծում գտնել հայտարարել եմ նա ՀՀ վարչապետ խոսք ԵԱՏՄ շրջանակ Հայաստան ներգրավվածություն հնարավորություն եմ տալ հարց լուծել կառուցողական երկխոսություն միջոցով ես միակ պաշտոնյան եմ որ ԵԱՏՄ միջկառավարական խորհուրդ և բարձր խորհուրդ անդամ եմ ես ուզել եմ պատկերանալ այդ լծակ մասշտաբ և այդ լծակ ընձեռնել հնարավորություն ասել եմ Փաշինյան նա համոզմամբ այդ հնարավորություն թույլ տալ շարունակել համագործակցություն և գտնել փոխընդունելի լուծում ես կարծել եմ որ այս լծակ մենք հնարավորություն տալ կոնստրուկտիվ երկխոսություն ճանապարհ գտնել հարց լուծում նշել եմ վարչապետ Փաշինյան ևս մեկ անգամ վստահեցնել եմ որ Հայաստան տնտեսություն վտանգ եմ սպառնալ ՀՀ տնտեսություն ոչինչ եմ սպառնալ ՀՀ տնտեսություն սպասել եմ միլիարդ ներդրում հայտարարել եմ նա ՀՀ արտաքին գործ նախարարություն մամուլ քարտուղար Անի Բադալյան հայտնել եմ որ հայկական կողմ ստանալ եմ ՌԴ էներգետիկա նախարար Սերգեյ Ցիվիլյով նամակ որ փոխանցել եմ ՀՀ տարածքային կառավարում և ենթակառուցվածք նախարարություն և ուսումնասիրվել ռուսական լրատվամիջոց փոխանցում նամակ նշվել եմ որ Ռուսաստան կարող եմ միակողմանիորեն կասել կամ չեղարկել գազ նավթամթերք և մշակվել ադամանդի մատակարարում մասին համաձայնագիր եթե Հայաստան շարունակել եմ անդամակցություն գործընթաց,17,299
https://armenpress.am/hy/article/1251437,2026-05-28 16:13:00,ՀՀ ԲՏԱ նախարար շնորհակալություն եմ հայտնել ռազմարդյունաբերող նորարարություն համառ աշխատանք և նվիրվածություն համար,Հայաստան հանրապետություն բարձր տեխնոլոգիական արդյունաբերություն նախարար Մխիթար Հայրապետյան ֆեյսբուքյան գրառմամբ անդրադառնալ եմ հանրապետություն օր առիթ անցկացնել տոնական զորահանդես հանրապետություն օր առիթ անցկացնել տոնական զորահանդես ցուցադրել նաև հայրենական ռազմարդյունաբերություն կարևոր նմուշ գրել եմ նախարար հրապարակել լուսանկար Մխիթար Հայրապետյան ընդգծել եմ որ լուսանկարում պատկերել եմ Դադար ընկերություն կողմից արտադրել հետախուզահարվածային ԱԹՍ շնորհակալ եմ մենք բոլոր ռազմարդյունաբերող ինքը նորարարություն համառ աշխատանք և նվիրվածություն համար գրել եմ նա թվական մայիս Երևան տեղ ունենալ հանրապետություն օր զորահանդես առաջին անգամ ներկայանալ եմ ՀՀ բանակ նոր սպառազինություն ու տեխնիկան որտեղ տեղ եմ գտնել նաև հայրենական արտադրություն,13,89
https://armenpress.am/hy/article/1251391,2026-05-27 21:59:00,Նիկոլ Փաշինյան վստահեցնել որ ԵԱՏՄ հետ որևէ խնդիր եմ ծագել,Հայաստան այս պահ ոչ միայն եմ պատրաստվել դուրս գալ ԵԱՏՄ այլև ՀՀ վարչապետ ԵԱՏՄ միակ պաշտոնյան եմ ով միևնույն ժամանակ երկու բարձր կառավարում մարմին անդամ եմ Արմենպրես ը հաղորդում Աբովյան քաղաք քաղաքացիական պայմանագիր կուսակցություն քարոզարշավ ժամանակ ինքը ելույթ այս մասին ասել արձակուրդում գտնվել ՀՀ վարչապետ ՔՊ վարչություն նախագահ Նիկոլ Փաշինյան ինչ հայտարարություն որ հնչել եմ դա սին հայտարարություն եմ նա ով այդ հայտարարություն անել եմ նա եմ հասկանալ որ փորել եմ ԵԱՏՄ գերեզման ԵԱՏՄ առաջիկա նիստ մասնակցել եմ փոխվարչապետ քանի որ ես արձակուրդ մեջ եմ ես հունիս հետո դուք մանդատ ստանալ պարագա և այն ստանալ հետո վերադառնալ աշխատանք և դուք տեսնել որ այն բոլոր տագնապալի հայտարարություն որ անել եմ կեզոքանալ ասել նա Նիկոլ Փաշինյան խոսք պատերազմ եռագլուխ կուսակցություն եմ հասկանալ որ փորել եմ ԵԱՏՄ գերեզման ես նա խորհուրդ եմ տալ հետ կանգնել այդ ճանապարհ իհարկե ես վերադառնալ ԵԱՏՄ ձևաչափ ուղիղ կնայել գործընկեր աչք բոլոր փաստարկ դնել սեղան և ես դուք ասել եմ որ որևէ խնդիր եմ ծագել Հայաստան հանրապետություն այլևս որևէ իրավիճակ առանց այլընտրանք եմ մնալ մենք եմ լինել մի ճանապարհ հույս մի դաշնակց հույս եմ լինել մի խողովակ հույս այսօր մենք արդեն ունեմ երկաթուղ արևելք արևմուտք մենք ունեմ ախալքալաք Կարս երկաթուղի շուտ բացվել եմ մենք երկիր տարածք անցնել եմ գազամուղ այդ թիվ մենք այդ տրանզիտ հաշվին ունենալ եմ մենք սեփական գազ և այդ տրանզիտ համար մենք վճարել եմ գազ մենք զարգանալ եմ այլընտրանքային էներգետիկան հավելել ՔՊ վարչություն նախագահ նա նշել որ քանի դեռ Հայաստան կարող եմ միևնույն ժամանակ լինել և ԵԱՏՄ անդամ և շարունակել բարեփոխում եվրոպական ստանդարտ հասնել Հայաստան այդ ճանապարհ եմ գնալ այն պահ երբ գալ ընտրություն կատարել պահ մենք ընտրություն կատարել մենք ասել դուք կատարել ընտրություն այսօր Հայաստան հանրապետություն դառնալ եմ խաղաղություն խաչմերուկ և թե հյուսիս թե հարավ թե արևելք և արևմուտք պետք եմ լավ առաջարկ անել Հայաստան ժողովուրդ և Հայաստան ժողովուրդ կատարել ինքը ընտրություն մենք այլևս կոնֆլիկտ փակուղի եմ Հայաստան այլևս միլիարդ և տրիլիոն երկիր եմ եզրափակել Նիկոլ Փաշինյան մայիս մեկնարկել եմ Հայաստան հունիս կայանալ խորհրդարանական ընտրություն նախընտրական քարոզարշավ որ շարունակվել մինչև հունիս ընտրություն մասնակցել համար գրանցել եմ քաղաքական ուժ դաշինք և կուսակցություն քաղաքացիական պայմանագիր կուսակցություն ընտրություն մասնակցել եմ համար ներքո տեր կանգնիր խաղաղություն կարգախոս քաղաքացիական պայմանագիր կուսակցություն ԿԸՀ եմ ներկայանալ թեկնածու կազմվել ընտրական ցուցակ ինչպես նաև ազգային փոքրամասնություն թեկնածու բաղկանալ ցուցակ կուսակցություն վարչապետ թեկնածուն Նիկոլ Փաշինյան եմ,10,372
https://armenpress.am/hy/article/1251449,2026-05-28 22:43:54,միգրացիա ծառայություն հայտնել եմ ԱԺ ընտրություն նախորդել օր դրություն ընտրական ռեգիստրում ընտրող թիվ,Հայաստան հանրապետություն ազգային ժողով թվական հունիս կայանալ ընտրություն օր առաջ օր դրություն Հայաստան հանրապետություն ընտրող ռեգիստրում ընդգրկել ընտրող ընդհանուր թիվ կազմել եմ Արմենպրես ը փոխանցում այս մասին հայտնել եմ միգրացիա և քաղաքացիություն ծառայություն ընդգծել որ ըստ գտնվել վայրի ընտրական տեղամասեր ընդգրկել ընտրող թիվ եմ հաշվառ ունենալ ընտրող թիվ տեղաշարժում դժվարություն ունենալ ընտրող թիվ ՀՀ ընտրական օրենսգիրք սահմանադրական օրենք հոդված մաս համաձայն ազգային ժողով ընտրություն ժամանակ քվեարկություն օր առաջ և օր բնակչություն պետական ռեգիստր վարել Հայաստան հանրապետություն կառավարություն կողմից լիազորվել պետական կառավարում մարմին հրապարակ եմ Հայաստան հանրապետություն ընտրող ռեգիստրում ընդգրկել ընտրող ընդհանուր թիվ նշել նաև ըստ գտնվել վայրի ընտրող նախընտրել վայրի ընտրող և հաշվառ ունենալ ընտրող թիվ,13,106
https://armenpress.am/hy/article/1251389,2026-05-27 21:31:00,Անահիտ Մանասյան աշխատանքային այց եմ կատարել սպիտակ,մարդ իրավունք պաշտպան Անահիտ Մանասյան մայիս աշխատանքային այց եմ իրականանալ Լոռու մարզ սպիտակ համայնք Արմենպրես ը ՄԻՊ գրասենյակ տեղեկանալ որ պաշտուն այցելել եմ խնամք հկ սպիտակ խնամք կենտրոն տեղ ծանոթանալ հաստատություն շահառու իրավունք իրացում գործընթաց շենքային պայման մատուցել ծառայություն ինչպես նաև աշխատակից աշխատանքային պայման կենտրոն ղեկավարություն ուղեկցություն Անահիտ Մանասյան շրջայց եմ կատարել հաստատություն ծանոթանալ շահառու խնամք պայման և առկա խնդիր պաշտպան կարևորել եմ հոգեկան առողջություն հետ կապվել խնդիր ունենալ անձ իրավունք պաշտպանություն ապահովում ընդգծել որ այն պետք եմ հիմնվել լինել հավասարություն անհատական մոտեցում խտրականություն բացառում և մարդ արժանապատվություն հարգում սկզբունք վրա սպիտակ համայնք կատարել այց շրջանակ մարդ իրավունք պաշտպան Անահիտ Մանասյան այցելել եմ նաև առաքելություն Հայաստան հասարակական կազմակերպություն սպիտակ մասնաճյուղ պաշտպան ծանոթանալ եմ կազմակերպություն գործունեություն շահառու տրամադրել ծառայություն ինչպես նաև սոցիալական և հոգեբանական աջակցություն ծրագիր իրականացում այց ընթացքում պաշտպան հանդիպել եմ նաև շահառու հետ Անահիտ Մանասյան կարևորել եմ անմիջական շփում ու մարդ հետ համատեղ աշխատանք անհրաժեշտություն ես աշխատել եմ ոչ միայն մարդ համար այլ նաև մարդ հետ սկզբունք այդ տեսանկյուն մենք համար կարևոր եմ ոչ թե պարզապես գրասենյակ նստել մարդ համար ինչ որ հարց լուծել այլ նաև լինել մարդ կողք լսել նա միասին աշխատել ու հասկանալ խնդիր նշել եմ պաշտպան Անահիտ Մանասյան ընդգծել եմ որ նման հանդիպում կարևոր եմ ոչ միայն աշխատանքային այլ նաև մարդկային տեսանկյուն և հնարավորություն եմ տալ մարդ զգալ որ ինքը միայնակ եմ ու ունեմ աջակցություն հանդիպում ընթացքում քննարկել եմ նաև սոցիալական աջակցություն բանկային ծառայություն հասանելիություն և անկանխիկ շրջանառություն պայման տարեց ու խոցելի վիճակ գտնվել խումբ առջև ծառանալ խնդիր պաշտպան շեշտել եմ որ մարդ իրավունք պաշտպան աշխատակազմ ևս բարձրաձայնել եմ ոլորտ առնչվել խնդիր պաշտան այցելել եմ նաև ապագա տուն սպիտակ երիտասարդ մարդ քրիստոնեական ասոցիացիա հասարակական կազմակերպություն որտեղ ծանոթանալ եմ կազմակերպություն գործունեություն իրականանալ ծրագիր և պայման Անահիտ Մանասյան դիտարկել եմ երիտասարդ և երեխա համար նախատեսել կրթական սոցիալական և հոգեբանական աջակցություն ծրագիր իրականացում պայման համայնքային ներգրավվածություն հնարավորություն ընդգծել կազմակերպություն կողմից իրականանալ գործունեություն և ծրագիր կարևորություն պաշտպան կարևորել եմ քաղաքացիական հասարակություն կազմակերպություն դերակատարում մարդ իրավունք պաշտպանություն համայնքային ծառայություն համակարգ զարգացում և խոցելի վիճակ գտնվել խումբ սոցիալական ներառում ապահովում գործ ընդգծել որ այս առում անհրաժեշտ եմ պետություն քաղաքացիական հասարակություն շարունակական և արդյունավետ համագործակցություն միայն համատեղ ջանք կարելի եմ կառուցել հասարակություն որտեղ լիարժեք կերաշխավորվի հոգեկան առողջություն հետ կապվել խնդիր ունենալ հաշմանդամություն ունենալ անձ երեխա տարեց իրավունք պաշտպանություն սոցիալական ներառում և հավասար հնարավորություն ապահովում նշել եմ պաշտպան մարդ իրավունք պաշտպան շարունակել եմ ուշադրություն կենտրոն պահել հաշմանդամություն ունենալ անձ երեխա և տարեց իրավունք պաշտպանություն ոլորտ նպաստել խնդիր վերհանում ու դա լուծում արդյունավետ մեխանիզմ ձևավորում,7,400
https://armenpress.am/hy/article/1251433,2026-05-28 14:40:00,Հայաստան առաջիկա օր սպասել եմ փոփոխական եղանակ,Հայաստան հանրապետություն տարածք մայիս ցերեկ մայիս հունիս և ցերեկ առանձին շրջան շրջան մեծ մաս սպասել եմ կարճատև անձրև և ամպրոպ տեղ հնարավոր եմ նաև կարկուտ Արմենպրես ը հաղորդում այս մասին տեղեկանալ եմ հիդրոօդերևություն և մոնիթորինգ կենտրոն նշել որ օդի ջերմաստիճան մայիս բարձրանալ ևս աստիճան աստիճանաբար նվազել աստիճան մայիս տեղում առանձին վայր լինել առատ հունիս և ը գիշեր դիտվել առանց տեղում եղանակ քամի հարավարևմտյան ամպրոպ ժամանակ սպասել եմ նաև քամի ուժգնացում արագություն Երևան մայիս երեկոյան մայիս օր ընթացքում մայիս գիշեր հունիս և կեսօր հետո լինել կարճատև անձրև և ամպրոպ ամպրոպ ժամանակ սպասել եմ նաև քամի ուժգնացում արագություն մայիս ցերեկ հունիս և գիշեր դիտվել առանց տեղում եղանակ,7,105
https://armenpress.am/hy/article/1251403,2026-05-28 10:57:00,հանրապետություն օր զորահանդես ներկայանալ եմ երկիր արտադրություն սպառազինություն ու ռազմատեխնիկա,ՀՀ բանակ հանրապետություն օր նվիրվել զորահանդես ներկայանալ եմ նոր սպառազինություն համազգեստ ու գաղափարաբանություն Արմենպրես ը հաղորդում այս մասին հայտարարել ՀՀ վարչապետ Նիկոլ Փաշինյան հանրապետություն օր նվիրվել զորահանդես ժամանակ այդ գաղափարաբանություն առանցք հետևյալ եմ բանակ միակ խնդիր ՀՀ միջազգայնորեն ճանաչված ինքնիշխան տարածք պաշտպանություն եմ և մենք բանակ պետք եմ իրառվել Հայաստան միջազգային տարածք դուրս բացառություն միջազգային պայմանագիր հիմն վրա իրականանալ խաղաղապահ առաքելություն այս մոտեցում եմ հնարավոր դարձնել այն ինչ այսօր տեսնել ասել Փաշինյան նա խոսք թվական առաջ սպառազինություն և ռազմական տեխնիկա միջազգային շուկա հիմնականում փակ կամ դժվար հասանելի եմ ՀՀ համար որովհետև միջազգային գործընկեր հրաժարվել եմ զենք մատակարարել այն պատճառաբանություն թե համոզված եմ որ ՀՀ այդ զենք կիրառել եմ ինքը միջազգայնորեն ճանաչված տարածք դուրս միայն թվական հոկտեմբեր պրահայ ձեռք բերել համաձայնություն հետո երբ Հայաստան ու Ադրբեջան թվական ալմա Աթայ հռչակագիր հիմն վրա ճանաչել միմյանց տարածքային ամբողջականություն սպառազինություն միջազգային շուկ բացվել Հայաստան համար ընդգծել ՀՀ վարչապետ նա տեղեկատվություն զորահանդես հաշվետվություն ներկայանալ եմ շուրջ երկիր արտադրություն սպառազինություն ու ռազմատեխնիկա ռազմատեխնիկական համագործակցություն այս աշխարհագրություն իրական Հայաստան գաղափարախոսություն վրա հիմնվել քաղաքականություն արդյունք եմ հավելել Փաշինյան նա զորահանդես հաշվետվություն կարևոր առանցք մեկը համարել ՀՀ արտադրել սպառազինություն ու ռազմատեխնիկան որ ըստ Փաշինյան միջազգային շուկայ կայուն դիրք զբաղվել առաջին բայց վստահ քայլ եմ անել ՀՀ կառավարություն թվական սկսած շուրջ միլիարդ դրամ ներդր եմ անել ռազմարդյունաբերական համալիր և այսօր մենք ունեմ արդյունք որ կարող եմ հպարտանալ ընդհանրացնել վարչապետ,10,219
https://armenpress.am/hy/article/1251426,2026-05-28 13:39:00,ՀՀ վարչապետ անդրադառնալ եմ ՌԴ հետ հարաբերություն և գազ գին առնչվել հարց,Հայաստան վարչապետ Նիկոլ Փաշինյան անդրադառնալ Ռուսաստան հետ Հայաստան հարաբերություն Արմենպրես ը փոխանցում վարչապետ հարց անդրադառնալ լրագրող հետ ճեպազրույց անդրադառնալ գազ գին հնարավոր փոփոխություն վերաբերյալ ՌԴ հնչել հայտարարություն մենք ռազմավարություն մնալ եմ նույնը մենք Ռուսաստան դաշնություն մենք գործընկեր հետ հանգիստ առանց նյարդ աշխատել և մենք բոլոր խնդիր լուծել նշել վարչապետ Ռուսաստան դաշնություն պաշտոնյա հայտարարել եմ որ ռուսական գազ արտոնյալ գին Հայաստան համար կարող եմ ձևավորվել շուկայական հիմք վրա եթե Երևան որոշել դուրս գալ Եվրասիական տնտեսական միություն,12,75
https://armenpress.am/hy/article/1251425,2026-05-28 13:45:00,ՀՀ վարչապետ մանրամասնել եմ ԱՄՆ հետ ստորագրել հանքանյութ և հազվագյուտ հանածոն արդյունահան ոլորտ հուշագիր,Հայաստան հանրապետություն ու Ամերիկա միացյալ նահանգ կաշխատել Հայաստան նոր երկրաբանական քարտեզ ձևավորում ուղղություն լրագրող հետ ճեպազրույց ընթացքում այս մասին հայտնել Նիկոլ Փաշինյան ի պատասխան Արմենպրես ը թղթակց ԱՄՆ հետ ստորագրել կարևոր հանքանյութ և հազվագյուտ հանածոն արդյունահան և մշակում ոլորտ մատակարարում ապահովում վերաբերյալ շրջանակային հուշագիր վերաբերել հարց արհեստական բանականություն զարգացում համատեքստ էական նշանակություն եմ ձեռք բերել հազվագյուտ միներալ հուշագիր նպատակ Հայաստան ընդերք ուսումնասիրություն եմ ժամանակակից տեխնոլոգիա կամ միներալ որ քառասուն հիսուն տարի առաջ բացի գիտական էական հետաքրքրություն եմ առաջանալ իսկ այսօր էական նշանակություն ունեմ արհեստական բանականություն մեջ տեխնոլոգիական ապրանք արտադրություն համար նկատել վարչապետ Փաշինյան հավելել այժմ միշտ եմ որ ընդերք հորատում եմ հետազոտել տիեզերական հետազոտություն միջոցով աշխատել Հայաստան նոր երկրաբանական քարտեզ ձևավորում ուղղություն մայիս Երևան Հայաստան Ամերիկա միացյալնահանգներըշրջանակայինհուշագիրենստորագրելկարևորագույնհանքանյութերիևհազվագյուտհանածոներիարդյունահանմանևմշակման ոլորտումմատակարարմանապահովմանվերաբերյալ Հուշագիրըստորվելիվ պետքարտուղարկա Հայաստան այցիշրջանակ հայկականկողմ հուշագիրըստորագրելէՀՀԱԳնախարարԱրարատ Միրզոյան ամերիկյանկողմ ԱՄՆպետքարտուղար ՄարկոՌուբիո,14,128
https://armenpress.am/hy/article/1251421,2026-05-28 13:04:00,նախագիծ խաղաղություն պայմանագիր ստորագրում և վավերացում հետ ուղիղ փոխկապակցվածություն ունեմ Փաշինյան,Հայաստան տարածք իրականացվելիք նախագիծ Հայաստան և Ադրբեջան միջև խաղաղություն պայմանագիր հետ ուղիղ փոխկապակցվածություն ունեմ Արմենպրես ը փոխանցում այս մասին լրագրող հետ ճեպազրույց հայտարարել ՀՀ վարչապետ Նիկոլ Փաշինյան Թրիփփ նախագիծ խաղաղություն պայմանագիր ստորագրում և վավերանալ լինել հետ ուղիղ փոխկապակցվածություն ունեմ առանձին համաձայնագիր եմ ստորագրել և այդ համաձայնագիր իրականանալ ասել վարչապետ մայիս Հայաստան ԱՄՆ պետքարտուղար Մարկո Ռուբիո և ՀՀ ագ նախարար Արարատ Միրզոյան կողմից նախաստորագրվել եմ Թրամփի ուղի հանուն միջազգային խաղաղություն և բարգավաճում նախագիծ վերաբերյալ ռազմավարական համագործակցություն շրջանակային համաձայնագիր,11,77
https://armenpress.am/hy/article/1251399,2026-05-28 09:50:00,Հայաստան կենացա խաղաղություն վերածվել եմ իրական ու տեսանելի խաղաղություն Ալե Սիմոնյան ուղերձ հանրապետություն տոն առթիվ,մենք սկսել ու շարունակել եմ կառուցել այնպիսի պետություն որտեղ կենացա խաղաղություն վերածվել եմ իրական ու տեսանելի խաղաղություն Արմենպրես ը փոխանցում այս մասին հայտարարել եմ Հայաստան ԱԺ նախագահ Ալե Սիմոնյան հանրապետություն տոն առթիվ ինքը ուղերձ սիրելի հայրենակից շնորհավորել եմ բոլորը հանրապետություն տոն առթիվ թվական մայիս սարդարապատ Բաշ Ապարան Ղարաքիլիսա հերոսամարտ հետո վերականգնել դար շարունակ խաթարել հայ պետականություն հայ ժողովուրդ ապրել ինքը պատմություն կրքոր ժամանակաշրջան մեկը կարողանալ համախմբվել պետություն ունենալ վեհ գաղափար շուրջ հավատալ ինքը ուժ ու ոտք կանգնել կերտել անկախ հանրապետություն չնայած Հայաստան առաջին հանրապետություն ընդամենը երկուսուկես տարի կյանք ունենալ բայց այն շրջադարձային եմ մենք ազգային մտածողություն տեսանկյուն քանի որ դար պետականազուրկ լինել ազգ կրկին վերածվել պետականակերտ ժողովուրդ սիրելի հայրենակից այժմ մենք կանգնել եմ պատմական առաքելություն իրագործում առաջ մենք սկսել ու շարունակել եմ կառուցել այնպիսի պետություն որտեղ կենացա խաղաղություն վերածվել եմ իրական ու տեսանելի խաղաղություն պետություն որ տրել ինքնիշխան ազատ ու անկախ ձեւակերպում այլեւս միայն սահմանադրական ամրագրում եմ պետություն որտեղ ժողովրդավարություն ու մարդ իրավունք պաշտպանություն ոչ թե միայն կոչ եմ այլ հստակ որդեգրել քաղաքականություն ուղենիշ երբ քաղաքացի ինքը անմիջական մասնակցություն կարող եմ ունենալ պետություն զարգացում ու կայացում գործ և իհարկե պետություն որ ձեռք եմ բերել միջազգային հեղինակություն վայելել տարբեր երկիր առաջնորդ եւ միջազգային գործընկեր հարգանք ու գնահատանք փառք նահատակ եւ շնորհավել հանրապետություն տոն ազատ անկախ ու ինքնիշխան Հայաստան հանրապետություն քաղաքացի ասել եմ ուղերձ,15,212
https://armenpress.am/hy/article/1251390,2026-05-27 21:32:00,Փաշինյան Աբովյան անդրադառնալ միջանցք և ադրբեջանցի վերադարձ թեմա,Կոտայք մարզ քաղաքացիական պայմանագիր կուսակցություն քարոզարշավ ամփոփվել Աբովյան քաղաք հրավիրել հանրահավաք որ մեկնարկել ՀՀ օրհներգ Արմենպրես ը հաղորդում արձակուրդում գտնվել ՀՀ վարչապետ ՔՊ վարչություն նախագահ Նիկոլ Փաշինյան ով ինքը ելույթ սկսել սաղմոս նշել որ մայիս Հայաստան և ԱՄՆ միջև նախաստորագրել փաստաթուղթ պատմական եմ մեջբերել փաստաթուղթ մի հատված որ կողմ ընդունել եմ որ Հայաստան պահպանել եմ լիակատար ինքնիշխանություն և իրավազորություն ինքը սահման և մաքսային գործառույթ նկատմամբ Փաշինյան ասել որ սա տրել եմ բոլոր զրպարտող պատասխան միջանցք թեմա կամ եմ էլ լինել պատերազմ եռագլուխ կուսակցություն եմ որ օտարերկյա գործակալական գործունեություն ծավալել անընդհատ մեյդ եմ բերել այդ թեմ փորձել Հայաստան ժողովուրդ ահաբեկել և այդ տրամաբանություն մեջ Հայաստան իշխանափոխություն իրականանալ ասել նա Նիկոլ Փաշինյան նշել որ այդ նույն մարդ այդ նույն տրամաբանություն փորձել եմ թելել հազար ադրբեջանցի վերադարձ թել սկիզբ ես մտածել եմ թե այդ մարդ խելագար եմ Հայաստան այդ խոսույթ զարգանալ բայց ամեն օր հետ համոզվել եմ համադրել նաև հրապարակել փաստ որ նա խելագար եմ այլ սառնասիրտ գործակալ եմ և եռագլուխ պատերազմ կուսակցություն թվական հունիս պետք եմ գլխատել ՀՀ ժողովուրդ ձեռամ ասել ՔՊ վարչություն նախագահ հավելել որ որևէ ադրբեջանցի վերադարձ թեմ դա լրտեսական հերթական օպերացիա եմ որ պատերազմ լրտեսական մաֆիոզ եռագլուխ կուսակցություն փորձել եմ խաթարել Հայաստան անցում կոնֆլիկտ փակուղուց դեպի խաղաղություն խաչմերուկ մենք փակել եմ այդ թեմ փակել նաև ղարաբաղյան շարժում էջ և սա պատմական իրադարձություն եմ քանի որ Աբովյան նաև Ղարաբաղ գալ ժողովուրդ կամ ես ուզել եմ նա ասել որ ի վերջ մենք պետք եմ առերեսվել ճշմարտություն սիրելի ղարաբաղցի դուք տարի պահել եմ պատանդ որպեսզի մենք և դուք օգտագործել Հայաստան պետականություն վերանալ Հայաստան բզկտել և մասնատել համար Լաչին միջանցք տրամաբանություն մեջ մեղրի միջանցք ստանալ համար բայց մենք կասել եմ այդ գործընթաց սկզբունքորեն պաշտպանել Հայաստան ինքնիշխանություն տարածքային ամբողջականություն սահման անխախտելիություն և այսօր Հայաստան անկախ եմ ավելի քան երբևէ ասել Փաշինյան Փաշինյան նշել որ Ղարաբաղ ժողովուրդ թվական այս կողմ պետություն հատկացնել եմ միլիարդ դրամ արդեն ընտանիք ստանալ եմ բնակարան ձեռքբերում վկայագիր մայիս մեկնարկել եմ Հայաստան հունիս կայանալ խորհրդարանական ընտրություն նախընտրական քարոզարշավ որ շարունակվել մինչև հունիս ընտրություն մասնակցել համար գրանցել եմ քաղաքական ուժ դաշինք և կուսակցություն քաղաքացիական պայմանագիր կուսակցություն ընտրություն մասնակցել եմ համար ներքո տեր կանգնիր խաղաղություն կարգախոս քաղաքացիական պայմանագիր կուսակցություն ԿԸՀ եմ ներկայանալ թեկնածու կազմվել ընտրական ցուցակ ինչպես նաև ազգային փոքրամասնություն թեկնածու բաղկանալ ցուցակ կուսակցություն վարչապետ թեկնածուն Նիկոլ Փաշինյան եմ,8,366
https://armenpress.am/hy/article/1251455,2026-05-29 09:31:00,Գևորգ Մանթաշյան ներկայանալ եմ Հայաստան մոտեցում արհեստական բանականություն պատասխանատու կիրառում վերաբերյալ ԵԱՏՄ ֆորում,Հայաստան բարձր տեխնոլոգիական արդյունաբերություն նախարար առաջին տեղակալ Գևորգ Մանթաշյան մայիս աստանա մասնակցել եմ Եվրասիական տնտեսական ֆորում շրջանակ կազմակերպել Եվրասիական տնտեսական ինտեգրում շրջանակ արհեստական բանականություն պատասխանատու կիրառում սկզբունք թեմայ պանելային ձևաչափ քննարկում Արմենպրես ը փոխանցում այս մասին հաղորդագրություն եմ տարածել ՀՀ բարձր տեխնոլոգիական արդյունաբերություն նախարարություն քննարկում նվիրվել եմ արհեստական բանականություն ԱԲ դեր որպես Եվրասիական տնտեսական միություն ընդհանուր շուկայ թվային ինտեգրում տնտեսական արդիականացում և նորարարական աճ խթանում կարևոր գործոն մասնակից անդրադառնալ եմ ԱԲ զարգացում առաջնահերթություն տվյալ կառավարում արդյունավետ մեխանիզմ ընդհանուր չափորոշիչ ձևավորում ինչպես նաև անվտանգ և վստահելի թվային լուծում զարգացում անհրաժեշտություն քննարկում ընթացքում առանձնահատուկ ուշադրություն եմ դառնալ արհեստական բանականություն պատասխանատու և մարդակենտրոն կիրառման կիբեռանվտանգություն ապահովում և միջազգային լավ փորձել վրա հիմնվել համագործակցություն զարգացում ինքը ելույթ նախարար առաջին տեղակալ նշել եմ որ արհեստական բանականություն և թվային տեխնոլոգիա զարգացում պահանջել եմ ոչ միայն առաջադեմ լուծում ներդր այլև պատասխանատու կառավարում և երկարաժամկետ ռազմավարական մոտեցում ձևավոր թվային փոխակերպում միայն նոր տեխնոլոգիա ներդր եմ այլ նաև պատասխանատվություն դա անվտանգ արդյունավետ և վստահելի կիրառում ապահովում համար արհեստական բանականություն զարգացում պետք եմ հիմնվել լինել վստահություն թափանցիկություն մասնագիտական կարողություն զարգացում մարդ վրա կենտրոնանալ մոտեցում և միջազգային համագործակցություն սկզբունք վրա նշել եմ Գևորգ Մանթաշյան նախարար առաջին տեղակալ կարևորել եմ նաև ԵԱՏՄ անդամ երկիր միջև փորձել փոխանակում և մասնագիտական համագործակցություն խորացում ընդգծել որ արհեստական բանականություն և մեքենայական ուսուցում տեխնոլոգիա կարող եմ էական դեր ունենալ արտադրական մրցունակություն բարձրացում պետական ծառայություն արդյունավետություն և նորարարական էկոհամակարգ զարգացում գործ Գևորգ Մանթաշյան նշել եմ նաև որ Հայաստան շարունակաբար զարգանալ եմ ինքը տեխնոլոգիական և նորարարական ներուժ կարևորել կրթություն մասնագիտական պատրաստվածություն և միջազգային գործընկերություն դեր տարածաշրջան վստահելի և մրցունակ ԱԲ էկոհամակարգ ձևավորել գործ քննարկում մասնակցել եմ ԵԱՏՄ անդամ երկիր բարձրաստիճան պաշտոնյա այդ թիվ Ղազախստան հանրապետություն արհեստական բանականություն և թվային զարգացում փոխնախարար Դմիտր Անդրեևիչ Մուն Բելառուս հանրապետություն կապ և տեղեկատվայնացում նախարար Կիրիլ Բորիսովիչ Զալեսկ ինչպես նաև Եվրասիական զարգացում բանկ ԵԱԶԲ վարչություն նախագահ տեղակալ Տիգրան Սարգսյան միջոցառում ներկա եմ լինել նաև միջազգային կազմակերպություն և ոլորտային կառույց ներկայացուցիչ քննարկել տարածաշրջան թվային համագործակցություն զարգացում արհեստական բանականություն կիրառում և տեխնոլոգիական առաջընթաց հեռանկար,13,318
https://armenpress.am/hy/article/1251413,2026-05-28 12:12:00,Զորահանդես հաշվետվություն հրետանային համազարկ հարգանք տուրք մատուցել բոլոր նահատակ հիշատակ,հանրապետություն օր նվիրվել զորահանդես հաշվետվություն եմ քաղաքացի թե ինչ եմ անել վերջին տարի ՀՀ պաշտպանունակություն բարձրացում համար Արմենպրես ը հաղորդում այս մասին հայտարարել ՀՀ վարչապետ Նիկոլ Փաշինյան մայիս հանրապետություն օր նվիրվել զորահանդես ժամանակ այս հաշվետվություն հասցեատ եմ նաև մենք նահատակ ով զոհողություն գին ով կյանք գին Հայաստան հանրապետություն այսօր պետություն եմ ավելի քան երբևէ անկախ եմ ավելի քան երբևէ ինքնիշխան եմ ավելի քան անվտանգ եմ ավելի քան երբևէ ասել Փաշինյան հայտարարել մեկ րոպե լռություն ու հրետանային համազարկ հարգանք տուրք բոլոր նահատակ հիշատակ Հայաստան հանրապետություն սերտել եմ պատմություն դաս Հայաստան հանրապետություն սերտել եմ բանակ պատմություն դաս և այսօր դուք տեսնել եմ տեսնել եմ այդ ամենը առարկայական արդյունք Հայաստան հանրապետություն նոր բանակ նոր սպառազինություն և տեխնիկա նոր համազգեստ նոր գաղափարաբանություն նոր զինանշան նոր հոգեբանություն և նոր մարտունակություն շնորհակալություն եմ հայտնել բոլոր պաշտոնյա զինծառայող մասնավոր հատված ընկերություն մենք բոլոր միջազգային գործընկեր ով ներդր եմ ունենալ մենք նոր բանակ ձևավորում գործ շնորհակալություն եմ հայտնել նաև Հայաստան աշխատել արդյունք ստեղծել օրենք սահմանել հարկ վճարող հսկիչ դրամարկղային կտրոն պահանջել և ստանալ բոլոր քաղաքացի բոլոր մարդ ով գեներացնել հարկ շնորհիվ Հայաստան հանրապետություն կարող եմ ինքը թույլ տալ ունենալ նոր ժամանակակից պաշտպանունակ և ուժեղ բանակ ընդգծել եմ Փաշինյան,10,190
https://armenpress.am/hy/article/1251410,2026-05-28 11:35:00,ՀՀ բանակ կերպափոխում ընթանալ եմ մեծ տեմպ Փաշինյան,ՀՀ բանակ կերպափոխում ընթանալ եմ մեծ տեմպ ինչ համար մեծ նշանակություն ունեմ զինծառայող սոցիալական երաշխիք համակարգ Արմենպրես ը հաղորդում մայիս հանրապետություն օր նվիրվել զորահանդես ժամանակ վարչապետ Նիկոլ Փաշինյան անդրադառնալ ՀՀ զինել ուժ կերպափոխում գործընթաց առանձնահատկություն ու սոցիալական երաշխիք կարևորել զինծառայող ատեստավորում գործընթաց ու պաշտպան հայրենյաց ծրագիր այսօր հպարտություն առիթ եմ նաև այն որ զորահանդես մասնակցել եմ կամավոր ատեստավորում ինքը բարձր մարտունակություն ապացուցել զինծառայող ինչպես նաև պաշտպան հայրենյաց ծրագիր մասնակից ով ժամկետային պրոֆեսիոնալ բանակ անցում կարևոր մասնակից եմ ՀՀ բանակ կերպափոխում ընթանալ եմ մեծ տեմպ ինչ համար մեծ նշանակություն ունեմ զինծառայող սոցիալական երաշխիք համակարգ այսօր Հայաստան հազար դրամ աշխատավարձ ստանալ շարքային կազմ զինծառայող կամ և կամավոր ատեստավորում շրջափուլ միջոցով վարձատրություն ավելացում գործընթաց լինել եմ շարունակական ներկայանալ վարչապետ նա խոսք պաշտպան հայրենյաց ծրագիր զինծառայող պայմանագրային հնգամյակ ավարտել հետո ստանալ լրացուցիչ միլիոն դրամ պարգևավճար Փաշինյան հավաստում Վազգեն Սարգսյան անուն ռազմական ակադեմիա կուրսանտ էլ որ ուսումնառություն ընթացքում այժմ ստանալ եմ մինչև հազար դրամ կրթաթոշակ ռազմաուսումնական հաստատություն հաջողություն ավարտել և սպայական նշանակել ստանալ հետո Երևան գին հաշվարկել բնակարան գնում հավաստագիր ստանալ կառավարություն կողմից այսպիսով մենք սպայակազմ բնակարանային խնդիր որ սկիզբ մեծ հաշիվ լուծվել եմ ստանալ արմատական լուծ կառավարություն բոլորովին վերջ որոշում ընդունել պաշտպանություն նախարարություն բնակարանային հերթացուցակ սկիզբ հերթագրել շուրջ ընտանիք բնակարանային խնդիր առաջիկա տարում լուծել մասին ընթանալ եմ զինծառայություն մեջ գտնվել անձ բնակարան ձեռք բերել պետական ծրագիր որ առաջիկա ընդլայնել հավելել վարչապետ,8,217
https://armenpress.am/hy/article/1251400,2026-05-28 09:53:00,մենք տեսնել եմ Հայաստան հետ նոր և հրաշալի հարաբերություն ձևավորում Ռուբիո,ԱՄՆ պետքարտուղար Մարկո Ռուբիո մայիս Հայաստան այց հետո սպիտակ տուն տեղ ունենալ հանդիպում ընթացքում ԱՄՆ նախագահ Դոնալդ Թրամփին ներկայանալ եմ Հայաստան և Ադրբեջան միջև խաղաղություն գործընթաց ինչպես նաև Հայաստան հետ նոր համագործակցություն ուղղություն և այն վայր մեկը որտեղ ես կանգ եմ առնել անցնել գիշեր հենց Թրամփի ուղի հանուն միջազգային խաղաղություն և բարգավաճում նախագիծ մեկնարկ համար եմ Արմենպրես ը հաղորդում ասել եմ նա ԱՄՆ պետքարտուղար խոսք այդ նախաձեռնություն հիմնական անկյունաքար մեկը Հայաստան և Ադրբեջան միջև խաղաղություն համաձայնագիր եմ դա խաղաղություն համաձայնագիր եմ որ դուք կարողանալ եմ հասնել Հայաստան և Ադրբեջան միջև հայտարարել եմ Ռուբիո դիմել Թրամփին նա նաև տեղեկանալ եմ որ Հայաստան հետ ստորագրվել եմ կարևոր հուշագիր մենք ստորագրել նաև օգտակար հանածոն վերաբերյալ կարևոր փոխըմբռնում հուշագիր ինչպես նաև ռազմավարական փոխգործակցություն հուշագիր նշել եմ Ռուբիո ԱՄՆ պետքարտուղար նաև ընդգծել եմ որ այժմ ձևավորվել եմ նոր հարաբերություն Հայաստան հետ հիմա մենք տեսնել եմ Հայաստան հետ նոր և հրաշալի հարաբերություն ձևավորում որ ըստ էություն շատ երկար ժամանակ գտնվել եմ լճացում մեջ ասել եմ նա Հայաստան ու ԱՄՆ ռազմավարական գործընկերություն բարձրանալ եմ նոր մակարդակ ստորագրել երկու երկիր միջև համապարփակ ռազմավարական գործընկերություն կանոնադրություն կանոնադրություն ստորագրվել եմ Մարկո Ռուբիո Երևան կատարել այց շրջանակ հայկական կողմ փաստաթուղթ ստորագրել եմ ՀՀ արտաքին գործ նախարար Արարատ Միրզոյան ամերիկյան կողմից Մարկո Ռուբիո,11,201
https://armenpress.am/hy/article/1251428,2026-05-28 13:53:00,Հայաստան պոտենցիալ եմ տեսնել Փաշինյան,Հայաստան ոչ միայն եմ պատրաստվել դուրս գալ Եվրասիական տնտեսական միություն այլ մտադիր եմ օգտագործել կառույց ինքը ներգրավվածություն ու լծակ երկիր տնտեսական շահ պաշտպանել համար Արմենպրես ը հաղորդում լրագրող հետ ճեպազրույց այս մասին հայտարարել եմ ՀՀ վարչապետ Նիկոլ Փաշինյան նա ընդգծել եմ որ Հայաստան շարունակել եմ նաև արտահանում և ներմուծում ուղղություն դիվերսիֆիկացում քաղաքականություն մենք ասել եմ որ Եվրասիական տնտեսական միություն ոչ միայն եմ պատրաստվել դուրս գալ այլև պատրաստվել եմ մենք լծակ օգտագործել և մենք ներգրավվածություն օգտագործել մենք երկիր տնտեսական շահ պաշտպանել համար ասել եմ վարչապետ նա խոսք արտահանում և ներմուծում ուղղություն դիվերսիֆիկացում նոր գործընթաց եմ և արդեն տարբեր ուղղություն առևտրաշրջանառություն աճ եմ արձանագրել Փաշինյան նշել եմ որ Հայաստան արտահանում համար բացվել եմ նաև ախալքալաք կարս երկաթուղի շատ ուրախ եմ որ ախալքալաք Կարս երկաթուղի եմ բացվել Հայաստան արտահանում համար և առաջիկա բիզնես պատվիրակություն եմ գնալ այդ երկաթգ հնարավոր շուկա ուսումնասիրել ասել եմ նա հավելել որ արդեն կամ գործընկեր հրավեր վարչապետ խոսք ԵԱՏՄ ներուժ դեռ ամբողջություն օգտագործել եմ մասնավորապես Հայաստան առևտրատնտեսական հարաբերություն Ղազախստան և Ղրղզստան հետ սահմանափակ եմ երկաթուղի բացում Ադրբեջան մեջ Հայաստան և Ղազախստան Հայաստան և Ղրղզստան առևտրատնտեսական հարաբերություն զարգանալ մեծ պոտենցիալ եմ ձևավորվել նշել եմ Փաշինյան նա հիշել եմ որ երկաթուղի առաջին գործարկում զուգահեռ Հայաստան նաև Ղազախստան հացահատիկ ներմուծում գործարք եմ կնքել մենք պոտենցիալ եմ տեսնել և առանց նյարդ գործընկերային հանդարտ աշխատել եմ բոլոր հարց լուծել ասել եմ վարչապետ Ռուսաստան փոխվարչապետ ալեքսեյ Օվերչուկ հայտարարել եմ որ մայիս աստանա կայանալ ԵԱՏՄ բարձր խորհուրդ նիստ քննարկել եմ Եվրասիական տնտեսական միություն Հայաստան կարգավիճակ հարց Օվերչուկ նշել եմ որ Ռուսաստան եմ ցանկանալ որպեսզի Հայաստան լքել ԵԱՏՄ ընդգծել որ երկիր եվրաինտեգրում ճանապարհ այնուամենայնիվ կարող եմ առաջանալ խնդիր,5,261
https://armenpress.am/hy/article/1251439,2026-05-28 16:33:00,ուժեղ Հայաստան կուսակցություն դաշինք անդամ այցելել եմ Սարդարապատ Եղվարդ Բյուրեղավան,ազգային ժողով ընտրություն մասնակցել ուժեղ Հայաստան կուսակցություն դաշինք Նարեկ Կարապետյան գլխավորություն մայիս հանրապետություն օր կապակցությամբ այցելել եմ Սարդարապատ Արմենպրես ը հաղորդում Նարեկ Կարապետյան պատասխանել լրագրող այն հարց թե արդյոք միջամտություն եմ համարել ընտրություն մեկ շաբաթ առաջ Դոնալդ Թրամփի Նիկոլ Փաշինյան աջակցություն հայտնել նշել որ ԱՄՆ նախագահ Հայաստան դաշնակից երկիր ղեկավար եմ և վստահ եմ որ փոփոխություն հետո նա աջակցություն եմ հայտնել նաև սամվել Կարապետյան անդրադառնալ հանրապետություն հրապարակ անցկացնել ռազմական շքերթ Նարեկ Կարապետյան նշել որ սա նախընտրական գործընթաց եմ ցույց տալ համար որ այս իշխանություն կարողանալ եմ զենք գնել բայց ես վստահ եմ որ հաջորդ իշխանություն զենք նվեր եմ ստանալ շատ էժան եմ գնել և Հայաստան ունենալ եմ լուրջ անվտանգային համակարգ որտեղ զենք իրար հետ համահունչ եմ լինել այսինքն մասնագիտական առում մասնագետ ներկայանալ որ մենք զինանոց կամ անհամահունչություն և դա բերել եմ մեծ խնդիր ասել նա ուժեղ Հայաստան կուսակցություն դաշինք ներկայացուցիչ հանդիպել և զրուցել եմ նաև Եղվարդ և Բյուրեղավան բնակիչ հետ մայիս մեկնարկել եմ Հայաստան հունիս կայանալ խորհրդարանական ընտրություն նախընտրական քարոզարշավ որ շարունակվել մինչև հունիս ընտրություն մասնակցել համար գրանցել եմ քաղաքական ուժ դաշինք և կուսակցություն ուժեղ Հայաստան կուսակցություն խորհրդարանական ընտրություն մասնակցել եմ համար ներքո կուսակցություն կարգախոս եմ փոփոխություն կուսակցություն ԿԸՀ եմ ներկայանալ թեկնածու բաղկանալ ցուցակ ինչպես նաև ազգային փոքրամասնություն թեկնածու բաղկանալ ցուցակ դաշինք առաջնորդ Սամվել Կարապետյան սակայն ցուցակ ներառել եմ քանի որ նա բացի ՀՀ քաղաքացիություն ունեմ նաև Ռուսաստան և Կիպրոս քաղաքացիություն իսկ ՀՀ սահմանադրություն համաձայն այլ երկիր քաղաքացիություն ունենալ անձինք եմ կարող լինել ոչ վարչապետ ոչ պատգամավոր թեկնածու,10,238
https://armenpress.am/hy/article/1251432,2026-05-28 14:36:00,խափանվել եմ ՀՀ պետականություն ծունկ բերել ծրագիր Փաշինյան Ղարաբաղ փսևդոէլիտա մասին,Հայաստան կառավարություն Նիկոլ Փաշինյան գլխավորություն խափանել և ձախողում եմ մատնել ՀՀ պետականություն ծունկ բերել որոշ շրջանակ ծրագիր Արմենպրես ը փոխանցում այս մասին լրագրող հետ ճեպազրույց հայտարարել Հայաստան վարչապետ Նիկոլ Փաշինյան անդրադառնալ Ղարաբաղ ժողովուրդ վերաբերյալ օր առաջ ինքը կողմից հնչել հայտարարություն ես խոսույթ վերաբերել եմ լեռնային Ղարաբաղ փսևդոէլիտային և նա հարակ շրջանակ նա փախչել եմ սամվել Շահրամանյան գլխավորություն հիմա էլ գալ եմ և ուզել եմ Հայաստան ժողովուրդ կրկին ներքաշել պատերազմ մեջ Ղարաբաղ այսպես կոչվել փսևդոէլիտային արմատախիլ եմ անել Հայաստան հանրապետություն այսօր գալ եմ ասել եմ Ղարաբաղ հարց ինքը պետք եմ պարզաբանել որտեղ եմ լինել բացի փախնել ուրիշ ինչ եմ զբաղվել ոչ մի բան այդ խոսույթ վերաբերել եմ ոչ թե նա որ կարող եմ զոհվել և եմ զոհվել այլ նա որ ընտրել եմ որ ինքը պետք եմ ոչ մի պարագա զոհվել ես որդի մոտ արկ խրամատ ինքը ծառայակից զոհվել եմ ես ընտանիք լինել եմ Ղարաբաղ և դա դառնալ եմ շատ քննարկում առարկա Ղարաբաղ փսևդոէլիտա որ ամեն անգամ փախչել եմ գալ եմ ուզել եմ Հայաստան կրկին ներքաշել կոնֆլիկտ մեջ այդ թիվ Ղարաբաղ ժողովուրդ եմ պատանդ կարգավիճակ պահել դա ունենալ եմ մեկ նպատակ Հայաստան պետականություն ծունկ բերել մեղրի միջանցք տալ հետո մենք այդ բոլոր պլան խափանել եմ Ռոբերտ Քոչարյան գլխավորություն Մեղրի ու Սյունիք հանձնել պլան եմ լինել որ հրապարակել եմ այդ պլան իրագործում համար եմ տեղ ունենալ հոկտեմբեր և ես հպարտ եմ որ այդ պլան խափանել եմ ասել Փաշինյան նա խոսք Ղարաբաղ փսևդոէլիտա բոլոր ներկայացուցիչ պետք եմ պարզաբանել ինչու եմ լինել առաջնագծ փախչել եմ բոլոր փախած ցուցակ կամ առաջիկա Ղարաբաղ փսևդոէլիտա ունեցվածք ցանկ հրապարակել Հայաստան հանրապետություն որ պատկեր պարզ լինել այսօր նա Ղարաբաղ մենք ժողովուրդ եմ թողնել տնավորվել պլանավորել եմ առաջիկա տարում միլիարդ դրամ հատկացում անել որ այդ ժողովուրդ ի վերջ տնավորվել հանդարտել հանգստանալ պանդուխտ և գաղթական հոգեբանություն դուրս գալ բայց փոքր փախել պսևդոէլիտան եմ ցանկանալ հանգիստ տալ ժողովուրդ հետևաբար այդ փսևդոէլիտա գործունեություն պետք եմ զրոյանալ ապօրին գույք բռնագանձում համակարգ հատ հատ այդ տասնյակ և հարյուրավոր տուն ձեռք առնել եմ առաջիկա դա անպայման տեղ եմ ունենալ դա համար եմ մանդատ ուզել Հայաստան և Ղարաբաղ ժողովուրդ նշել եմ Փաշինյան,11,334
https://armenpress.am/hy/article/1251392,2026-05-28 08:43:00,Փաշինյան Հայաստան ուժեղ և անվտանգ երկիր եմ դառնալ Թրամփ աջակցություն եմ հայտնել վարչապետ,ԱՄՆ նախագահ Դոնալդ Թրամփ հայտարարել եմ որ ՀՀ վարչապետ Նիկոլ Փաշինյան Հայաստան ուժեղ և անվտանգ երկիր եմ դառնալ նաև կիսել եմ Հայաստան և հարավային Կովկաս հետ կապվել ինքը տեսլական Արմենպրես ը փոխանցում այս մասին նա գրել եմ հարթակ նաև կարևորել օր ԱՄՆ պետքարտուղար և ՀՀ արտգործնախարար Արարատ Միրզոյան հանդիպում ժամանակ ստորագրել փաստաթուղթ Հայաստան վարչապետ Նիկոլ Փաշինյան լավ ընկեր և առաջնորդ ինքը երկիր դառնալ եմ ուժեղ հարուստ և շատ անվտանգ Նիկոլ լիովին կիսել եմ Հայաստան և ամբողջ հարավային Կովկաս տարածաշրջան համար խաղաղություն և բարգավաճում ես տեսլական գրել եմ ԱՄՆ նախագահ Թրամփ ընդգծել եմ մայիս ԱՄՆ պետքարտուղար Մարկո Ռուբիո Հայաստան այց ժամանակ ստորագրել փաստաթուղթ կարևորություն մենք պետքարտուղար Մարկո Ռուբիո վերջ այցելել Հայաստան որտեղ առաջ մղել մի քանի կարևոր գործարք մենք երկու երկիր համար շուտ միացյալ նահանգ և Հայաստան միասին հիմք դնել Թրամփի ուղի հանուն միջազգային խաղաղություն և բարգավաճում նախագիծ որ կվերափոխ հարավային Կովկաս և մենք հրաշալի ամերիկյան էներգետիկ ընկերություն օգնել մուտք ունենալ կենտրոնական Ասիա մինչև միացյալ նահանգ հավելել եմ սպիտակ տուն ղեկավար Թրամփ նաև առաջիկա ընտրություն աջակցություն եմ հայտնել Նիկոլ Փաշինյան այս պատճառ հաշիվ առնել Նիկոլ ունեմ ես լիակատար և ամբողջական աջակցություն թվական հունիս վերընտրվել համար Նիկոլ օգնություն մենք միացյալ նահանգ Հայաստան հարավային Կովկաս և կենտրոնական Ասիա հասննել ավելի մեծ բարձունք քան երբևէ Հայաստան կրկին ավելի հզոր դարձնել եզրափակել եմ Թրամփ,13,209
https://armenpress.am/hy/article/1251434,2026-05-28 15:31:00,ժամանակավորապես կսահմանափակ Հայաստան մի շարք գյուղմթերք ներմուծում,Ռոսսելխոզնադզու մայիս ժամանակավորապես սահմանափակել եմ Հայաստան Ռուսաստան մի շարք պտուղ բանջարեղենային արտադրանք ներմուծում Արմենպրես ը փոխանցում ռուսական գերատեսչություն հաղորդագրություն համաձայն սահմանափակում վերաբերել եմ հայկական ծագ ունենալ լոլիկ վարունգ պղպեղ կանաչեղեն և ելակ ներմուծում Ռոսսելխոզնադզոր ը հայտարարել եմ որ որոշում ընդունվել եմ Հայաստան պտուղբանջարեղենային արտադրանք մատակարարում ընթացքում խախտում հաճախակիացում պատճառով և ֆիտոսանիտարական բարեկեցություն ապահովել նպատակով թվական մայիս ընկնել ժամանակահատված գերատեսչություն իրականանալ եմ ստուգում հայկական ձեռնարկություն Ռոսսելխոզնադզոր ը տեղեկատվական համակարգ տվյալ մեծ ծավալ պտուղբանջարեղենային արտադրանք մատակարարել եմ արտաքին տնտեսական գործունեություն իրականանալ բազմաթիվ հայկական ընկերություն կողմից որ սեփականություն ձև ըստ ռուսական կողմ անհայտ եմ և որ խուսափել եմ կարանտինային բուսասանիտարական վերահսկողություն,7,98
https://armenpress.am/hy/article/1251438,2026-05-28 16:23:00,Հայաստան պետք եմ ունենալ արհեստական բանականություն գործարան Արման Թաթոյան,Հայաստան պետք եմ ունենալ արհեստական բանականություն գործարան Արմենպրես ը հաղորդում այս մասին տեսաուղերձ հայտարարել եմ Հայաստան հունիս կայանալ խորհրդարանական ընտրություն մասնակցել միասնություն թև կուսակցություն նախագահ Արման Թաթոյան նշել որ վարչապետ լինել պարագա նման հարց պետական քաղաքականություն առաջնային ուղղություն եմ լինել մենք պահպանել եմ բոլոր միջազգային պարտավորություն զարգանալ և խորանալ եմ հարաբերություն այս բոլոր հարց ԱՄՆ և մյուս բոլոր երկիր հետ մենք Հայաստան կրթական համակարգ համալսարան քոլեջ և դպրոց անել եմ կրթական ծրագիր փոփոխություն ասել Թաթոյան նա ընդգծել նաև որ այս համակարգ օգտագործել եմ ճանապարհային երթևեկություն անվտանգություն հարց գյուղատնտեսություն և արդյունաբերություն մեջ մենք սփյուռք հայրենակից հետ աշխատել եմ շատ սերտ որպեսզի նա հետ միասին այս համակարգ բերել և ներդնել մենք երկիր միայն թե այս ընթացք մենք պահպանել եմ մենք ազգային ինքնություն պահպանել և զարգանալ եմ մենք ազգային արժեք որպեսզի ամբողջ աշխարհ իմանալ որ մենք հայ եմ դա անել դա հնարավոր եմ և դա կարող եմ անել հենց հայ տեխնոլոգիական ոլորտ Հայաստան կառավարություն առաջատար իրագործել ծրագիր եմ Հրազդան ԱԲ գործարան կառուցում նախագիծ որ ընկերություն ը և Հայաստան կառավարություն համատեղ ձեռնարկ եմ առաջին փուլ համար հայտարարել եմ միլիոն դոլար ներդրում մասին փետրվար ը և ԱՄՆ կառավարություն պաշտոնապես հայտարարել մեկնարկել եմ նախագիծ երկրորդ փուլ ներդրում ծավալ հասնվել եմ շուրջ միլիարդ դոլար տարեվերջ նախատեսել եմ հրազդան գործարկել երկրորդ փուլ համար հայտարարել հազար ինմեկնարկելէունի ը ը հայաստանումկայանալի քխորհրդարանականընտրություններինախընտրականքարոզարշավը ը ընտրություն արմանթաթոյանիգլխավորած միասնությանթևեր,9,216
https://armenpress.am/hy/article/1251448,2026-05-28 22:26:00,Տիգրան Խաչատրյան մասնակցել եմ հանրապետություն տոն և Ապարան հաղթական ճակատամարտ նվիրվել միջոցառում,Հայաստան հանրապետություն փոխվարչապետ Տիգրան Խաչատրյան մայիս մասնակցել եմ հանրապետություն տոն և Ապարան հաղթական ճակատամարտ նվիրվել միջոցառում ինչպես Արմենպրես ը տեղեկանալ եմ ՀՀ վարչապետ աշխատակազմ տարածել հաղորդագրություն փոխվարչապետ միջոցառում շրջանակ շրջել եմ քաղաք տեղադրել տաղավար այնուհետև այցելել եմ Ապարան վերածնունդ հուշահամալիր ծաղկեպսակ եմ դնել Բաշ Ապարան ճակատամարտ հերոս հիշատակ հավերժանալ հուշակոթող հարգանք տուրք մատուցել նա հիշատակ,12,55
https://armenpress.am/hy/article/1251411,2026-05-28 11:36:00,ՀՀ վարչապետ Նիկոլ Փաշինյան ելույթ հանրապետություն օր նվիրվել զորահանդես,Հայաստան հանրապետություն վարչապետ Նիկոլ Փաշինյան ելույթ եմ ունենալ հանրապետություն օր նվիրվել զորահանդես Արմենպրես ը ՀՀ վարչապետ աշխատակազմ տարածել ելույթ ամբողջություն ներկայանալ եմ ստորև Հայաստան հանրապետություն մեծարգգ նախագահ ազգային ժողով մեծարգգ նախագահ սահմանադրական դատարան մեծարգգ նախագահ օրենսդիր գործադիր դատական իշխանություն տեղական ինքնակառավարում մարմին հարգել ներկայացուցիչ դիվանագիտական կորպուս հարգել ներկայացուցիչ պարոնել գեներալլեր սպա զինծառաողղր սիրելի քաղաքացի սիրելի ժողովուրդ թվական հանրապետություն այս օր նշել եմ բոլորովին նոր պատմական պայման շուրջ հակամարտություն հետո Հայաստան հանրապետություն և Ադրբեջան հանրապետություն միջև խաղաղություն եմ հաստատել խաղաղություն այն եմ ինչ Հայաստան առաջին հանրապետություն հերիքել անկախություն պահպանել և զարգանալ համար և խաղաղություն բացակայություն դառնալ այն առանցքային պատճառ որ հարավային Կովկաս երեք երկիր թվական իրար հետ անկախություն հռչակել թվական իրար հետև կորչել այդ անկախություն Հայաստան առաջին հանրապետություն ճակատագիր մասին պատմական հիշողություն կարևոր դեր եմ ունենալ խաղաղություն հաստատում գործընթաց և այսօր մենք հաղթահարում եմ առաջին հանրապետություն ժամանակ մնալ պետություն ժամանակավորություն բարդույթ և որդեգրել եմ պետություն հարատևություն օրակարգ առաջնորդել այն տրամաբանություն որ Հայաստան հանրապետություն պետք եմ գոյություն ունենալ հավիտյան սա նշանակել եմ որ բոլոր իրավիճակ պետք եմ կենտրոնանալ մնալ պետություն շահ վրա երբ պետություն ու նա շահ նա անվտանգություն ազատություն ու բարեկեցություն դառնալ եմ գործողություն և որոշում առանցքային ելակետ և պետություն էլ ինքը հերթ դառնալ եմ սեփական քաղաքացի անվտանգություն ազատություն բարեկեցություն գործիք պետություն վերելք այս հայեցակարգ առաջնորդել եմ մենք և մենք գնալ եմ այս ճանապարհ Հայաստան հանրապետություն գնալ եմ այս ճանապարհ և հաստատել խաղաղություն նա հետագա ինստիտուցիոնացում պետություն իրավական հիմունք զարգացում ու ամրապնդում Հայաստան հակամարտություն փակուղուց խաղաղություն խաչմերուկ դառնալ ներառյալ նախագիծ իրագործում ինչպես նաև քաղաքացի անվտանգություն ազատություն և բարեկեցություն ապահովել մենք ռազմավարական առաջնահերթություն եմ այս նպատակ իրագործում համար կարևոր նշանակություն ունեմ կրթություն որ մենք հռչակել եմ ռազմավարություն ռազմավարություն և պետություն մասին մենք գիտելիք խորացում գալ եմ ասել որ խաղաղություն պայման պետական կարևոր ինստիտուտ եմ բանակ և այսօր Հայաստան հանրապետություն բանակ ոչ թե պատերազմ այլ խաղաղություն գործոն եմ որովհետև պաշտպանունակ և ուժեղ բանակ ունենալ երկիր կարող եմ գայթակղիչ լինել ագրեսիա համար մենք եմ կարող մենք դնել նման իրավիճակ և այսօր մենք համար պատիվ եմ թվական հանրապետություն օր առիթ Հայաստան հանրապետություն ժողովուրդ ներկայանալ այն արդյունք որ հասնել եմ թվական ի վեր Հայաստան հանրապետություն մեծարգգ նախագահ ազգային ժողով մեծարգգ նախագահ սահմանադրական դատարան մեծարգգ նախագահ օրենսդիր գործադիր դատական իշխանություն տեղական ինքնակառավարում մարմին հարգել ներկայացուցիչ Հայաստան հավատարմագրել օտարերկրյա դիվանագետ սիրելի քաղաքացի սիրելի ժողովուրդ այսօր դուք եմ ներկայանալ Հայաստան հանրապետություն նոր բանակ նոր սպառազինություն նոր համազգեստ և նոր գաղափարաբանություն այդ գաղափարաբանություն առանցք հետևյալ բանակ միակ խնդիր Հայաստան հանրապետություն միջազգայնորեն ճանաչված ինքնիշխան տարածք պաշտպանություն եմ և մենք բանակ պետք եմ իրառվել Հայաստան միջազգայնորեն տարածք դուրս բացառություն միջազգային պայմանագիր հիմն վրա իրականանալ խաղաղապահ առաքելություն այս մոտեցում եմ հնարավոր դարձնել որ Հայաստան հանրապետություն ունենալ այն ինչ այսօր տեսնել թվական առաջ սպառազինություն և ռազմական տեխնիկա միջազգային շուկա հիմնականում փակ կամ դժվար հասանելի եմ Հայաստան հանրապետություն համար որովհետև միջազգային գործընկեր հրաժարվել եմ Հայաստան հանրապետություն զենք մատակարարել այն պատճառաբանություն թե համոզված եմ որ Հայաստան այդ զենք կիրառել եմ ինքը միջազգայնորեն ճանաչված տարածք դուրս և միայն թվական հոկտեմբեր պրահայ ձեռքբերվել համաձայնություն հետո երբ Հայաստան ու Ադրբեջան թվական ալմա Աթայ հռչակագիր հիմն վրա ճանաչել միմյանց տարածքային ամբողջականություն ահա միայն այս համաձայնություն հետո սպառազինություն միջազգային շուկ բացվել Հայաստան համար այսօր զորահանդես հաշվետվություն մարտաշարք անցնել շուրջ երկիր արտադրություն սպառազինություն և ռազմական տեխնիկա և ռազմատեխնիկական համագործակցություն այս աշխարհագրություն իրական Հայաստան գաղափարախոսություն վրա հիմնվել քաղաքականություն արդյունք եմ Զորահանդես հաշվետվություն կարևոր առանցք մեկը Հայաստան հանրապետություն արտադրել սպառազինություն և ռազմական տեխնիկան եմ որ այսօր միջազգային շուկայ կայուն դիրք զբաղվել առաջին բայց վստահ քայլ եմ անել թվական սկսած Հայաստան հանրապետություն կառավարություն շուրջ միլիարդ դրամ ներդր եմ անել ռազմարդյունաբերական համալիր և այսօր մենք ունեմ արդյունք որ կարող եմ հպարտանալ Հայաստան հանրապետություն պաշտպանունակություն բարձրացում էական գործոն եմ նաև մի քանի տասնյակ ամրանալ շրջան որ դար պահանջ համապատասխան ամրոց բերդ եմ Հայաստան հանրապետություն պետական սահման երկայնք և ինժեներական միտք գլուխգործոց այսօր հպարտություն առիթ եմ նաև այն որ զորահանդես մասնակցել եմ կամավոր ատեստավորում ինքը բարձր մարտունակություն ապացուցել զինծառայող ինչպես նաև պաշտպան հայրենյաց ծրագիր մասնակից ով ժամկետային պրոֆեսիոնալ բանակ անցում գործընթաց կարևոր մասնակից եմ սիրելի ժողովուրդ Հայաստան հանրապետություն բանակ կերպափոխում ընթանալ եմ մեծ տեմպ ինչ համար էական նշանակություն ունեմ զինծառայող սոցիալական երաշխիք համակարգ այսօր Հայաստան հազար դրամ վարձատրություն ստանալ շարքային կազմ զինծառայող կամ և կամավոր ատեստավորում շրջափուլ միջոցով վարձատրություն ավելացում այս գործընթաց լինել եմ շարունակական պաշտպան հայրենյաց ծրագիր զինծառայող պայմանագրային հնգամյակ ավարտել հետո ստանալ նաև լրացուցիչ հինգ միլիոն դրամ պատվովճար Վազգեն Սարգսյան անուն ռազմական ակադեմիա կուրսանտ որ այսօր ուսումնառություն ընթացքում ստանալ եմ մինչև հազար դրամ կրթաթոշակ ռազմաուսումնական հաստատություն հաջողություն ավարտել և սպայական նշանակել ստանալ հետո Երևան գին հաշվարկել բնակարան գնում վկայագիր ստանալ կառավարություն կողմից և այսպիսով մենք սպայակազմ բնակարանային խնդիր որ սկիզբ մեծ հաշիվ լուծվել եմ ստանալ արմատական լուծ կառավարություն բոլորովին վերջ որոշում ընդունել պաշտպանություն նախարարություն բնակարանային հերթացուցակ սկիզբ հերթագրել շուրջ ընտանիք բնակարանային խնդիր առաջիկա չորս տարում լուծել մասին ընթանալ եմ զինծառայություն մեջ գտնվել անձ բնակարան ձեռքբերել համար հիպոթեկային վարկ աջակցություն պետական ծրագիր և առաջիկա այն ավելի ընդլայնել սիրելի ժողովուրդ պետական այր այսօր զորահանդես հաշվետվություն եմ քաղաքացի թե վերջին տարի Հայաստան հանրապետություն կառավարություն ինչ եմ անել Հայաստան հանրապետություն պաշտպանունակություն բարձրանալ համար բայց այս հաշվետվություն հասցեատ եմ նաև մենք նահատակ ով զոհողություն գին ով կյանք գին Հայաստան հանրապետություն այսօր պետություն եմ ավելի քան երբևէ անկախ եմ ավելի քան երբևէ ինքնիշխան եմ ավելի քան երբևէ անվտանգ եմ ավելի քան երբևէ մեկ րոպե լռություն բայց նաև հրետանային համազարկ հարգել մենք բոլոր նահատակ հիշատակ Հայաստան հանրապետություն մեծարգգ նախագահ պետական այր Հայաստան հանրապետություն քաղաքքցի սիրելի ժողովուրդ Հայաստան հանրապետություն սերտել եմ պատմություն դաս Հայաստան հանրապետություն սերտել եմ բանակ պատմություն դաս և այսօր դուք տեսնել եմ տեսնել եմ այդ ամենը առարկայական արդյունք Հայաստան հանրապետություն նոր բանակ նոր սպառազինություն և տեխնիկա նոր համազգեստ նոր գաղափարաբանություն նոր զինանշան նոր հոգեբանություն և նոր մարտունակություն շնորհակալություն եմ հայտնել բոլոր պաշտոնյա զինծառայող մասնավոր հատված ընկերություն մենք բոլոր միջազգային գործընկեր ով ներդր եմ ունենալ մենք նոր բանակ ձևավորում գործ շնորհակալություն եմ հայտնել նաև Հայաստան աշխատել արդյունք ստեղծել օրենք սահմանել հարկ վճարող հսկիչ դրամարկղային կտրոն պահանջել և ստանալ բոլոր քաղաքացի բոլոր մարդ ով գեներացնել հարկ շնորհիվ Հայաստան հանրապետություն կարող եմ ինքը թույլ տալ ունենալ նոր ժամանակակից պաշտպանունակ և ուժեղ բանակ սիրելի ժողովուրդ Հայաստան հանրապետություն սիրելի քաղաքացի շնորհավորել եմ բոլորը հանրապետություն օր առիթ Հայաստան հանրապետություն պետք եմ գոյություն ունենալ հավիտյան փառք նահատակ և կեցցե Հայաստան հանրապետություն,9,993
https://armenpress.am/hy/article/1251409,2026-05-28 11:18:00,Փաշինյան ՀՀ պաշտպանունակություն էական գործոն համարել նաև պետական սահման ամրանալ շրջան,ՀՀ վարչապետ Նիկոլ Փաշինյան Հայաստան պաշտպանունակություն բարձրացում էական գործոն եմ համարել պետական սահման երկայնք կառուցել մի քանի տասնյակ ամրանալ շրջան Արմենպրես ը հաղորդում Նիկոլ Փաշինյան այդ հայտարարություն անել մայիս հանրապետություն օր նվիրվել զորահանդես ժամանակ ՀՀ պաշտպանունակություն բարձրացում էական գործոն եմ նաև մի քանի տասնյակ ամրանալ շրջան որ դար պահանջ համապատասխան ամրոց բերդ և ինժեներական միտք գլուխգործոց եմ ՀՀ պետական սահման երկայնք ասել Փաշինյան ՀՀ բանակ հանրապետություն օր նվիրվել զորահանդես ներկայանալ եմ նոր սպառազինություն համազգեստ ու գաղափարաբանություն,11,76
https://armenpress.am/hy/article/1251402,2026-05-28 10:47:00,ՀՀ ՌԴ դեսպանություն շնորհավորել եմ Հայաստան հանրապետություն օր առթիվ,Հայաստան Ռուսաստան դեսպանություն շնորհավորել եմ Հայաստան հանրապետություն օր առթիվ Արմենպրես փոխանցում դեսպանություն տարածել շնորհավորական խոսք ասել եմ շնորհավորել եմ Հայաստան ժողովուրդ հանրապետություն օր առթիվ մաղթել եմ բարեկեցություն բարգավաճել և ամենայն բարիք մայիս նշել եմ Հայաստան առաջին հանրապետություն օր թվական մայիս սարդարապատ Բաշ Ապարան Ղարաքիլիսա հերոսամարտ հետո վերականգնել դար շարունակ խաթարել հայ պետականություն հայ ժողովուրդ ապրել ինքը պատմություն կրքոր ժամանակաշրջան մեկը կարողանալ համախմբվել պետություն ունենալ վեհ գաղափար շուրջ հավատալ ինքը ուժ ու ոտք կանգնել կերտել անկախ հանրապետություն,9,76
https://armenpress.am/hy/article/1251447,2026-05-28 22:03:00,Հայաստան դաշինք աջակից հետ քարոզարշավային օր անցկացնել սարդարապատ,Հայաստան դաշինք անդամ դաշինք նախընտրական ցուցակ գլխավորել Ռոբերտ Քոչարյան գլխավորություն մայիս հանրապետություն օր կապակցությամբ այցելել Սարդարապատ Արմենպրես ը հաղորդում խորհրդարանական ընտրություն նախընտրական քարոզարշավ հերթական օր Հայաստան դաշինք ներկայացուցիչ հանդիպել աջակից հետ և ելույթ ունենալ հենց սարդարապատ հուշահամալիր տարածք Ռոբերտ Քոչարյան շնորհավորել ներկա հանրապետություն օր կապակցությամբ ընդգծել որ սարդարապատ Հայաստան պատմություն պարզապես էջ եմ սարդարապատ հիշեցնել եմ թե ինչ կարող եմ անել հայ ժողովուրդ երբ վտանգել եմ պետականություն և երբ ժողովուրդ միասնական եմ տարի առաջ մենք ժողովուրդ կանգնել ընտրություն առաջ և ընտրել պայքար պետություն այսօր իրավիճակ այլ եմ բայց վտանգ նույնքան իրական եմ այս տարի Հայաստան թուլանալ եմ ներս պառակտվել եմ հոգնել եմ ստ ատելություն և անպատասխանատվություն մարդ հոգնել եմ հավերժ խոստում քաոս և պարտություն բայց կամ մի ճշմարտություն պետություն եմ պահպանվել ինքը ինքը պետություն պահել եմ մարդ ինքը կամք պատասխանատվություն և որոշում ուստի հունիս սովորական կամ հերթական ընտրություն օր եմ սա ընտրություն եմ հետևյալ շուրջ կարողանալ նույն պատասխանատվություն պահպանել մենք պետականություն նշել Քոչարյան նա ընդգծել որ այսօր հայ ժողովուրդ պահանջել եմ ընդամենը մեկ բան սթափ որոշում մենք պարտավոր եմ ինքը մենք հարց տալ թե ինչ երկիր եմ ուզել ապրել և ինչ երկիր եմ թողնել մենք սերունդ ուժեղ ինքնիշխան և հայկական պետություն թե մի տարածք որ ճակատագիր որոշել եմ ուրիշ հանդիպում ընթացքում հնչել նաև հայրենասիրական երգ որ ձայնակցել եմ հանդիպում մասնակից,8,210
https://armenpress.am/hy/article/1251418,2026-05-28 12:43:00,հանրապետություն օր զորահանդես առաջին անգամ ներկայանալ եմ ՀՀ բանակ նոր սպառազինություն ու տեխնիկան,Երևան հանրապետություն հրապարակ անցկացնել եմ հանրապետություն օր նվիրվել զորահանդես որ մասնակցել եմ Հայաստան զինել ուժ տարբեր ստորաբաժանում ռազմական ուսումնական հաստատություն սան հատուկ նշանակություն և խաղաղապահ ուժ զինծառայող Զորահանդես մեկնարկել եմ Հայաստան հանրապետություն զինել ուժ գլխավոր շտաբ պետ գեներալ լեյտենանտ Էդվարդ Ասրյան հրաման Զորահանես Հայաստան հանրապետություն պետական դրոշ զինել ուժ մարտական դրոշ և Հայաստան հանրապետություն բանակ պահապան Աշոտ Երկաթ սուրբ խաչ ներքո զգաստ ձախ դիմավորել համար ողջունել հրամայել եմ Ասրյան հանրապետություն հրապարակ եմ բերել Հայաստան հանրապետություն պետական դրոշ զինել ուժ մարտական դրոշ և Հայաստան հանրապետություն բանակ պահապան Աշոտ Երկաթ սուրբ խաչ դրոշակակիր խումբ գլխավորել եմ զինել ուժ գլխավոր շտաբ պետ տեղակալ մարտական խաչ երկրորդ աստիճան շքանշան ասպետ գեներալ մայ Արթուր Երոյան այնուհետև զինվորական նվագախումբ ուղեկցություն հանրապետություն հրապարակ շարժվել եմ ՀՀ պաշտպանություն նախարար Սուրեն Պապիկյան և զորահանդես հրամանատար պաշտպանություն նախարար առաջին տեղակալ ԶՈւ գլխավոր շտաբ պետ Էդվարդ Ասրյան մեքենա Էդվարդ Ասրյան զեկուցել եմ պաշտպանություն նախարար պարոն նախարար հանրապետություն օր նվիրվել զորահանդես մասնակից զորք շարվել եմ Զորահանդես հրամանատար գեներալ լեյտենանտ Ասրյան դա հետո պաշտպանություն նախարար Սուրեն Պապիկյան ու Էդվարդ Ասրյան շրջել եմ հրապարակ շարվել զորախմբեր առջև շնորհավորել հանրապետություն օր առթիվ նա ողջունել եմ Մոնթե Մելքոնյան անուն ռազմամարզական վարժարան Վազգեն Սարգսյան անուն ռազմական ակադեմիա պաշտպանական ազգային հետազոտական համալսարան հատուկ նշանակություն ստորաբաժանում խաղաղապահ ուժ տարածքային պաշտպանություն զորք ռազմական ոստիկանություն բանակային զորամիավորում ազգային անվտանգություն ծառայություն սահմանապահ և հատուկ նշանակություն զորք ինչպես նաև բանակ կին զինծառայող անձնակազմ շնորհավորել եմ հանրապետություն օր առթիվ փառք նահատակ և կեցցե Հայաստան հանրապետություն ասել եմ նա զորախմբեր զորախմբեր ողջույն հետո պաշտպանություն նախարար մեքենա շարժվել եմ դեպի կենտրոնական տրիբունա որտեղ պաշտպանություն նախարար Սուրեն Պապիկյան զեկուցել եմ ՀՀ վարչապետ Նիկոլ Փաշինյան որ հետո վարչապետ հանդես եմ գալ ելույթ ապա հնչել եմ Հայաստան հանրապետություն պետական օրհ զորահանդես մասնակցել ստորաբաժանում ներկայանալ եմ մարտական նոր համազգեստ հանրապետություն հրապարակ հանրապետություն օր նվիրվել հանդիսավոր զորահանդես ընթացքում առաջին անգամ ներկայանալ եմ Հայաստան հանրապետություն բանակ պաշտպանողական նոր սպառազինություն ու ռազմական տեխնիկան հանրապետություն հրապարակ եմ մուտք գործել ՀՀ զու ինժեներական զորք զորք պետ արիություն մեդալակիր գնդապետ Վահրամ Գրիգորյան ղեկավարություն հրապարակ անցնել եմ ժամանակակից հետախուզահարվածային չորսոտան գայլ ռոբոտային համակարգ որ տարբեր կլիմայական և բարդ ռելիեֆային պայման կարող եմ իրականանալ հետախուզում հայտնաբերում թիրախ տարբերակում կրակային աջակցում ինչպես նաև զինամթերք և այլ միջոց տեղափոխում առաջադրանք ներկայանալ եմ նաև սակրավոր պաշտպանիչ համազգեստ որ նախատեսել եմ ականազերծում և պայթյունավտանգ առարկա վնասազերծում աշխատանք ընթացքում զինծառայող պաշտպանություն համար հանրապետություն հրապարակ եմ մտնել նաև ռադիոէլեկտրոնային պայքար զորք զորք պետ գնդապետ Գևորգ Ղամբարյան գլխավորություն ներկայանալ եմ մառախուղ համալիր որ նախատեսել եմ օդային թիրախ հայտնաբերում և դա կողմից օգտագործել արբանյակային տեղորոշում համակարգ ճնշում համար հանրապետություն հրապարակ անցնել եմ նաև սարդ համալիր որ նախատեսել եմ հակառակորդ մարտավարական օղակ ռադիոկապ ճնշում համար Զորահանդես ներկայանալ եմ հատուկ նշանակություն ուժ մեքենայանալ ստորաբաժանում շարասյուն մարտական ծառայություն մեդալակիր գնդապետ Պողոս Պետրոսյան գլխավորություն շարասյուն համալրել եմ լինել բաստիո տեսակ զրահամեքենա որ սպառազինել եմ մմ տրամաչափ գնդացիր հանրապետություն հրապարակ անցնել եմ նաև ռադիացիոն քիմիական և կենսաբանական պաշտպանություն զորք զորք պետ գնդապետ Համլետ Հարությունյան գլխավորություն զորահանդես ներկայանալ եմ նաև տարբեր տեսակ հրետանային հակատանկային զենիթահրթիռային և անօդաչու համակարգ այդ թիվ ՏՈՍ ՏՕՌ կարիճ լուսա Վահան ը նիզակ շանթ Արամազդ Միհր Ատլանտ և այլ համալիր ցուցադրել եմ նաև հայրենական արտադրություն Հրազդան մմ և Սևան մմ ականանետ ինչպես նաև տարբեր տեսակ անօդաչու թռչել սարք կայծակ դև որոտ աղեղ և այլ համակարգ հանրապետություն հրապարակ երկինք անցնել եմ զինել ուժ ավիացիա ուղղաթիռ ՍՈՒ և ՍՈՒ կործանիչ կործանիչ մասնակցություն հանրապետություն հրապարակ երկինք ներկվել եմ հայկական եռագույնի գույն Զորահանդես ընթացքում ՀՀ զու պատվո պահակախումբ ցուցադրել եմ ինքը ցուցադրական հմտություն հանդիսավոր շքերթ ավարտվել եմ երեխա մասնակցություն որ հրապարակ եմ դուրս գալ խաղաղություն աղավնի Զորահանդես ամբողջ ընթացք զինվորական նվագախումբ կատարմամբ հնչել եմ բացառապես հայկական ստեղծագործություն,13,575
https://armenpress.am/hy/article/1251397,2026-05-28 09:38:00,Նիկոլ Փաշինյան շնորհակալություն եմ հայտնել Թրամփին բարեկամական խոսք համար,ՀՀ վարչապետ Նիկոլ Փաշինյան շնորհակալություն եմ հայտնել ԱՄՆ նախագահ Դոնալդ Թրամփին ինքը ուղղել ջերմ ու դրական խոսք բարձր գնահատական համար որ ԱՄՆ առաջնորդ արտահայտել եմ հրապարակային հարթակ կատարել գրառմամբ նախագահ Թրամփին շնորհակալ եմ բարձր գնահատական եւ բարեկամական խոսք համար ինքը սոցցանցային էջ գրել եմ Նիկոլ Փաշինյան Թրամփ հայտարարել եմ որ ՀՀ վարչապետ Նիկոլ Փաշինյան Հայաստան ուժեղ և անվտանգ երկիր եմ դառնալ նաև կիսել եմ Հայաստան և հարավային Կովկաս հետ կապվել ինքը տեսլական նա ընդգծել եմ մայիս ԱՄՆ պետքարտուղար Մարկո Ռուբիո Հայաստան այց ժամանակ ստորագրել փաստաթուղթ կարևորություն մենք պետքարտուղար Մարկո Ռուբիո վերջ այցելել Հայաստան որտեղ առաջ մղել մի քանի կարևոր գործարք մենք երկու երկիր համար շուտ միացյալ նահանգ և Հայաստան միասին հիմք դնել Թրամփի ուղի հանուն միջազգային խաղաղություն և բարգավաճում նախագիծ որ կվերափոխ հարավային Կովկաս և մենք հրաշալի ամերիկյան էներգետիկ ընկերություն օգնել մուտք ունենալ կենտրոնական Ասիա մինչև միացյալ նահանգ հավելել եմ սպիտակ տուն ղեկավար,9,143
https://armenpress.am/hy/article/1251442,2026-05-28 17:00:00,ՀՀ առողջապահություն նախարար պարգևատրվել եմ հայրենիք մատուցել ծառայություն համար աստիճան շքանշան,Հայաստան հանրապետություն առողջապահություն նախարար Անահիտ Ավանեսյան պարգևատրվել եմ հայրենիք մատուցել ծառայություն համար աստիճան շքանշան Արմենպրես ը այս մասին տեղեկանալ եմ ՀՀ նախագահ ստորագրել հրամանագիր հիմք ընդունել վարչապետ միջնորդություն համաձայն սահմանադրություն հոդված և Հայաստան հանրապետություն պետական պարգև և պատվավոր կոչում մասին օրենք հոդված մաս հանրապետություն տոն առթիվ առողջապահություն զարգացում գործ մատուցել նշանակալի ծառայություն երկարամյա արգասաբեր գործունեություն և նվիրում համար Հայաստան հանրապետություն առողջապահություն նախարար Անահիտ Թորգոմ Արարույն պարգևատրել հայրենիք մատուցել ծառայություն համար աստիճան շքանշան ասել եմ հրամանագիր,11,75
https://armenpress.am/hy/article/1251406,2026-05-28 11:02:00,ՀՖՖ հաղթել եմ Լոկոմոտ ը Լոզան արբիտրաժային դատարան,սպորտային արբիտրաժային դատարան ամբողջություն մերժել եմ Լոկոմոտ Երևան ֆուտբոլային ակումբ և քանանյան ՀՖՖ դեմ ներկայանալ հայց Լոկոմոտ Երևան Հայաստան ֆուտբոլ ֆեդերացիա պահանջել եմ եվրո որպես ենթադրյալ ուղղակի վնաս փոխհատուց ինչպես նաև եվրո որպես ենթադրյալ բաց թողնվել շահույթ բացի այդ ակումբ սեփականատ և ղեկավար քանանյան պահանջել եմ եվրո որպես ենթադրյալ բարոյական վնաս փոխհատուց նշել գործ կապվել եմ պայմանավորվել խաղ վերաբերյալ գործ հետ թվական հուլիս ՀՖՖ գործադիր կոմիտե արտահերթ նիստ ակումբ Արագած Տորպեդոն Մասիս Լոկոմոտիվ և Երևան ինչպես նաև անձ որակազրկել պայմանավորվել խաղ պատճառով ՀՖՖ ինքը կանոնադրական և կարգապահական պարտավորություն ելնել իրականանալ եմ համապատասխան վարույթ և կիրառել կարգապահական միջոց թվական հունիս ՀՖՖ հերթական ժողով որոշում դադարել եմ ակումբ անդամակցություն ՀՖՖ հաստատել եմ որ Հայաստան ֆուտբոլ ֆեդերացիա իրավաչափ եմ գործել դադարել Լոկոմոտ Երևան անդամակցություն ինչպես Արմենպրես ը տեղեկանալ Ֆեդերացիա վերջին վճռ ամբողջություն մերժվել եմ նաև պահանջել փոխհատուցում բոլոր պահանջ Հայաստան ֆուտբոլ ֆեդերացիա վերահաստատել եմ ինքը հաստատակամ դիրքորոշում պայքարել պայմանավորվել խաղ և սպորտ ցանկացած անբարեխիղճ երևույթ դեմ Ֆեդերացիա շարունակել եմ անել առավելագույն նման դեպք բացառել իսկ մեղավոր ինքը իրավասություն շրջանակ պատասխանատվություն ենթարկել համար նշել եմ ֆեդերացիա,8,172
https://armenpress.am/hy/article/1251424,2026-05-28 13:24:00,Հայաստան ինստիտուցիոնալ համակարգ բավարար չափ կայանալ եմ կանխել ցանկացած հեղաշրջում փորձ վարչապետ,Հայաստան իրավապահ և ինստիտուցիոնալ համակարգ բավարար չափ կայանալ եմ կանխել ցանկացած հեղաշրջում փորձ Արմենպրես ը հաղորդում լրագրող հետ ճեպազրույց այս մասին հայտարարել եմ վարչապետ Նիկոլ Փաշինյան անդրադառնալ ՀՀ երկրորդ նախագահ Ռոբերտ Քոչարյան հայտարարություն թե եթե ինքը հաղթանակ գողանալ ինքը պատրաստ եմ գնալ հեղափոխություն Հայաստան իրավապահ և ինստիտուցիոնալ համակարգ բավարար չափ կայանալ եմ որպեսզի բնալ խեղդել ցանկացած հեղաշրջում փորձ ասել եմ վարչապետ Փաշինյան նաև հայտարարել եմ որ անիմաստ եմ մեկնաբանել Քոչարյան ընտրություն հաղթել վերաբերյալ պատկերացում եթե Ռոբերտ Քոչարյան այնքան եմ ինքը իրականություն զգացում կորչել որ մտածել եմ ինքը Հայաստան հանրապետություն խորհրդարանական ընտրություն կարող եմ հաղթել ես դա վերաբերյալ անիմաստ եմ համարել որևէ մեկնաբանություն անել մնալ եմ միայն կարեկցել այդ մարդ նշել եմ նա հունիս Հայաստան կանցկացնել խորհրդարանական ընտրություն ընթանալ եմ նախընտրական քարոզարշավ մասնակցել եմ ուժ երկու դաշինք և կուսակցություն ի սկիզբ գրանցել ուժ մեկը Ալյան կուսակցություն դուրս եմ գալ ընտրապայքար ՀՀ վարչապետ Նիկոլ Փաշինյան գլխավորել եմ քաղաքացիական պայմանագիր կուսակցություն ցուցակ իսկ երկրորդ նախագահ Ռոբերտ Քոչարյան Հայաստան դաշինք որ կազմ եմ ՀՅԴ և առաջ կուսակցություն,12,163
https://armenpress.am/hy/article/1251414,2026-05-28 12:17:00,Ռուսաստան Ադրբեջան տարածք Հայաստան եմ տեղափոխվել բեռ հերթական խմբաքանակ,Ռուսաստան դաշնություն Ադրբեջան տարածք Հայաստան եմ տեղափոխվել բեռ հերթական խմբաքանակ Արմենպրես ը հաղորդում այս մասին հայտնել եմ ադրբեջանական լրատվական նշել եմ որ Ադրբեջան Բիլաջար կայարան Բոյուք Քեսիկի ուղղություն մեկնել եմ կարբամիդ երկու վագ ընդհանուր առում տոննա և ալյուր մեկ վագ ընդհանուր առում տոննա երկաթուղի գործարկում ի վեր տարբեր երկիր Ադրբեջան տարածք Հայաստան ինչպես նաև հենց Ադրբեջան Հայաստան եմ ներմուծել հացահատիկ նավթամթերք պարարտանյութ և ալյում,9,64
https://armenpress.am/hy/article/1251430,2026-05-28 14:16:00,հայ ժողովուրդ փորձություն հաղթահարել եմ երբ առաջնորդվել եմ միասնականություն ՀՀ նախագահ ուղերձ հանրապետություն տոն առթիվ,ինքնիշխանություն ամրապնդում պետական ինստիտուտ կայուն զարգացում ու անվտանգ ապագա կառուցում պահանջել եմ հավաքական պատասխանատվություն և պետական մտածողություն Արմենպրես ը փոխանցում այս մասին հայտարարել եմ Հայաստան հանրապետություն նախագահ Վահագ Խաչատուրյան հանրապետություն տոն առթիվ ինքը ուղերձ ՀՀ նախագահ աշխատակազմ կող տարածվել ուղ ամբողջություն ներկայանալ եմ ստորև սիրելի հայրենակից շնորհավորել եմ դուք հանրապետություն տոն մայիս առթիվ թվական այս օր հայ ժողովուրդ հաղթահարել պատերազմ ցեղասպանություն և պետականազրկում ծանր հետևանք վերականգնել ինքը անկախ պետականություն դար ընդմիջում հետո ստեղծվել Հայաստան առաջին հանրապետություն ոչ միայն քաղաքական իրողություն եմ այլև ազգային կամք ինքնություն պահպանում և ապագա հանդեպ հավատք վերածնունդ առաջին հանրապետություն հիմնադրում տեղ ունենալ բացառիկ ծանր պայման գոյաբանական սպառնալիք մարդկային ու նյութական ահռելի կորուստ պայման մենք ժողովուրդ կարողանալ ձևավորել պետական կառավարում համակարգ ազգային բանակ դիվանագիտական հարաբերություն և միջազգային ներկայություն թեպետ առաջին հանրապետություն գոյություն տևել ընդամենը երկու տարի դա պատմական նշանակություն անհամեմատ ավելի լայն ու խորքային եմ այն դառնալ հայկական պետականություն վերածննդ հիմք և անկախ ապրել մենք ժողովուրդ կամք կենսունակություն կրքոտ ապացույց մայիս մենք պատմություն այն հանգրվան եմ որ հիշեցնել եմ որ պետականություն միայն պատմական ժառանգություն եմ այն ամենօրյա պատասխանատվություն եմ պահանջել քաղաքական հասունություն ազգային ինքնագիտակցություն և հանրային համերաշխություն այսօր ևս Հայաստան կանգնել եմ բարդ և վճռորոշ մարտահրավեր առաջ մենք ինքնիշխանություն ամրապնդում պետական ինստիտուտ կայուն զարգացում ու անվտանգ ապագա կառուցում պահանջել եմ հավաքական պատասխանատվություն և պետական մտածողություն մենք պատմական փորձ վկայել եմ որ հայ ժողովուրդ կարողանալ եմ հաղթահարել կրքոր փորձություն երբ առաջնորդվել եմ միասնականություն փոխադարձ հարգանք և ազգային համախմբում սկզբունք առաջիկա խորհրդարանական ընտրություն կարևոր փորձություն եմ լինել մենք ժողովրդավարություն պետական համակարգ կայունություն և հանրային հասունություն համար դա պետք եմ դառնալ ազատ կամարտահայտում օրենք գերակայություն և քաղաքական մշակույթ ամրապնդում հերթական հաստատում ժողովրդավարական պետություն ամրություն սկսվել եմ քաղաքացի պատասխանատու մասնակցություն և հանրային վստահություն պահպանություն այս օր մենք ևս մեկ անգամ հիշեցնել եմ որ անկախություն ու պետականություն ձեռք բերել և անփոփոխ արժեք եմ այլ դա պահպանել ամրապնդել և հաջորդ սերունդ փոխանցել շարունակական հանձնառություն եմ մաղթել եմ որ համերաշխություն պատասխանատվություն և պետական մտածողություն շնորհիվ կարողանալ հաղթահարել մենք առջև ծառանալ բոլոր դժվարություն և կառուցել անվտանգ խաղաղ ու արժանապատիվ ապագա տոնդ շնորհավել հանրապետություն,15,328
https://armenpress.am/hy/article/1251444,2026-05-28 17:10:00,փոխվարչապետ Մհեր Գրիգորյան պարգևատրվել եմ հայրենիք մատուցել ծառայություն համար աստիճան շքանշան,Հայաստան հանրապետություն փոխվարչապետ Մհեր Գրիգորյան պարգևատրվել եմ հայրենիք մատուցել ծառայություն համար աստիճան շքանշան Արմենպրես ը այս մասին տեղեկանալ եմ ՀՀ նախագահ ստորագրել հրամանագիր հիմք ընդունել վարչապետ միջնորդություն համաձայն սահմանադրություն հոդված և Հայաստան հանրապետություն պետական պարգև և պատվավոր կոչում մասին օրենք հոդված մաս հանրապետություն տոն առթիվ հայրենիք մատուցել ակնառու ծառայություն երկարամյա անխոնջ գործունեություն և նվիրում համար Հայաստան հանրապետություն փոխվարչապետ Մհեր Հերբերտ Գրդիրասան պարգևատրել հայրենիք մատուցել ծառայություն համար աստիճան շքանշան նշել եմ հրամանագիր,11,71
https://armenpress.am/hy/article/1251341,2026-05-27 14:53:00,հայ շախմատիստ շարունակել եմ ելույթ կին անհատական,Հայաստան ներկայանալ շախմատիստ շարունակել եմ ելույթ կին Եվրոպա անհատական առաջնություն Արմենպրես ը հաղորդում երկու խաղափուլ հետո կին ՖԻԴԵ վարպետ Պոլինա Կոբակ ունեմ միավոր միջազգային վարպետ Լիլիթ Մկրտչյան կին գրոսմայստ Մարիամ Մկրտչյան և գրոսմայստ Էլինա Դանիելյան ունեմ միավոր կին ՖԻԴԵ վարպետ Նվարդ Հայրապետյան Կիտի Նադանյան Անահիտ Մկրտչյան և Անի Նահապետյան ունեմ միավոր շախմատ Եվրոպա կին անհատական առաջնություն անցկացնել եմ շվեյցարական մրցակարգ այն բաղկանալ եմ տուր և կեզրափակիվ հունիս,7,67
https://armenpress.am/hy/article/1251383,2026-05-27 20:01:00,Հայաստան ստանալ եմ ՌԴ էներգետիկա նախարար նամակ ու արձագանքել ըստ անհրաժեշտություն ԱԳՆ,ՀՀ արտաքին գործ նախարարություն ժամ դրություն ստանալ եմ ՌԴ էներգետիկա նախարար Սերգեյ Ցիվիլյով նամակ ուղղել ՀՀ տարածքային կառավարում և ենթակառուցվածք նախարարություն ըստ լրատվամիջոց նամակ ռուսական կողմ Հայաստան սպառնալ եմ միակողմանիորեն կասել կամ չեղյալ հայտարարել գազ նավթամթերք և մշակվել ադամանդի մատակարարում մասին համաձայնագիր եթե Երևան շարունակել եմ անդամակցություն գործընթաց ժամ դրություն ստանալ եմ ՀՀ ՏԿԵ նախարարություն ուղղել նամակ որ փոխանցել եմ ուսումնասիրվել և հայկական կողմ ըստ անհրաժեշտություն արձագանքել Արմենպրես ը հայտնել ՀՀ ԱԳՆ մամուլ քարտուղար Անի Բադալյան ավելի վաղ ռուսական լրատվամիջոց հայտնել եմ որ ՌԴ ԱԳՆ հատուկ ներկայացուցիչ Մարիա Զախարովա հայտարարել եմ որ Ռուսաստան միակողմանիորեն կասնել կամ չեղյալ հայտարարել գազ նավթամթերք և մշակվել ադամանդի մատակարարում մասին համաձայնագիր եթե Երևան շարունակել եմ անդամակցություն գործընթաց նա նշել եմ որ նման բովակնդակություն նամակ Հայաստան ՌԴ դեսպան միջոցով փոխանցել եմ Հայաստան ՏԿԵ նախարարություն,12,128
https://armenpress.am/hy/article/1251338,2026-05-27 14:41:00,վիշապ ու Վահագին անիմացիոն ֆիլմ ցուցադրություն ազդարարվել վիշապաքար նվիրվել նախագիծ մարզային միջոցառում շարք մեկնարկ,վիշապ պահապան հայկական վիշապաքար նվիրվել կրթական մշակութային նախագիծ նպատակ եմ հանրայնանալ հայկական լեռնաշխարհ բացառիկ հնագիտական հուշարձան վիշապաքար և երիտասարդ սերունդ ինտերակտիվ ու ժամանակակից ձևաչափեր հաղորդակից դառնալ մենք հնագույն առասպելաբանություն ու մշակութային ժառանգություն Արմենպրես ը հաղորդում նախագիծ շրջանակ Հայաստան մարզ իրականանալ կրթական ու մշակութային միջոցառում լայնածավալ շարք որ սկիզբ ազդարարվել մայիս վիշապ ու Վահագին կարճամետրաժ անիմացիոն ֆիլմ պրեմիերա որ տեղ ունենալ Կինոմոսկվա ը դահլիճ ներկա թե փոքրիկ թե մեծահասակ համակ ուշադրություն դիտել վառ գույն հետաքրքիր սյուժե ու գեղեցիկ պատկեր ֆիլմ շատ ափսոսանք լցվել երբ այն վերջանալ ֆիլմ որ արտադրել եմ ՕնՕֆֆ ստուդիա հիմնվել եմ Արտավազդ Եղիազարյան վիշապաքար գաղտնիք գիրք վրա Արտավազդ Եղիազարյան պատմել որ տասը տարի առաջ եմ մտածել գիրք անդրադառնալ վիշապաքար պարբերաբար անցնել եմ Պոպլավոկ սրճարան այգի մոտ որտեղ մի հրաշալի հուշակոթել կամ որ շատ այն ժամանակ ընդհանրապես եմ նկատել դա վիշապաքար եմ որ գեղամա լեռ Երևան եմ բերել կոթող ունեմ կամ հազար տարի պատմություն ամեն անգամ այն ես հետաքրքրություն շարժել եմ մի օր էլ հասկանալ որ պետք եմ գրել պատմություն բոլորը ծանոթ արկած շուրջ որ գլխավոր հերոս լինել ժամանակակից Երևան որ ծանոթանալ առասպելական երևույթ հետ իսկ վիշապ առասպելական էակ եմ պարզապես տարբեր ազգ տարբեր կերպ եմ պատկերանալ նա ասել հեղինակ Եղիազարյան ուսումնասիրել եմ ոլորտ միտք գծագրել կերպար հայկական առասպել հետ եմ համադրել ժամանակակից քաղաք ու ինքը մանկություն ապրում կամ գիտնական որ տարի շարունակ զբաղվել եմ վիշապաքար ուսումնասիրություն սակայն դա շարունակել եմ առեղծվածային լինել շատ երեխա անգամ ծնող հենց ես գիրք շնորհիվ եմ սկսել հետաքրքրվել վիշապաքար տեղեկանալ որ Երևան վեց կամ յոթ վիշապաքար կամ գիրք դառնալ եմ կրթամշակութային երևույթ ինչ համար ուրախ եմ ասել Եղիազարյան ֆիլմ պրոդյուս Սուսաննա Խաչատրյան հիշել որ մի օր Արտավազդ Եղիազարյան այցելել եմ ինքը գրասենյակ ու առաջարկել գիրք հիմն վրա անիմացիոն ֆիլմ նկարահանել չնայած զբաղվածություն Խաչատրյան որոշել եմ կարդալ գիրք ու մի ամբողջ օր եմ նվիրել ընթերցանություն քանի որ այն ինքը չափազանց դուր եմ գալ քննարկել եմ գաղափար ու երկու տարի անց ծնվել եմ անիմացիոն ֆիլմ սա մի մեծ նախագիծ սկիզբ եմ սա կրթամշակութային նյութ եմ որ պետք եմ հետաքրքրություն առաջանալ վիշապաքար նկատմամբ այդ կոթող մեջ կախարդանք կամ որ հույս ունեմ փոխանցել երեխա և նա դառնալ վիշապաքար պահապան որովհետև մենք պատմական ժառանգություն կարիք ունեմ պահպանում ու արժևորում շեշտել պրոդյուս ֆիլմ հաջորդել ինտերակտիվ զրույց վիշապաքար պատմություն դա խորհուրդ և պահպանում կարևորություն մասին ՀՀ գաա հնագիտություն և ազգագրություն ինստիտուտ տնօրեն Արսեն Բոբոխյան հետ այնուհետև փոքրիկ և մեծահասակ հանդիսատես ներկայանալ տիեզ բենդ հեղինակել նոր երգ տեղ ունենալ նախագիծ հատուկ կրթական գրքույկ շնորհանդես նախագիծ ստեղծագործական և գիտական թիմ անիմացիոն ֆիլմ երևանյան ցուցադրություն հետո մեկնել մարզ տեղ պատանի համար իրականանալ բացառիկ ցուցադրություն և կրթական հանդիպում առաջիկա կանգառ լինել Արմավիրում Հրազդան Չարենցավանում հունիս միջոցառում շարունակվել Նաիրի Աբովյան աշտարակ Ապարան Սևան և Գավառ համայնք միջոցառում հետո սոցիալական հարթակ կանցկացնել վիշապաքար վերաբերյալ քվեստ իսկ քվեստ հաղթող կարժանանալ արկած լի նուր գիտարշավ դեպի արագածոտին մարզ իրական վիշապաքար միջոցառում համահայկական շարք իրականանալ եմ ՀՀ գաա հնագիտություն և ազգագրություն ինստիտուտ մշակույթ գործոն ՀԿ և Օնօֆֆ ստուդիա նախաձեռնություն աջակից եմ ՀՀ կրթություն գիտություն մշակույթ և սպորտ նախարարություն և Հ հովնանյան ընտանեկան հիմնադրամ,14,484
https://armenpress.am/hy/article/1251347,2026-05-27 15:15:00,Պեսկով անդրադառնալ եմ Հայաստան հետ գազա համաձայնագիր չեղարկում հնարավորություն,Ռուսաստան նախագահ մամուլ քարտուղար Դմիտր Պեսկով անդրադառնալ եմ հարց թե արդյոք Ռուսաստան դիտարկու եմ միակողմանիորեն չեղարկել Հայաստան հետ համաձայնագիր գազ արտոնյալ մատակարարում վերաբերյալ հաշիվ առնել այն որ Հայաստան գնալ եմ եվրաինտեգրում ճանապարհ Արմենպրես ը փոխանցում ինչպես հաղորդել եմ ՏԱՍՍ գործակալություն ՌԴ նախագահ մամուլ քարտուղար լրագրող խնդրել եմ այդ հարց ուղղել Գազպրոմ ը շեշտել որ Հայաստան հետ Գազպրոմ ը գազա համաձայնագիր կոմերցիոն բնույթ եմ դա Գազպրոմ ը եմ պետք հարցնել ես չեղարկում մասին ոչինչ հայտնի եմ Հայաստան հետ Գազպրոմ ը գազա համաձայնագիր կոմերցիոն բնույթ ունեմ այնտեղ արտոնյալ գին կամ այն կարող եմ ավելի բարձր լինել կարող եմ ավելի ցածր լինել այն կարող եմ վերանայվել և կորպորացիա կարող եմ դնել այս հարց սա կորպորատիվ հարց եմ և այդ հարց պետք եմ դիմել Գազպրոմ ը ասել եմ Դմիտր Պեսկով նա հավելել եմ որ արտոնյալ գին որ Հայաստան գազ եմ ստանալ օգնություն եմ Ռուսաստան կողմից արտոնություն միշտ արտոնություն եմ ինչ որ մեկը հաշվին այսինքն այն արտոնություն որ ստանալ եմ Հայաստան այն միշտ ինչ որ մեկը հաշվին եմ այն երկինք եմ ընկնել դա Ռուսաստան դաշնություն հաշվին եմ դա իսկապես մենք ներդրում եմ Հայաստան զարգացում մեջ արտոնություն կապվել եմ նա հետ որ հայ ժողովուրդ Ռուսաստան համար եղբայրական ժողովուրդ եմ այդ երկիր մենք համար եղբայրական երկիր եմ այն լինել և մնալ եմ եղբայրական բայց դա մենք հաշվին եմ պետք եմ իր ինքը անուն կոչել դա մենք օգնություն եմ Հայաստան ասել եմ Պեսկով թվական Հայաստան և Ռուսաստան միջև ստորագրել համաձայնագիր Ռուսաստան այս պահ Հայաստան գազ եմ վաճառել խորանարդ մետր դիմաց դոլար Եվրոպա օրինակ ռուսական գազ շուկայական գին խորանարդ մետր համար դոլար եմ Հայաստան վարչապետ Նիկոլ Փաշինյան օր առաջ անդրադառնալ ռուսական գազ գին հնարավոր բարձրացում թեմային հայտարարել եմ որ նման բան եմ կարող լինել քանի որ Ռուսաստան հետ կամ գործել համաձայնագիր որ պետք եմ պահպանել,9,286
https://armenpress.am/hy/article/1251348,2026-05-27 15:33:00,Արամ Խաչատրյան համերգասրահ երգեհոն հիմնանորոգել կառավարություն ֆինանսավորում,Արամ Խաչատրյան համերգասրահ երգեհոն հիմնանորոգում և վերականգում նպատակով կառավարություն առաջին փուլ միլիոն դրամ հատկացնել Արմենպրես ը փոխանցում համապատասխան որոշում ընդունվել եմ գործադիր մայիս նիստ ԿԳՄ թվական բյուջետային ընդհանուր հատկացում կատարել վերաբաշխում Համերգասրահ երգեհոն հիմնանորոգել և վերականգնել ԿԳՄՍ նախարարություն և ավստրիական հանրահայտ ընկերություն միջև ստորագրել համաձայնագիր և Հայաստան ազգային ֆիլհարմոնիկ նվագախումբ և ընկերություն միջև ստորագրել պայմանագիր շրջանակ երգեհոն ապամոնտաժում և պահեստավորում իրականանալ թվական հուլ օգոստոս տեխնիկական վերատեղադրում թվական հունվար փետրվար ամիս թվական ամառ նախատեսել եմ երգեհոն ընդհանուր կարգաբերում վերականգում աշխատանք ավարտ թվական աշուն Ավստրիական հեղինակավոր Ռիգեր Օրգելբաու ԳՄԲՀ ընկերություն կողմից ներկայանալ երգեհոն վերանորոգում աշխատանք նախագիծ ընդհանուր արժեք կազմ եմ միլիոն հազար դրամ Ֆինանսավորում տրել փուլային եղանակ հետագա միջոց հատկացում նախատեսել եմ թվական ԿԳՄ միջնաժամկետ ծախսային ծրագիր հայտ,7,116
https://armenpress.am/hy/article/1251365,2026-05-27 17:17:00,Արամ Սարգսյան ներկայանալ եմ Հայաստան զարգացում վերաբերյալ կուսակցություն տեսլական,Հայաստան կայանալ խորհրդարանական ընտրություն նախընտրական քարոզարշավ շրջանակ հանրապետություն կուսակցություն ներկայացուցիչ մայիս քարոզարշավ եմ իրականանալ Տավուշ մարզ Դիլիջան քաղաք Արմենպրես ը հաղորդում կուսակցություն վարչապետ թեկնածու Հայաստան նախկին վարչապետ Արամ Սարգսյան Դիլիջան հրապարակ քաղաքացի հետ հանդիպում խոսել կուսակցություն նախընտրական ծրագիր նշել եմ որ ինքը ուժ մասնակցել եմ ընտրություն Հայաստան տնտեսություն ոտք հանել Հայաստան բանակ սպառազինել նպատակով մենք երկիր ունեմ հանքահումքային ռեսուրս ահռելի պաշար մենք սար լի եմ քաղցրահամ ջուր ունեմ նաև մարդկային ու գիտական ահռելի ռեսուրս և եթե այդ ռեսուրս ամբողջություն միավորել մենք կարող եմ մենք բյուջեն քառապատկել հնգապատկել և հինգ տարի հետո ունենալ Ադրբեջան բյուջե երկու անգամ ավելի բյուջե ասել եմ նա Արամ Սարգսյան նշել եմ որ ինքը առաջարկել եմ նաև Հայաստան ստեղծել ջրամբար մենք գնալ եմ ազգային ժողով աշխատել օրենսդրական նախագիծ տանել Հայաստան տնտեսություն ոտք հանել մենք լինել փոխել եմ այդտեղ պատկեր ու խոսակցություն թեմ ասել եմ նա հավելել որ ինքը նաև տարի մեկ անգամ համաներում պարտադիր դառնալ նախագիծ եմ տանել ազգային ժողով որպեսզի կալանավայր վիճակ բարելավել մենք ազգային ժողով այնպիսի նախագիծ եմ տանել որ մարդ հուզել հարց կարողանալ իրավական և օրենսդրական լուծում տալ մենք գնալ եմ ծառայելի դուք սիրելի ժողովուրդ ասել եմ Սարգսյան նա հորդորել եմ դիլիջանցի գնալ ընտրություն և քվեարկել հանրապետություն կուսակցություն օգտին ես վստահեցնել եմ որ մենք այնպիսի աշխատանք անել որ դուք հպարտանալ դուք քվեարկություն մենք լինել Դիլիջան հանդեպ ուշադրություն էլ ավելի եմ մեծանալ կամ քաղաք որ հանդեպ ուշադրություն բերել եմ ամբողջ Հայաստան վարկանիշ բարձրացում և դա մեկը Դիլիջան եմ հավելել եմ Արամ Սարգսյան իցմեկնարկել եմ հայաստանումհում ինկայանալի քխորհրդարանականընտրություններինախընտրականքարոզարշավը ը ընտրություն սակայն Ալյան կուսակցություն դիմում հիմն վրա ԿԸՀ չեղարկել եմ կուսակցություն գրանցում հանրապետություն կուսակցություն կուսակցությանվարչապետիթեկնածուն ԱրամՍարգսյաննէ կուսակցություն քեզհամարհայաստան քեզհամար կարգախոս կուսակցություն,9,264
https://armenpress.am/hy/article/1251339,2026-05-27 14:43:00,արհեստական բանականություն մինչև դպրոցական ստարտափ Երևան անցկացնել ուսուցչական համաժող,Երևան անցկացնել տեխնոլոգիական նորարարություն դեր կրթություն մեջ խորագիր ուսուցիչ համաժողով որ ընթացքում ոլորտ պատասխանատուն միջազգային գործընկեր ու կրթական համայնք ներկայացուցիչ քննարկել տեխնոլոգիա արհեստական բանականություն և նորարարական լուծում կիրառում հնարավորություն ու մարտահրավեր կրթություն համակարգ Արմենպրես ը հաղորդում ՀՀ կրթություն գիտություն մշակույթ և սպորտ նախարար տեղակալ Արաքսիա Սվաջյան նշել որ Հայաստան հանրակրթական համակարգ տեխնոլոգիական կրթություն տեսանկյուն տարածաշրջան առաջատար դիրք եմ նա խոսք տեխնոլոգիա ներդրում կրթություն ոլորտ միաժամանակ մեծ հնարավորություն և որոշակի ռիսկ եմ պարունակել տեխնոլոգիա մի կողմ ապահովել եմ նորարարություն խթանալ սովորող ստեղծագործական միտք նպաստել նոր գաղափար և պրոդուկտ ստեղծում մյուս կողմից բազմաթիվ հետազոտություն փաստել եմ որ դա կարող եմ բացասաբար անդրադառնալ երեխա առողջություն սովորել մոտիվացիա և այլ գործընթաց վրա այդ պատճառով շատ կարևոր եմ գտնել ճիշտ սահման և հասկանալ թե որ տարիքային խումբ ինչ տեխնոլոգիա կարելի եմ կիրառել ասել Սվաջյան նա ընդգծել որ համաժողով նպատակ եմ ներկայանալ դպրոց արդեն առկա հաջողվել փորձ և ստեղծել փորձել փոխանակում հարթակ փոխնախարար խոսք հանրակրթական դպրոց այսօր իրականանալ եմ բազմաթիվ հետաքրքիր նախագիծ որ երբեմն վերածվել եմ ստարտափ նախատիպ և կարող եմ հիմք դառնալ աշակերտ ապագա մասնագիտական գործունեություն համար այսօր համաժողով կազմակերպել եմ նաև էքսպո ձևաչափ որպեսզի դպրոց ներկայացուցիչ հնարավորություն ունենալ ծանոթանալ հանրակրթություն ոլորտ առկա ծրագիր և երեխա նախաձեռնություն իրապես շատ ոգևորիչ եմ տեսնել երեխա հետաքրքրվածություն ու ստեղծարարություն նշել նա անդրադառնալ տեխնոլոգիա կիրառման Սվաջյան շեշտել որ ժամանակակից կրթություն պայման դա մուտք դպրոց անխուսափելի եմ որքան էլ ուսուցիչ հետաքրքիր ներկայանալ նյութ միևնույն եմ տեխնոլոգիական գործիք տեսանյութ լաբորատոր փորձ և ինտերակտիվ մեթոդ կարող եմ ուսուցում ավելի արդյունավետ և տպավորիչ դառնալ ասել Սվաջյան միաժամանակ փոխնախարար կարևորել արհեստական բանականություն կիրառում սահման հստակեցում ընդգծել որ այն կարող եմ և մեծ հնարավորություն ստեղծել և որոշակի վտանգ առաջանալ եթե սովորող լիովին կախվել դառնալ այդ գործիք Երևան պետական համալսարան ռեկտոր Հովհաննես Հովհաննիսյան ողջունել համաժողով մասնակից նշել որ ԵՊՀ ինքը հիմնադրում առաջին օր լինել եմ գիտելիք գիտություն և կրթական առաջընթաց կարևոր կենտրոն նա խոսք այսօր կրթական համակարգ արագ փոփոխություն առանցք տեխնոլոգիա եմ արհեստական բանականություն թվային ուսուցում հարթակ ինտերակտիվ բովանդակություն ու անհատականանալ մոտեցում այսօր բազմաթիվ համալսարան աշխարհ մշակել եմ կանոնակարգ և մոտեցում որպեսզի արհեստական բանականություն գործիք ծառայել ավելի որակյալ կրթություն ապահովում նշել Հովհաննիսյան նա ընդգծել որ տեխնոլոգիա եմ կարող փոխարինել ուսուցչ մարդկային ներկայություն մասնագիտական պատասխանատվություն և ոգեշնչել կարողություն սակայն ճիշտ կիրառում դեպք կարող եմ ընդլայնել ուսուցչ հնարավորություն և ուսուցում ավելի արդյունավետ դառնալ ՀՀ ՅուրԻսԵՖ ներկայացուցիչ պաշտոնակատար Սիլվիա մեստրոն էլ նշել որ ուսուցիչ համաժողով արդեն դառնալ եմ կարևոր ամենամյա հարթակ կրթություն ոլորտ հրատապ հարց քննարկում համար նա խոսք տեխնոլոգիա և կրթություն փոխհարաբերություն ներկա կրթական ոլորտ կրքկաքննննարկող թեմա մեկը եմ ամբողջ աշխարհ տեխնոլոգիական առաջընթաց շատ արագ եմ զարգանալ և դա երբեմն կարող եմ բարդություն ստեղծել ուսուցիչ համար սակայն բազմաթիվ ուսուցիչ այս մարտահրավ վերածել եմ հնարավորություն և դառնալ տեխնոլոգիա արդյունավետ կիրառում առաջամարտիկ ասել Մեստրոն նա ընդգծել որ կրթություն ոլորտ տեխնոլոգիա կիրառում քննարկում պետք եմ սահմանափակել միայն սարք կամ հարթակ շուրջ խոսակցություն կրթություն որակ կախվել եմ նաև մանկավարժական մեթոդաբանություն ուսումնական միջավայր քաղաքականություն և ամենակարևոր ուսուցչ նշել նա մեստրոն ընդգծել որ տեխնոլոգիա եմ կարող ինքնուրույն լուծել կրթական համակարգ առկա բոլոր խնդիր և որոշ դեպք նույնիսկ կարող եմ խորանալ առկա բաց նա խոսք տարբեր երկիր համայնք տեխնոլոգիա հասանելիություն հավասար եմ ինչ էլ կարող եմ ազդեցություն ունենալ կրթական հնարավորություն վրա համաժողով շրջանակ մի շարք դպրոց աշակերտ ներկայանալ եմ ինքը հեղինակել նորարարական նախագիծ որ ապագա կարող եմ հիմք դառնալ նոր և օգտակար տեխնոլոգիական լուծում ստեղծում համար,9,531
https://armenpress.am/hy/article/1251335,2026-05-27 14:27:00,իրականացում շրջանակային համաձայնագիր առավելագույն մեկ ամիս ընթացքում վերջնական ստորագրել Փաշինյան,Հայաստան վարչապետ Նիկոլ Փաշինյան հայտարարել եմ որ նախագիծ շրջանակ նախատեսել եմ վերագործարկել Մեղրի երկաթուղի ինչպես նաև Հայաստան տարածք ստեղծել նոր տրանսպորտային և ենթակառուցվածքային կապ Արմենպրես ը հաղորդում նախընտրական քարոզարշավ շրջանակ Գողթ բնակավայր բնակիչ հետ հանդիպում ընթացքում Փաշինյան անդրադառնալ եմ ԱՄՆ պետքարտուղար Մարկո Ռուբիո Հայաստան կատարել այց և նշել որ մայիս Երևան նախաստորագրվել եմ նախագիծ իրականացում շրջանակային համաձայնագիր միացյալ նահանգ պետքարտուղար Մարկո Ռուբիո ժամանել Հայաստան և արտաքին գործ նախարար հետ նախաստորագրել նախագիծ իրագործում շրջանակային համաձայնագիր առավելագույն մեկ ամիս ընթացքում այն վերջնական ստորագրել ասել եմ Փաշինյան նա խոսք նախագիծ ամենաակնհայտ բաղադրիչ մեկը Մեղրի երկաթուղի վերաբացում եմ Մեղրի երկաթուղի վերաբացնել եմ և այդ երկաթուղուց օգտվել եմ ինչպես Ադրբեջան Նախիջևան և Ադրբեջան հիմնական մաս միջև կապ համար այնպես էլ Հայաստան երկիր հյուսիսային և հարավային հատված միջև երկաթուղային կապ ստեղծել նպատակով մենք այսօր հարավ դեպի հյուսիս այսինքն Սյունիք հատված երկաթուղ ունեմ և մենք ստանալ եմ այդ երկաթուղի նշել եմ վարչապետ նա հավելել եմ որ երկաթուղի վերագործարկում կարևոր նշանակություն ունենալ նաև բեռնափոխադրում համար մասնավորապես Զանգեզուր պղնձամոլիբդենային կոմբինատ արտադրանք տեղափոխում առում սա նշանակել եմ մենք համար հնարավորություն որ մենք սյունիք առնվազն խտանյութ բերել միանգամից երկաթուղ և դեպի Սյունիք էլ ապրանք տանել ասել եմ Փաշինյան նա խոսք Հայաստան նաև տրանզիտային եկամուտ եմ ստանալ ամեն գնացք որ մենք տարածք անցնել դա համար վճարել եմ այդ գումար գալ եմ Հայաստան հանրապետություն պետական բյուջե նշել եմ վարչապետ Փաշինյան խոսք այդ միջոց կարող եմ ուղղվել ճանապարհաշինություն սոցիալական ծրագիր և այլ պետական կարիք նա ընդգծել եմ նաև որ երկաթուղային փոխադրում ավելացում կարող եմ նվազել ծանրաբեռնել բեռնատար ազդեցություն ճանապարհ վրա բացի երկաթուղուց Փաշինյան խոսք նախագիծ նախատեսել եմ նաև գազամուղ նավթամուղ էլեկտրահաղորդում գիծ և ինտերնետային մալուխ անցկացում Հայաստան տարածք այդ ամեն ինչ համար Հայաստան ստանալ եմ տրանզիտ փող ասել եմ նա վարչապետ խոսք այդ ենթակառուցվածք հնարավորություն տալ Հայաստան ինչպես ներմուծում այնպես էլ արտահանում իրականանալ Փաշինյան նշել եմ նաև որ ծրագիր իրականացում ենթադրել եմ մեծ ներդրում և նոր աշխատատեղ ստեղծ նա խոսք նախագիծ շրջանակ Հայաստան նաև երկաթուղային կապ ստանալ Իրան հետ Փաշինյան խոսք արդյունք Հայաստան կարող եմ դառնալ հյուսիս հարավ և արևելք արևմուտք տրանսպորտային խաչմերուկ մենք նաև արտահանում և ներկրում համար Պարս ծոց և սև ծով միջև ստանալ եմ երկաթուղային կապ ասել եմ Փաշինյան մայիս Հայաստան ու Ամերիկա միացյալ նահանգ նախաստորագրել եմ Թրամփի ուղի հանուն միջազգային խաղաղություն և միջազգային բարգավաճում նախագիծ վերաբերյալ ռազմավարական համագործակցություն մասին շրջանակայինհամաձայնագիրը փաստաթուղթ նախաստորագրում տեղ եմ ունենալ ԱՄՆ պետքարտուղար Մարկո Ռուբիո Հայաստան այց շրջանակ հայկական կողմ փաստաթուղթ ստորագրել ՀՀ արտաքին գործ նախարար Արարատ Միրզոյան ամերիկյան կողմից ԱՄՆ պետքարտուղար Մարկո Ռուբիո,10,398
https://armenpress.am/hy/article/1251372,2026-05-27 17:53:00,միասնություն թև կուսակցություն քարոզարշավ եմ անցկացնել գեղարքունիք մարզ,միասնություն թև կուսակցություն ներկայացուցիչ Հայաստան կայանալ խորհրդարանական ընտրություն նախընտրական քարոզարշավ շրջանակ մայիս գեղարքունիք մարզ եմ Արմենպրես ը հաղորդում կուսակցություն անդամ շրջել եմ Մարտուն քաղաք շփվել քաղաքացի հետ ծանոթանալ ինքը կուսակցություն նախընտրական ծրագիր հորդորել բոլորը գնալ քվեարկություն և քվեարկել հանուն արդարություն իցմեկնարկելէունի ը ը հայաստանումկայանալի քխորհրդարանականընտրություններինախընտրականքարոզարշավը ը ընտրություն ը արմանթաթոյանիգլխավորած միասնությանթևեր րդ կուսակցություն նմասնակցում արդարություն գալիսէ կարգախոս,8,56
https://armenpress.am/hy/article/1251384,2026-05-27 20:22:00,Սամվել Կարապետյան հայտարարել եմ որ ինքը ձայն ոչ մի այլ ուժ եմ տալ,ուժեղ Հայաստան կուսակցություն առաջնորդ Սամվել Կարապետյան Շիրակ մարզ բնակիչ հետ հանդիպում հայտարարել եմ որ կուսակցություն ինքը ձայն ոչ մի այլ ուժ եմ տալ Արմենպրես ը հաղորդում Կարապետյան այս մասին ասել եմ քաղաքացի հետ հանդիպում ժամանակ որ կայանալ եմ Կարապետյան առանձնատան բակ քանի որ նա գտնվել եմ տնային կալանք տակ ու եմ կարող հանդիպում այլ վայր անցկացնել մենք հաղթել եմ և ձևավորել կառավարություն բայց գյումրեցի էլ պետք եմ հասկանալ եթե ինքը ուզել եմ որ մենք ձևավորել կառավարություն պետք եմ հունիս կատարել միակ ճիշտ քայլ ասել եմ Կարապետյան հավելել որ ինքը ուժ գնալ եմ բացարձակ հաղթանակ ու շատ մոտ եմ դա մայիս եմ հայաստանումհումհ քխորհրդարանականտություն նախընտրականքարոզարշավը որըկշարունակվումիչև ընտրություն նմասնակցելուհամարգրանցվելէ ՈւժեղՀայաստան կուսակցություն խորհրդարանականտություն նմասնակցում կուսակցություն փոփոխություն կուսակցություն իԸէէներկայանալ ց բաղկացածցուցակ ինչպեսնաևազգայրություն դաշինքիառաջնորդսամվելկարապետյանը սակայն ցուցակումներառվածչէ քանիորնաբաց հՀքաղաքացիություն ունինաև Ռուսաստան և կիպրոսիքաղաքացիություն իսկՀՀՍահմանադրությանհամաձայն այլերկր քաղաքացիությունունեցողանձինքչենկարողլինելո՛չվարչապետի ո՛չպատգամավորիթեկնածու,13,131
https://armenpress.am/hy/article/1251343,2026-05-27 15:01:00,Հայաստան գետ մեծ մաս սպասել եմ ջուր ելք մեծացում,Հայաստան գետ մեծ մաս մայիս սպասել եմ ջուր ելք մեծացում Արմենպրես ը փոխանցում այս մասին հայտնել եմ հիդրոօդերևություն և մոնիթորինգ կենտրոն բարձր ջերմաստիճան պայմանավորվել եմ վտանգավոր ելք ափամերձ տարածք ողողում հատկապես Սևանա լիճ ավազան Արփա Որոտան Հրազդան ազատ և Վեդի գետ ավազան հայտնել եմ կենտրոն քաղաքացի հորդորել խուսափել գետ հարակ գոտի մոտ գտնվել իսկ վտանգ դեպք անմիջապես զանգահարել ՆԳՆ օպերատիվ կառավարում կենտրոն,9,62
https://armenpress.am/hy/article/1251374,2026-05-27 17:55:00,բարգավաճ Հայաստան կուսակցություն անդամ քարոզարշավ եմ իրականանալ գեղարքունիք մարզ,ազգային ժողով ընտրություն մասնակցել բարգավաճ Հայաստան կուսակցություն անդամ մայիս նախընտրական քարոզարշավ շրջանակ գեղարքունիք մարզ եմ որտեղ հանդիպել եմ Մարտունի ու Վարդենիս բնակիչ հետ Արմենպրես ը փոխանցում կուսակցություն առաջնորդ Գագիկ Ծառուկյան Վարդեն քաղաք ինքը ելույթ ժամանակ նշել եմ որ ինքը կուսակցություն ունեմ լավ թիմ ծրագիր և ցանկություն ժողովուրդ այս վիճակ հանել համար անհնարին ոչինչ կամ այսօր հեռավոր շրջան գյուղացի աշխատանք ունեմ մարզ դատարկել եմ պետք եմ զարգանալ գյուղատնտեսություն ասել եմ նա Ծառուկյան խոսք առողջապահություն ու կրթություն Հայաստան պետք եմ անվճար լինել պետություն էլ պետք եմ ներում շնորհել մինչև միլիոն դրամ վարկ ունեցող ներդրումային ծրագիր եմ մենք պետք ես Հիսուս Քրիստոս արձան եմ կառուցել ու դա մասին ամբողջ աշխարհ գիտել դա տուրիզմ եմ զարգանալ տնտեսություն փոքր ու միջին բիզնես նշել եմ ծառուկյան Մարտունի Գագիկ Ծառուկյան շփվել եմ քաղաքացի հետ պատասխանել նա հուզել հարց ես տիրապետել եմ բոլոր ոլորտ գիտել խնդիր գյուղացի այսօր բազում կարիք ունեմ և դա պատճառ այն եմ որ մենք գյուղատնտեսություն նախարարություն ունեմ պետք եմ ամեն ինչ անել որ մարդ լավ ապրել հավելել եմ Ծառուկյան մայիս մեկնարկել եմ Հայաստան հունիս կայանալ խորհրդարանական ընտրություն նախընտրական քարոզարշավ որ շարունակվել մինչև հունիս ընտրություն մասնակցել եմ քաղաքական ուժ դաշինք և կուսակցություն բարգավաճ Հայաստան կուսակցություն թվական հունիս խորհրդարանական ընտրություն մասնակցել եմ առաջարկ Հայաստան նախընտրական ծրագիր համար ներքո կուսակցություն կարգախոս եմ երաշխավորվել խաղաղություն բարգավաճ Հայաստան բարեկեցիկ կյանք ԲՀԿ ԿԸՀ եմ ներկայանալ թեկնածու բաղկանալ ցուցակ և ազգային փոքրամասնություն թեկնածու բաղկանալ ցուցակ նախընտրական նախաձեռնություն միանալ եմ նաև մայր Հայաստան և դեմոկրատական այլընտրանք կուսակցություն ծրագիր հիմնական դրույթ եմ երաշխավորվել խաղաղություն ապահովում բանակ հզորացում մինչև միլիոն դրամ վարկ ունեցող համար վարկային համաներում իրականացում ինչպես նաև անվճար կրթություն և սոցիալական երաշխիք ընդլայնում,9,261
https://armenpress.am/hy/article/1251376,2026-05-27 18:30:00,փրկարար Հրազդան Միկրոշրջան թաղամաս շենք տարհանել եմ քաղաքացի,ներքին գործ նախարարություն օպերատիվ կառավարում կենտրոն մայիս ժամ ահազանգ եմ ստանալ որ Հրազդան Միկրոշրջան թաղամաս շենք մեկը հարակ տարածք ամբողջություն ողողվել եմ ջուր ինչ հետևանքով քաղաքացի եմ կարողանալ շենք դուրս գալ ինչպես Արմենպրես ը տեղեկանալ նգ նախարարություն փրկարար ծառայություն նշել վայր եմ մեկնել ՆԳՆ փրկարար ծառայություն մարզային փրկարարական վարչություն հրշեջ փրկարարական ջոկատ մեկ մարտական հաշվարկ և օպերատիվ խումբ քաղաքացի փրկարար օգնություն շենք դուրս եմ բերել փրկարար ջրահեռացում աշխատանք ընթացքում աջակցել եմ նաև ՏԻՄ աշխատակից,8,74
https://armenpress.am/hy/article/1251351,2026-05-27 16:01:00,բարգավաճ Հայաստան ը Վանաձոր գրասենյակ պատասխանատուն կուսակցություն օգտին քվեարկել պայման ընտրակաշառք եմ տալ հակակոռուպցիոն կոմիտե,Հայաստան հանրապետություն հակակոռուպցիոն կոմիտե բացահայտել եմ բարգավաճ Հայաստան կուսակցություն Վանաձոր քաղաք գրասենյակ պատասխանատ կողմից ընտրակաշառք տալ ստանալ հերթական դեպք Արմենպրես ը փոխանցում Կոմիտե տարածել հաղորդագրություն մեջ նշել եմ հակակոռուպցիոն կոմիտե և ՆԳՆ քրեական ոստիկանություն Լոռու մարզային վարչություն ծառայող կողմից իրականանալ միջոցառում արդյունք հակակոռուպցիոն կոմիտե նախաձեռնել քրեական վարույթ փաստական տվյալ եմ ստանալ այն մասին որ բարգավաճ Հայաստան կուսակցություն Լոռու մարզ Վանաձոր քաղաք գրասենյակ պատասխանատուն այլ անձ հետ ազգային ժողով ընտրություն ինքը կուսակցություն օգտին քվեարկել պայման մի շարք ընտրող տալ եմ ընտրակաշառք հաղորդագրություն կից հրապարակվել եմ նաև ձայնագրություն դեպք առթիվ ՀՀ հակակոռուպցիոն կոմիտե նախաձեռնվել եմ քրեական վարույթ ձերբակալվել եմ մի շարք անձինք կատարել եմ խուզարկություն և վարութային այլ գործողություն ծանուցում հանցագործություն համար մեղադրվող համարել եմ անմեղ քանի դեռ նա մեղավորություն ապացուցել եմ ՀՀ քրեական դատավարություն օրենսգիրք սահմանել կարգ դատարան օրինական ուժ մեջ մտնել դատավճռ,15,132
https://armenpress.am/hy/article/1251379,2026-05-27 19:32:00,ՆԳՆ հերքել եմ տեղահանված ընտրական իրավունք վերաբերյալ տարածվել տեղեկություն,Հայաստան ներքին գործ նախարարություն հերքել եմ սոցիալական մեդիա տիրույթ տեղահանել անձ ընտրական իրավունք վերաբերել տեղեկատվություն այն մասին որ առանց ՀՀ քաղաքացիություն համար դիմել և ստանալ հնարավոր եմ ձեռք բերել ընտրական իրավունք և ընդգրկվել ընտրող ցուցակ ինչ եմ համապատասխանել իրականություն ՀՀ սահմանադրություն և ընտրական օրենսգիրք սահմանադրական օրենք համաձայն համապետական ընտրություն մասնակցել ընտրական իրավունք ունեմ տարի լրանալ ՀՀ քաղաքացի Ղարաբաղ տեղահանել մենք հայրենակից վերցնել եմ ՀՀ պաշտպանություն ներքո ձեռք բերել ժամանակավոր պաշտպանություն փախստական կարգավիճակ հետևաբար հունիս ԱԺ ընտրություն մասնակցել իրավունք ձեռք բերել միակ ճանապարհ ՀՀ քաղաքացիություն ստանալ եմ ընտրական իրավունք ձևավորում շրջանակ ՀՀ քաղաքացի լինել առանցքային չափանիշ բավարարել համար Արմենպրես ը հաղորդում նշել եմ նգ նախարարություն տարածել հաղորդագրություն մեջ նախարարություն հիշել եմ նաև որ ներկա պահ տասնյակ հազարավոր հայրենակից ստանալ եմ ՀՀ քաղաքացիություն և կարող եմ մասնակցել համապետական ընտրություն տարածվել գրառում տեսանյութ իրականություն համապատասխանել էական փաստ եմ նաև վարչական դատարան կողմից կայանալ և ուժ մեջ մտնել երեք դատական ակտ վկայակոչում վարչական դատարան կողմից որ իրավասու եմ նման հարց քննել այդպիսի վճիռ կամ տեղեկանալ եմ որ վճիռ կայանալ եմ քաղաքացիական դատարան կողմից ներքին գործ նախարարություն կողմից դա բողոքարկվել եմ վերաքննիչ դատարան հաշիվ առնել այն հանգամանք որ այս գործ շրջանակ դատարան եմ անդրադառնալ քաղաքացիություն ինստիտուտ բովանդակություն ինչ առանցքային եմ ընտրական իրավունք տեսանկյուն եմ երաշխավորել ՆԳՆ միգրացիա և քաղաքացիություն ծառայություն ծանուցում կամ եմ պահպանվել գործ վերաբերելի նյութ ներկայանալ պատասխանող իրավունք նշել եմ նախարարություն հավելել որ դա ՆԳՆ կողմից բողոքարկվել եմ ընդդատություն կանոն և դատավարական այլ նորմ խախտում հիմք հատուկ անդրադարձ եմ կատարել նաև քաղաքացիություն ինստիտուտ ՆԳՆ հորդորել եմ հանրություն շրջան մոլորել տեղեկություն ներկայանալ մենք հայրենակից ներգրավել ոչ իրավաչափ և անօգտակար գործընթաց,9,256
https://armenpress.am/hy/article/1251337,2026-05-27 14:36:00,Հայաստան երկաթուղի կոնցեսիոն կառավարում տրամաբանություն պետք եմ անպայման փոխել Փաշինյան,Հայաստան վարչապետ Նիկոլ Փաշինյան հայտարարել եմ որ Հայաստան ցանկանալ եմ փոխել երկաթուղի կոնցեսիոն կառավարում տրամաբանություն որպեսզի պատժամիջոցային խոչընդոտ խնդիր դառնալ երկիր երկաթուղային համակարգ զարգացում համար հիշել որ Հայաստան երկաթուղի կոնցեսիոն կառավարում իրականանալ եմ Ռուսաստան հարավկովկասյան երկաթուղի ընկերություն միջոցով թեմա վերաբերյալ վարչապետ Նիկոլ Փաշինյան ավելի վաղ էլ խոսել եմ նշել որ ռուսական կոնցեսիոն կառավարում Հայաստան զրկել եմ որոշ մրցակցային առավելություն առաջարկել հայկական երկաթուղի կոնցեսիոն կառավարում Հայաստան և Ռուսաստան համար բարեկամ որևէ երրորդ երկիր փոխանցել ռուսական կողմ տարբեր պաշտոնյա արդեն իսկ հայտարարել եմ որ երկաթուղի կոնցեսիոն կառավարում երրորդ երկիր փոխանցել նպատակահարմար եմ համարել Արմենպրես ը հաղորդում Կոտայք մարզ Գողթ բնակավայր բնակիչ հետ հանդիպում ընթացքում Փաշինյան անդրադառնալ եմ տարածաշրջանային հաղորդակցություն շուրջ զարգացում նշել որ Թուրքիա այժմ կառուցել եմ Կարս Դիլիջու երկաթուղի Կարս մինչև Նախիջևան հատված մինչդեռ Հայաստան արդեն առկա եմ պատրաստի երկաթուղային ենթակառուցվածք Հայաստան պատրաստի երկաթուղ կամ և պատրաստի երկաթուղի եմ պետք օգտագործել ասել եմ վարչապետ Փաշինյան խոսք ուսումնասիրություն արդյունք կառավարություն գալ եմ եզրակացություն որ խնդիր կապվել եմ Հայաստան երկաթուղի ներկա կոնցեսիոն կառավարում մոդելի հետ քանի որ Հայաստան երկաթուղի ռուսական կոնցեսիա ներքո եմ և Ռուսաստան բարդ պատժամիջոցային հարաբերություն ունեմ արևմուտք երկիր հետ արևմտյան երկիր փնտրել եմ ճանապարհ թե ինչպես շրջանցել դա նշել եմ նա վարչապետ խոսք միջազգային ընկերություն փորձել եմ խուսափել պատժամիջոց ռիսկ և փնտրել եմ անվտանգ ուղի մենք կարծել եմ որ Հայաստան երկաթուղի կոնցեսիոն տրամաբանություն պետք եմ անպայման փոխել որ ի դեպ Հայաստան հանրապետություն տոկոս սեփականություն եմ դա պետք եմ որպեսզի պատժամիջոցային խոչընդոտ մենք ճանապարհ մենք երկաթուղի համար պրոբլեմ դառնալ ասել եմ Փաշինյան նա խոսք այս ուղղություն Հայաստան շարունակել եմ աշխատանք գործընկեր այդ թիվ Ռուսաստան հետ Փաշինյան նաև հայտարարել եմ որ հաջորդ փուլ սպասել եմ Հայաստան Թուրքիա սահման և երկաթուղի բացում բոլոր դեպք արևելք արևմուտք ապրանք հոսք այնքան մեծ եմ որ ես համոզված եմ որ մենք երկաթուղի մեծ ծանրաբեռնվածություն աշխատել եմ և մեծ գումար եմ բերել Հայաստան հանրապետություն նշել եմ նա վարչապետ խոսք միջազգային գործընկեր նաև ուսումնասիրել եմ Հայաստան տարածք անցնել ճանապարհային ուղղություն և գալ եզրակացություն որ արևելք արևմուտք կարճ ճանապարհ անցնել եմ Տավուշ Լոռու և Շիրակ մարզ մեծ ներդրումային հետաքրքրություն կամ որպեսզի Տավուշ մարզ դեպի Շիրակ մարզ գնալ ճանապարհ զարգանալ և բեռնատար համար վճարովի ճանապարհ ստեղծվել ասել եմ Փաշինյան նա խոսք այդ ծրագիր Հայաստան համար լրացուցիչ եկամուտ կստեղծել,10,357
https://armenpress.am/hy/article/1251328,2026-05-27 13:42:00,Նիկոլ Փաշինյան Սամվել Կարապետյան մեղադրել եմ Հայաստան լրտեսական գործունեություն ծավալել մեջ,Հայաստան վարչապետ Նիկոլ Փաշինյան ուժեղ Հայաստան դաշինք առաջնորդ գործարար Սամվել Կարապետյան մեղադրել եմ Հայաստան լրտեսական գործունեություն ծավալել մեջ շեշտել որ նա դա համար պետք եմ պատասխանատվություն կրել քրեակատարողական հիմնարկ Արմենպրես ը փոխանցում Նիկոլ Փաշինյան այդ մասին ասել եմ Ֆեյսբուք ը ինքը էջ հրապարակել տեսանյութ Կալուգացի օլիգարխ պետք եմ դատվել ոչ միայն փող լվացում և դպրոց մանկապարտեզ ու զորամաս հոսանք գողություն այլև Հայաստան պետական շահ դեմ գործել մասնավորապես հազար ադրբեջանցի վերադարձ գոյություն ունենալ թեման Հայաստան ներքաղաքական օրակարգ մտնել փորձ համար եմ ստացվել պարզապես այդ լրտեսական գործունեություն և առավել ևս հիմա թող կալուգանալ օլիգարխ պատրաստվել նա որ դեռ տասնամյակ եմ կարողանալ հեռանալ Հայաստան նա պետք եմ գտնվել քրեակատարողական հիմնարկ որպես լրտես որպես հոսանք գող և որպես փող լվալ ասել եմ Փաշինյան ուժեղ Հայաստան դաշինք Հայաստան հունիս կայանալ խորհրդարանական ընտրություն նախընտրական քարոզարշավ ընթացքում ինքը քարոզչական հիմնական թեզ մեկը դարձնել եմ այն թե գործել իշխանություն վերընտրվել դեպք իբր հազար ադրբեջանցի եմ վերաբնակեցել Հայաստան դաշինք ներկայացուցիչ այս թեմ պարբերաբար շրջանառել եմ սոցիալական ցանց տարածել նաև արհեստական բանականություն գեներացնել տարբեր հոլովակ Տաշիր ընկերություն խումբ որ հիմնադիր Սամվել Կարապետյան եմ թվական սեպտեմբեր Հայաստան էլեկտրական ցանց ը սեփականատեր եմ որտեղ այս պահ հանրային ծառայություն կարգավորել հանձնաժողով որոշում նշանակել եմ ժամանակավոր կառավարիչ Նիկոլ Փաշինյան վերջին շրջան Հայաստան տարբեր բնակավայր բնակիչ հետ հանդիպում հայտարարել եմ որ ՀԷՑ ժամանակավոր կառավարիչ նշանակել հետո պարզել եմ որ ՀԷՑ տարի շարունակ դպրոց մանկապարտեզ զորամաս վրա հոսանք հավելագրում եմ անել Սամվել Կարապետյան այս պահ տնային կալանք տակ եմ նա անցնել եմ իշխանություն զավթել հրապարակային կոչ հնչեցնել և փող լվացում քրեական գործ Կարապետյան ինքը առաջադրել մեղադրանք եմ ընդունել,11,252
https://armenpress.am/hy/article/1251370,2026-05-27 17:42:00,Հայաստան քաղաքացի եմ որոշել լինել թե Փաշինյան,Հայաստան քաղաքացի պետք եմ ունենալ ընտրություն հնարավորություն երկիր լինել Եվրասիական տնտեսական միություն թե Եվրամիություն կազմ Արմենպրես ը հաղորդում Կոտայք մարզ նախընտրական քարոզարշավ ընթացքում այս մասին հայտարարել եմ արձակուրդում գտնվել ՀՀ վարչապետ քաղաքացիական պայմանագիր կուսակցություն վարչություն նախագահ Նիկոլ Փաշինյան Փաշինյան ընդգծել եմ որ այդ որոշում պետք եմ այանալ ժողովուրդ Հայաստան ժողովուրդ պետք եմ ունենալ այլընտրանք լինել ԵԱՏՄ կազզմու թե լինել Եվրամիություն կազմ դա ես եմ որոշել ժողովուրդ դա հզոր եմ որոշել Հայաստան քաղաքացի ասել եմ վարչապետ նա խոսք կառավարություն խնդիր այն եմ որպեսզի քաղաքացի ունենալ այլընտրանք և քաղաքացի ունեմ այլընտրանք ուզել եմ ասել որ մենք այն գործընկեր ով նույնիսկ թաքնվել սպառնալիք եմ արձագանքել այս գործընթաց իրականում գործել եմ ինքը դեմ նա ընդհակառակը պետք եմ Հայաստան ժողովուրդ առաջարկ ներկայանալ ասել մենք այս լավ բան անել այս լավ բան անել բայց փոխարեն ասել եմ մենք այս վատ բան անել այս վատ բան անել դա անտրամաբանական եմ անտրամաբանական եմ նաև Հայաստան սպառնալ օրինակ բարձր գին որովհետև այդ սպառնալիք կամ մենք շատ ավելի մեծ տնտեսական հնարավորություն ունենալ որպեսզի դա մենք համար խնդիր լինել այսօր Հայաստան դառնալ եմ խաղաղություն խաչմերուկ իսկ դա նշանակել եմ որ Հայաստան այլևս ոչ թե հազար կամ միլիոն այլ միլիարդ և տրիլիոն երկիր եմ դառնալ ընդգծել Փաշինյան ավելի վաղ ռուսական Կոմերսանտ պարբերական տեղեկություն եմ տարածել թե իբր Ռուսաստան Հայաստան սպառնալ եմ միակողմանիորեն կասել կամ չեղյալ հայտարարել գազ նավթամթերք և մշակվել ադամանդի մատակարարում մասին համաձայնագիր եթե երկիր շարունակել եվրամիություն անդամակցել գործընթաց Պարբերական գրել եմ թե Ռուսաստան էներգետիկա նախարար սերգեյ ցիվիլև մայիս նման բովանդակություն նամակ եմ ուղարկել Հայաստան տարածքային կառավարում և ենթակառուցվածք նախարարություն թվական Հայաստան և Ռուսաստան միջև ստորագրել համաձայնագիր Ռուսաստան Հայաստան գազ նավթամթերք և մշակվել ադամանդ եմ մատակարարում առանց արտահանում տուրք և ներքին սպառում հետ կապվել արտոնյալ պայման ըստ Կոմերսանտ ը հրապարակում եթե համաձայնագիր դադարել Հայաստան պարտավոր լինել Ռուսաստան փոխհատուց վճարել կամ վճարերել գումար ճանաչել որպես Հայաստան պետական պարտք Ռուսաստան դաշնություն,7,298
https://armenpress.am/hy/article/1251382,2026-05-27 19:40:00,զինել ուժ արդիականացում ու բարեփոխում թուվ ու փաստ,պաշտպանական ծախս աճ արտոնյալ հիփոթեքային վարկ զինծառայող համար ու զորակոչել զինծառայող թու ավելացում Արմենպրես ը ներկայանալ եմ զինել ուժ արդիականացում ու բարեփոխում թուվ ու փաստ ՀՀ կառավարություն թվական թվական համեմատ գրեթե տոկոս ավելանալ եմ ՀՀ պաշտպանություն նախարարություն բյուջեն պաշտպանական ծախս թվական կազմել եմ միլիարդ դրամ իսկ թվական միլիարդ դրամ զինծառայող մատչելի և արտոնյալ պայման երկարաժամկետ հիփոթեքային վարկավորում ծրագիր բնակարան կամ բնակելի տուն եմ ձեռք բերել ծրագիր գործել եմ թվական եվս ընտանիք շուտ տուն ունենալ ՀՀ կառավարություն առաջիկա չորս տարում լուծել զինել ուժ համակարգ բնակարան համար հերթագրել շահառու բնակապահովում հարց զինել ուժ ատեստավորում ներդրում պահ սկսած մասնակից զինծառայող ը հաղթահարել եմ դրական շեմ և ստանալ եմ բարձր աշխատավարձ ատեստավորում հավելավճար դրամ եմ պաշտպան հայրենյաց ծրագիր ներդրում պահ սկսած շահառու եմ դառնալ և ատեստավորվել հազարավոր զինծառայող համալրել զինել ուժ տարբեր ստորաբաժանում շարք պայմանագիր ավարտ հետո նա հնարավորություն ընձեռել պայմանագիր երկարանալ կամ տարի ժամկետ ստանալ միլիոն դրամ պատվովճար կամ տարի ժամկետ ստանալ միլիոն դրամ պատվովճար Մոնթե Մելքոնյան անուն ռազմամարզական վարժարան սան մինչև թվական ը կրթաթոշակ ընդհանրապես եմ ստանալ այժմ վարժարան բոլոր սան ստանալ եմ դրամ կրթաթոշակ կախվել առաջադիմություն Վազգեն Սարգսյան անուն ռազմական ակադեմիա կուրսանտ թվական կարող եմ ստանալ առավելագույնը դրամ իսկ այժմ մինչև դրամ կրթաթոշակ թվական Վազգեն Սարգսյան անուն ռազմական ակադեմիա շրջանավարտ ստանալ բնակարան թվական ՀՀ պարտադիր ժամկետային զինծառայություն տարի փոխարեն դառնալ եմ տարի պարտադիր ժամկետային զինծառայող արձակուրդ ժամկետ երկարանալ եմ մարտական հերթապահություն իրականացնող ստանալ եմ օր իսկ մյուս զորամաս զինծառայող օր արձակուրդ բացի այդ զինվորական երդում կապակցությամբ տրել եմ լրացուցիչ ևս օր արձակուրդ թվական ը համեմատություն թվական ը զորակոչել զինծառայող թիվ ավելանալ եմ ը փոխվել եմ նաև ՀՀ զինել ուժ համազգեստ որակ արտաքին տեսք և չափանիշ ձևավորել ժամանակակից պաշտպանունակ և պրոֆեսիոնալ բանակ համապատասխան նոր մշակույթ,8,273
https://armenpress.am/hy/article/1251358,2026-05-27 16:27:00,կայանալ եմ հայ առաջին օլիմպիական չեմպիոն Հրանտ Շահինյան հուշամրաշար,մայիս տեղ եմ ունենալ հայ առաջին օլիմպիական չեմպիո Հրանտ Շահինյան անուն հուշամրաշար որ նվիրվել եմ անվանի մարզիկ մահ տարելից ինչպես Արմենպրես ը տեղեկանալ եմ Հայաստան կրթություն գիտություն մշակույթ և սպորտ նախարարություն տարածել հաղորդագրություն հուշամրաշար մասնակցել եմ մարզ տղա և աղջիկ տղա մրցապայքար ընթանալ եմ գործիք օղակ նժույգթափ հենացատկ զուգափայտ պտտաձող վրա և ազատ վարժություն իսկ աղջիկ զուգափայտ հենացատկ հավասարակշռություն գերան և ազատ վարժություն մրցում հետևել եմ ԿԳՄՍ նախարար Ժաննա Անդրեասյան նախարար տեղակալ Հասմիկ Ավագյան Հրանտ Շահինյան դուստր Լուիզա Շահինյան Երևան Հրանտ Շահինյան անուն մարմնամարզություն օլիմպիական մանկապատանեկան մարզադպրոց տնօրեն Գևորգ Գևորգյան մարզաշխարհ այլ ներկայացուցիչ մարզասեր ողջունել ներկա նախարար ընդգծել եմ որ Հրանտ Շահինյան անուն կրել մարզադպրոց այս նախաձեռնություն լավ արժևորել եմ մեծանուն մարզիկ հիշատակ խորհրդանշական եմ որ մեծ մարզիկ հիշատակ նվիրվել այս մրցաշար նշանավորել եմ մարմնամարզիկ նոր սերունդ հաջողություն այսօր համոզվել որ տաղանդավոր երեխա ունեմ մարմնամարզություն որ շարունակել եմ լավ ավանդույթ բազմապատկել հաջողություն Ժաննա Անդրեասյան շնորհակալություն եմ հայտնել մրցաշար կազմակերպիչ ընդգծել որ նման նախաձեռնություն կարևոր հարթակ եմ ոչ միայն մրցակցություն այլև մարզադպրոցային կյանք զարգացում ու հանրայնացում համար նախարար անդրադառնալ եմ նաև կառավարություն կողմից հատկապես մանկապատանեկան սպորտ զարգացում ուղղություն իրականանալ ծրագիր նա խոսք վերջին տարի ՀՀ վարչապետ գավաթ մրցաշար կազմակերպում հետևողականորեն խրախուսել եմ դպրոցական ակտիվ ֆիզիկական կենսակերպ և տարբեր մարզաձև զբաղվել նա նշել եմ որ արդեն անցկացնել եմ դպրոցական մրցաշար վազք հեծանվավազք խճուղավազք սեղան թենիս բասկետբոլ և վոլեյբոլ մարզաձև ինչ նպաստել եմ երեխա առողջ ապրելակերպ և սպորտային ակտիվություն անդրադառնալ մարզական ենթակառուցվածք զարգացում Ժաննա Անդրեասյան ընդգծել եմ որ կառավարություն առաջնահերթություն եմ մարզադպրոց պայման բարելավում նոր գույք ձեռքբերում և մարզական միջավայր արդիականացում այս համատեքստ նա տեղեկանալ եմ որ ավարտական փուլ եմ Հրանտ Շահինյան անուն մարզադպրոց գեղարվեստական մարմնամարզություն նոր մասնաշենք կառուցում հույս եմ սեպտեմբեր գեղարվեստական մարմնամարզություն զբաղվել մենք երեխա կարողանալ մարզել ամբողջություն նոր պայման որ բարձր արդյունք և նոր հաջողություն խթան հանդիսանալ նշել եմ Ժաննա Անդրեասյան և հավելել շարունակվել եմ նաև մարզադպրոց մյուս մասնաշենք վերանորոգում և նոր գույք համալրում աշխատանք նախապատրաստական աշխատանք Ժաննա Անդրեասյան նշել եմ նաև որ ակտիվ փուլ եմ Ալբերտ Ազարյան անուն մարզադպրոց կառուցում միաժամանակ ավելի քան մարզական ենթակառուցվածք ակտիվ շինարարություն եմ ընթանալ նախարար հիշել եմ նաև որ հաջորդ տարի Հայաստան հյուրընկալել եմ սպորտային մարմնամարզություն Եվրոպա մեծահասակ առաջնություն ընդգծել որ այն մեծ խթան և ոգեշնչման աղբյուր լինել երիտասարդ մարզիկ համար որ հնարավորություն ունենալ մրցել սեփական հարկ տակ հայ հանդիսատես աջակցություն Ժաննա Անդրեասյան հաջողություն և հաղթանակ եմ մաղթել մրցաշար բոլոր մասնակից շեշտել որ սպորտ ոչ միայն ֆիզիկական պատրաստվածություն եմ այլև մարդ բնավորություն կամք նպատակասլացություն և հետևողականություն ձևավորում կարևոր ճանապարհ միջոցառում շրջանակ նախարար Ժաննա Անդրեասյան պարգևատրվել եմ Հրանտ Շահինյան անուն հուշամեդալ հուշամրցաշար մասնակից թիվ եմ նաև Վանաձոր Գյումրու և Էջմիածին մարզադպրոց հավաքական թիմ մրցաշար մասնակցել եմ տարեկան տղա և աղջիկ Հրանտ Շահինյան օլիմպիական խաղ կրկնակի չեմպիո և կրկնակի փոխչեմպիոն եմ աշխարհ կրկնակի չեմպիո ԽՍՀՄ յոթակ չեմպիոն ԽՍՀՄ սպորտ վաստակավոր վարպետ ՀԽՍՀ վաստակավոր մարզիչ ՀԽՍՀ ֆիզիկական կուլտուրա և սպորտ վաստակավոր գործիչ միջազգային կարգ մրցավար ինչպես նաև պատանի մարմնամարզիկ դպրոց հիմնադիր մարմնամարզություն համաշխարհային ֆեդերացիա որոշում նժույգաթափ վրա Շահինյան կատարել վարժություն մեկը կոչվել եմ նա անուն,9,478
https://armenpress.am/hy/article/1251377,2026-05-27 18:53:00,ՊԵԿ ու արժույթ միջազգային հիմնադրամ ներկայացուցիչ քննարկել եմ հարկային և մաքսային բարեփոխում,պետական եկամուտ կոմիտե նախագահ Էդուարդ Հակոբյան մայիս հյուրընկալել եմ արժույթ միջազգային հիմնադրամ ԱՄՀ առաքելություն ներկայացուցիչ և հայաստանյան առաքելություն ղեկավար Ալեքսանդր Ֆերենց Թիմանի ողջունել ԱՄՀ ներկայացուցիչ Էդուարդ Հակոբյան կարևորել եմ ՊԵԿ և ԱՄՀ երկարամյա համագործակցություն ընդգծել ԱՄՀ առանցքային դեր ՊԵԿ հարկային և մաքսային բարեփոխում գործընթաց Արմենպրես ը ՊԵԿ տեղեկանալ որ հանդիպում ընթացքում քննարկել եմ պեկ առաջնահերթություն բազմամյա առաքելություն ծրագիր ձևավորում և Հայաստան ԱՄՀ կարողություն զարգացում աշխատանք կառուցակարգում համատեքստ միաժամանակ քննարկել և առանձնանալ եմ պեկ կարողություն զարգացում ուղղել ԱՄՀ հետ հետագա համագործակցություն ուղղություն որ ներառել եմ կրիպտոարժույթ և այլ թվային ակտիվ հարկում համակարգ ներդրում համապատասխանություն ռիսկ կառավարում բարելավում ինչպես նաև մաքսային և հարկային համակարգ համագործակցություն և գործառույթ ինտեգրման ուղղել տեխնիկական աջակցություն հնարավորություն,12,110
https://armenpress.am/hy/article/1251378,2026-05-27 19:12:00,ընտրական հանցագործություն վերաբերյալ ապրիլ մայիս ամիս նախաձեռնվել եմ քրեական վարույթ անձ նկատմամբ հարուցել հանրային քրեական հետապնդել,ՀՀ քննչական կոմիտե ստորաբաժանում թվական ապրիլ մայիս ամիս ընթացքում ընտրական գործընթաց հետ կապվել հանցագործություն վերաբերյալ նախաձեռնվել եմ քրեական վարույթ որ շրջանակ հանրային քրեական հետապնդել եմ հարուցել անձ նկատմամբ որ նկատմամբ որպես խափանում միջոց կիրառվել եմ կալանք նկատմամբ տնային կալանք նկատմամբ վարչական հսկողություն նկատմամբ դաստիարակչական հսկողություն նկատմամբ բացակայել արգելք ինչպես Արմենպրես ը տեղեկանալ ՀՀ քննչական կոմիտեց ՀՀ քրեական օրենսգիրք հոդված ընտրական կամ հանրաքվել մասնակցել իրավունք իրականացում ընտրական հանձնաժողով աշխատանք կամ ընտրություն կամ հանրաքվել մասնակցել անձ իրավունք կամ պարտականություն իրականացում խոչընդոտել նախաձեռնվել եմ քրեական վարույթ որ նախաքննություն հիմնավորվել եմ քրեական օրենսգիրք հոդված նախատեսել ընտրակաշառք տալ հանգամանք և ըստ քննչական ենթակայություն քրեական վարույթ ուղարկվել եմ ՀՀ հակակոռուպցիոն կոմիտե քրեական վարույթ մեղադրյալ մաս խափանում միջոց եմ կիրառվել կալանք վարչական հսկողություն և գրավ ուղարկվել եմ դատարան քրեական վարույթ ներգրավել եմ մեղադրյալ որ նախաքննություն շարունակվել եմ մեղադրյալ համակցություն մեղսագրվել եմ նաև քրեական աստիճանակարգություն բարձր կարգավիճակ պահպանել հանցակազմ ով նկատմամբ հայտարարել եմ հետախուզել խափանում միջոց կալանք մյուս մեղադրյալ մեղսագրվել եմ քրեական օրենսգիրք հոդված մաս նախատեսել արարք քրեական ենթամշակույթ կրել խմբավորում մասնակցել խափանում միջոց բացակայել արգելք իսկ մեղադրյալ նկատմամբ հայտարարել եմ հետախուզել և խափանում միջոց եմ ընտրել կալանք ևս քրեական վարույթ նախաքննություն շարունակվել եմ ՀՀ քրեական օրենսգիրք հոդված քարոզչություն կատարել կամ քարոզչություն կատարել հրաժարվել հարկադրել կամ քարոզչություն կատարել այլ կերպ խոչընդոտել նախաձեռնվել եմ քրեական վարույթ որ քրեական վարույթ ներգրավել եմ մեղադրյալ նկատմամբ որպես խափանում միջոց եմ կիրառվել կալանք իսկ նկատմամբ տնային կալանք այդ թիվ համակցել գրավ քրեական վարույթ միանալ եմ այլ վարույթ վարույթ նախաքննություն շարունակվել եմ իսկ քրեական վարույթ կարճվել եմ ՀՀ քրեական օրենսգիրք հոդված հավաք անցկացնել կամ դա մասնակցել խոչընդոտել կամ հարկադրել ինչպես նաև հավաք մասնակցել կամ հավաք մասնակցել հրաժարվել նպատակով նյութապես շահագրգռել նախաձեռնվել եմ քրեական վարույթ որ քրեական վարույթ ներգրավել եմ մեղադրյալ մեղադրյալ նկատմամբ որպես խափանում միջոց եմ կիրառվել կալանք նկատմամբ հայտարարել եմ հետախուզել և որպես խափանում միջոց ընտրել եմ կալանք նկատմամբ տնային կալանք նկատմամբ վարչական հսկողություն նկատմամբ դաստիարակչական հսկողություն նկատմամբ բացակայել արգելք քրեական վարույթ մեղադրական եզրակացություն ուղարկվել եմ դատարան քրեական վարույթ միանալ եմ ևս վարույթ նախաքննություն շարունակվել եմ ՀՀ քրեական օրենսգիրք հոդված պաշտոնատար անձ կարգավիճակ ձեռք բերել կամ պահպանել խոչընդոտել տեղեկություն թաքչել նախաձեռնվել եմ քրեական վարույթ որ նախաքննություն ընթացքում առերևույթ փաստական տվյալ եմ ձեռք բերել այն մասին որ անձ ՀՀ քաղաքացիություն բացի ունենալ նաև օտարերկրյա քաղաքացիություն դիմել եմ ՀՀ նգն միգրացիա և քաղաքացիություն ծառայություն խնդրել տրամադրել վերջին չորս տարում միայն Հայաստան հանրապետություն քաղաքացի հանդիսանալ և վերջին չորս տարում Հայաստան հանրապետություն մշտապես բնակվել մասին տեղեկանք թաքչել օտարերկրյա քաղաքացիություն ունենալ հանգամանք նշել քրեական վարույթ նախաքննություն շարունակվել եմ քրեական վարույթ անձ վերաբերյալ մեղադրական եզրակացություն ուղարկվել եմ դատարան հիշյալ բոլոր քրեական վարույթ կատարել եմ բազմաթիվ ապացուցողական և վարութային գործողություն հարցաքննվել շուրջ անձ ՀՀ քննչական կոմիտե նախագահ Արթուր Պողոսյան հրաման ստեղծվել եմ աշխատանքային խումբ թվական հունիս նշանակել ՀՀ ազգային ժողով ընտրություն ընթացքում դա հաջորդել շրջան ՀՀ քննչական կոմիտե հիմնական մասնագիտական կառուցվածքային ստորաբաժանում քաղաքացի ընտրական իրավունք խախտում վերաբերյալ հաղորդում քննարկում նկատմամբ պատշաճ վերահսկողություն իրականանալ և գործունեություն համակարգել նպատակով,16,467
https://armenpress.am/hy/article/1251359,2026-05-27 16:50:00,բոլորը դեմ եմ կուսակցություն հանրային ռադիո հարակ տարածք անցկացնել ժողովուրդ զահլեն տանել քաղաքական ակցի,հունիս Հայաստան կայանալ խորհրդարանական ընտրություն քարոզարշավ շրջանակ բոլորը դեմ եմ կուսակցություն մայիս իրականանալ ժողովուրդ զահլեն տանել քաղաքական ակցի Արմենպրես ը հաղորդում նախաձեռնություն կյանք կոչվել Հայաստան հանրային ռադիո հարակ տարածք որտեղ կուսակցություն անդամ զահլել տանել արձան տեղադրել քահլա տանել այն վիճակ եմ որ ապրել եմ տարի տարի թե իշխանություն թե ընդդիմություն այս ժողովուրդ զահլեն տանել եմ հետևաբար զահլա արձան այս երկիր պետք եմ լինել ասել կուսակցություն ներկայացուցիչ նախընտրական ցուցակ առաջին համար Նինա Կարապետյանց ու հավելել երկուս եմ նշանակել և նույն դասարան եմ թողնել զահլեն տանել իշխանություն և ընդդիմություն խոսել այն մասին որ կուսակցություն շատ անդամ շաբաթ առաջ ինքնաբացարկ հայտարարել նա շեշտել որ դա շուրջ նախնական պայմանավորավածություն եմ լինել պետք եմ մանդատ պահպանել այնքան որքան ձայն մենք կարող եմ հավաքել մենք ադեկվատ եմ համարել եմ որ այս պահ դրություն եթե արտառոց բան եմ պատահել պլյուս տոկոս հավաքել եմ կարող ուստի պահպանել եմ այնքան մանդատ որքան որ կարող եմ ձայն հավաքել ասել Կարապետյանց ու վստահեցնել որ ինքը հաջողել ու կարողանալ իրականանալ ինքը նախագիծ կարող եմ ասել որ անցողիկ տոկոս հատել եմ և աշխատել եմ ավելի մեծ տոկոս համար այս վստահություն նա եմ որ միայն մենք կուսակցություն ունեմ դրական դինամիկա մենք ոչ ոք ձայն եմ տալ ու գալ եմ բոլորը դեմ լինել համար մենք առաջարկել եմ ոչ թե հինգ տարի նախագիծ այլ օր նախագիծ կոնկրետ գործողություն փոփոխություն այս երկիր համակարգային փոփոխություն եմ հարկավոր նշել նա կուսակցություն անդամ կարծիք հայտնել որ բոլորը դեմ եմ ը վրարահահոտրքիր ստեղծագործական միտք ունենալ կուսակցություն եմ նա կոչ անել անպայման մասնակցել հունիս կայանալ ընտրություն քվեարկել համար օգտին ինքը հնարավորություն տալ Հայաստան իրական քաղաքական փոփոխություն բերել մայիս մեկնարկել եմ Հայաստան հունիս կայանալ խորհրդարանական ընտրություն նախընտրական քարոզարշավ որ շարունակվել մինչև հունիս ընտրություն մասնակցել համար ի սկիզբ գրանցել եմ քաղաքական ուժ դաշինք և կուսակցություն սակայն Ալյան կուսակցություն դիմում հիմն վրա ԿԸՀ չեղարկել եմ կուսակցություն գրանցում հետևաբար ընտրություն մասնակցել քաղաքական ուժ բոլորը դեմ եմ կուսակցություն ԿԸՀ եմ ներկայանալ հոգանոց ցուցակ սակայն անդամ շատ օր առաջ ինքնաբացարկ եմ ներկայանալ կուսակցություն ներկայացուցիչ հայտարարել եմ որ ինքը կուսակցություն ինքնալուծարվել եմ իսկ իշխանություն գալ դեպք օր ընթացքում իրականանալ ինքը խոստում ընտրական օրենսգիրք կոնկրետ փոփոխություն ընտրական անցողիկ շեմ իջեցում բոլորը դեմ եմ քվեաթերթիկ վերականգնել և կայուն մեծամասնություն չեղարկ և հրաժարական տալ որպեսզի տեղ ունենալ նոր ընտրություն կուսակցություն վարչապետ թեկնածուն իրավապաշտպան Նինա Կարապետյանց եմ որ հաղթանակ դեպք գլխավորել օրյա կառավարություն և պարտավորվել դա հետո տարի զբաղվել քաղաքականություն,14,377
https://armenpress.am/hy/article/1251352,2026-05-27 16:02:00,Քոչարյան մեղրել քարոզարշավային հանդիպում խոսել եմ մասին,Հայաստան դաշինք ը առաջնորդ ՀՀ երկրորդ նախագահ Ռոբերտ Քոչարյան կարծիք նախագծ պետք եմ ընդգրկել լինել նաև երկիր որ նկատմամբ Իրան ունեմ լիարժեք վստահություն Արմենպրես ը հաղորդում այս մասին Ռոբերտ Քոչարյան հայտարարել Մեղրի նախընտրական քարոզչություն ժամանակ լրագրող հետ հանդիպում նա համոզմամբ միացյալ նահանգ ծրագիր եմ Ադրբեջան ու Թուրքիա համար և ոչինչ եմ տալ Հայաստան ես եմ տեսնել նաև միացյալ նահանգ ուղիղ շահ այստեղ ավելի ճիշտ տեսնել եմ Իրան սահմանել ներկա լինել հանգամանք այդ տեսանկյուն սա պրոբլեմային եմ ասել Քոչարյան համոզմունք հայտնել որ այն հանգել եմ Իրան հետ լրջ խնդիր այդ պատճառով ըստ նա ծրագիր պետք եմ համալրվել այլ պետություն որ նկատմամբ առկա եմ Իրան վստահություն հակառակ դեպք այն աշխարհաքաղաքական շահ բախում առում խնդրահարույց կարող եմ լինել Ռոբերտ Քոչարյան նաև այլ տարբերակ եմ տեսնել Հայաստան միջոց կառուցել Ադրբեջան Նախիջևան կապել ճանապարհ և այն գործ դնել առանց աշխարհաքաղաքական կոմպոնենտ Հայաստան դաշինք ը առաջնորդ եմ բացառել որ նախագիծ շրջանակ ԱՄՆ ներկայություն պայմանավորվել Իրան կարող եմ փակել Հայաստան հետ սահման որ կարևոր հնարավորություն եմ նաև ԱՄԷ հետ առևտուր ինչպես նաև հնդկական օվկիանոս ելք ունենալ համար անդրադառնալ հարց թե արդյոք ԱՄՆ կարող եմ համաձայնել մեկ այլ երկիր մասնակցություն նախագծ Քոչարյան օրինակ եմ բերել ԵԱՀԿ Մինսկ խումբ ձևաչափ բացի այդ ընդգծել որ ներկա էլ Ռուսաստան ու միացյալ նահանգ միմյանց հետ քննարկել եմ Արկտիկա ռեսուրս ուսումնասիրում ու համատեղ շահագործում հարց ըստ Քոչարյան Իրան համար վստահելի երկիր կարող եմ լինել նաև Չինաստան Հայաստան դաշինք ը առաջնորդ համարել եմ որ այդ հարց հնարավոր եմ լուծել բանակցել որ ընթացքում անպայման պետք եմ խորհրդակցել Իրան հետ հասկանալ թե այս կամ այն ֆորմատ ինքը ընդունելի եմ թե ոչ հայ ամերիկյան համատեղ ներդրումային նախագիծ եմ որ վերաբերյալ պայմանավորվածություն ձեռք եմ բերել օգոստոս Վաշինգտոն ԱՄՆ նախագահ Դոնալդ Թրամփի միջնորդություն կայանալ Հայաստան Ադրբեջան խաղաղություն գագաթնաժողով ժամանակ միջոցով նաև ապահովել եմ Ադրբեջան հիմնական մաս կապ Նախիջևան հետ մայիս մեկնարկել եմ Հայաստան հունիս կայանալ խորհրդարանական ընտրություն նախընտրական քարոզարշավ որ շարունակվել մինչև հունիս ընտրապայքար մասնակցել եմ քաղաքական ուժ դաշինք և կուսակցություն Հայաստան դաշինք խորհրդարանական ընտրություն մասնակցել եմ համար ներքո միասին կարող եմ կարգախոս դաշինք կազմ միավորվել եմ հայ հեղափոխական դաշնակցություն և առաջ կուսակցություն դաշինք ԿԸՀ եմ ներկայանալ թեկնածու բաղկանալ ցուցակ և ազգային փոքրամասնություն թեկնածու բաղկանալ ցուցակ,7,347
https://armenpress.am/hy/article/1251326,2026-05-27 13:36:00,ծովասար թվական սոցիալական տնտեսական և կենսական նշանակություն ծրագիր եմ իրականանալ,գեղարքունիք մարզ Մարտուն համայնք ծովասար գյուղ թվական ընթացքում սուբվենցիոն ծրագիր շրջանակ սոցիալական տնտեսական և կենսական նշանակություն ծրագիր եմ իրականանալ որ ուղղություն կատարել կապիտալ ներդրում կազմել եմ միլիոն հազար դրամ ինչպես Արմենպրես ը տեղեկանալ Մարտունի համայնքապետարան աշխատակազմ իրականանալ ծրագիր թվական ծովասար կառուցել եմ մանկապարտեզ շենք մետր ոռոգում մետր խմել ջրատար ցանց հիմնանորոգվել գծամետր ներհամայնքային նշանակություն ճանապարհ ծովասար մանկապարտեզ շենք կառուցել եմ ՀՀ կառավարություն կողմից իրականանալ սուբվենցիոն ծրագիր շրջանակ թվական ընթացքում շենք կառուցում բակային հատված բարեկարգում գույք ձեռքբերում ուղղություն ծախսվել եմ շուրջ միլիոն դրամ արդի չափորոշիչ համապատասխանել մանկապարտեզ ինքը դուռ գյուղ նախադպրոցական տարիք երեխա առջև բացել եմ թվական մայիս այն այժմ գործել եմ խումբ սան ծովասար գյուղ երբևէ գործել մանկապարտեզ եմ ունենալ,10,110
https://armenpress.am/hy/article/1251333,2026-05-27 14:17:00,երթևեկություն սահմանափակում Երևան,Երևան մայիս լինել երթևեկություն սահմանափակում Արմենպրես ը փոխանցում այս մասին հաղորդագրություն եմ տարածել ՀՀ ներքին գործ նախարարություն մայիս ժամ Երևան լինել երթևեկություն հետևյալ սահմանափակում աթենք փողոց Մաշտոց պողոտա Ամիրյան փողոց ճանապարհահատված հանրապետություն հրապարակ և հրապարակ մուտք գործել փողոց Ամիրյան փողոց Տիգրան Մեծի պողոտա Ագաթանգեղոս փողոց Գրիգոր Լուսավորչ փողոց Արգիշտիի փողոց աթենք փողոց հատված Շահումյան հրապարակ Խորենացու փողոց Ագաթանգեղոս փողոց հատված աթենք փողոց Մաշտոց պողոտա Ամիրյան փողոց հատված ինչպես նաև Տիգրան Մեծի պողոտա Մհեր Մկրտչյան փողոց Խորենացու փողոց Իտալիա փողոց նախկին մայրաքաղաքային գունդ տարածք հատված աթենք փողոց Տիգրան Մեծի պողոտա Ագաթանգեղոս փողոց Գրիգոր Լուսավորչ փողոց Արգիշտիի փողոց աթենք փողոց հատված հանրապետություն հրապարակ հարել փողոց Զաքյան Ամիրյան Աբովյան Արամ Նալբանդյան Սախարով հրապարակ Մելիք Ադամյան Տիգրան մեծ Ագաթանգեղոս խաչմերուկ Բեյրութ Գրիգոր Լուսավորիչ Իտալյա Գրիգոր Լուսավորիչ Խորենացի Բեյրութ Խորենացի Ագաթանգեղոս Ագաթանգեղոս ամբողջություն Վազգեն Սարգսյան հանրապետություն հրապարակ ճանապարհահատված հանրապետություն հրապարակ Տիգրան մեծ պողոտա Քրիստափոր խաչմերուկ ճանապարհահատված փակ լինել մինչև մայիս ժամ հիշել որ մայիս ժամ հանրապետություն հրապարակ տեղ ունենալ զորահանդես որ ընթացքում ցուցադրել եմ վերջին տարի ընթացքում ՀՀ զինել ուժ ձեռք բերել սպառազինություն վարչապետ Նիկոլ Փաշինյան հայտարարել եմ որ զորահանդես հետո ցուցադրել զինտեխնիկան որոշ ժամանակ մնալ Տիգրան մեծ պողոտա որպեսզի քաղաքացի հնարավորություն ունենալ որոշակի հեռավորություն տեսնել ու ուսումնասիրել,3,193
https://armenpress.am/hy/article/1251361,2026-05-27 17:02:00,ՀՀ ԿԳՄՍ նախարար ղեկավարություն հոբելյանական հանձնաժողով քննարկել եմ Աճառյան միջոցառում ծրագիր,Հայաստան կրթություն գիտություն մշակույթ և սպորտ նախարար Ժաննա Անդրեասյան ղեկավարություն մեծանուն լեզվաբան Հրաչյա Աճառյան ծնունդ հոբելյանական հանձնաժողով հերթական նիստ քննարկել եմ հոբելյանական միջոցառում ծրագիր ներկա եմ լինել նաև նախարար տեղակալ Դանիել Դանիելյան ողջունել ներկա Ժաննա Անդրեասյան կարևորել եմ այն հանգամանք որ հոբելյանական ծրագիր ընտրել միջոցառում մեծ տարած ունենալ հասանելի լինել լայն շրջանակ որպես հոբելյանական կարևոր միջոցառ նախարար առանձնակ անդրադառնալ եմ Փարիզ Աճառյան անուն հուշատախտակ բացում նշել որ այդ ուղղություն գործընկեր հետ պատշաճ աշխատանք եմ իրականանալ ինչպես Արմենպրես ը տեղեկանալ եմ ԿԳՄՍ նախարարություն տարածել հաղորդագրություն կարևորվել եմ նաև Աճառյան գիտական ժառանգություն հանրահռչակում վերահրատարակում թվայնացում աշխատանք իրականանալ ներկայանալ ծրագիր նախատեսել եմ Աճառյան հոդված որ շատ հաճախ գիտական շրջանառություն դուրս եմ մնալ մեկտեղել և հրատարակել առանձին հատոր հանձնաժողով խրախուսելի եմ համարել ինչպես դպրոցական մասնակցություն միջոցառում այնպես էլ տարբեր հաստատություն նախաձեռնողականություն ներկայանալ սեփական ծրագիր հոբելյանական հանձնաժողով նիստ քննարկել եմ նաև միջոցառում ժամանակացույց ինչպես նաև կազմակերպական մի շարք այլ հարց,11,145
https://armenpress.am/hy/article/1251371,2026-05-27 17:47:00,ը ներկայանալ եմ սոցիալական պատասխանատվություն ինքը տեսլական,բիզնես ֆինանսական համակարգ հասարակական կազմակերպություն և փորձագիտական համայնք ներկայացուցիչ մեկ հարթակ քննարկել կորպորատիվ սոցիալական պատասխանատվություն բարեգործություն և հանրօգուտ ներդրում զարգացում արդի միտում Երևան անցկացնել ամենամյա կոնֆերանս գործընկեր եմ ը միջոցառում առանցքային քննարկում մեկը բարեգործություն և հանրօգուտ ներդրում հակասություն թե փոխլրացում թեմայ պանելային քննարկում մասնակցել եմ ը վարչություն նախագահ Մհեր Աբրահամյան քննարկում ընթացքում Մհեր Աբրահամյան ընդգծել եմ որ ժամանակակից ֆինանսական համակարգ սոցիալական պատասխանատվություն այլևս դուրս եմ գալ միայն բարեգործություն շրջանակ և դառնալ եմ բիզնես ռազմավարական կառավարում կարևոր բաղադրիչ ուղղել երկարաժամկետ ազդեցություն հանրային վստահություն և կայուն զարգացում ձևավորում կորպորատիվ սոցիալական պատասխանատվություն այսօր պարզապես նախաձեռնություն եմ այն մտածելակերպ եմ և բիզնես մշակույթ անբաժանելի մաս ով վստահ եմ հաջող բիզնես լինել միայն ֆինանսական արդյունք եմ չափվել կարևոր եմ նաև այդ հաջողություն կիսվել հասարակություն հետ աջակցել մարդ և նպաստել միջավայր զարգացում նշել եմ Մհեր Աբրահամյան ներկայանալ եմ նաև բանկ սոցիալական պատասխանատվություն ծրագիր փորձ այդ թիվ մի դրամ ուժ նախաձեռնություն որ շրջանակ և ընկերություն արդեն շուրջ միլիոն դրամ եմ ուղղել ավելի քան կրթական սոցիալական բնապահպանական և համայնքային ծրագիր իրականացում ընկերություն վերահսկվել եմ ՀՀ ԿԲ կողմից,7,169
https://armenpress.am/hy/article/1251388,2026-05-27 20:58:00,Արարատ Արմենիա ը ստանալ չեմպիոնական գավաթ,Հայաստան ֆուտբոլ առաջնություն մրցաշրջան չեմպիոնական գավաթ Արարատ Արմենիա ը ստանալ վերջին տուր հանդիպում ավարտ Արմենպրես ը հաղորդում Ավան ֆուտբոլ ակադեմիա մարզադաշտ կայանալ խաղ Արարատ Արմենիա ը մրցել Գանձասար ը հետ Արարատ Արմենիա ը կազմ առաջին կես վերջնամաս հեռահար ու դիպուկ հարված աչք ընկնել Ժիրայր Շաղոյան երկրորդ կես Գանձասար ը այդպես էլ հաջողվել հետ բերել կորցրած և Հայաստան նորընծա չեմպիոն Արարատ Արմենիա ը հաղթանակ ավարտել մրցաշրջան վերջին խաղ Արարատ Արմենիա ը Հայաստան չեմպիոն դառնալ երրորդ անգամ,6,75
https://armenpress.am/hy/article/1251380,2026-05-27 19:56:00,Կարեն Խաչանով հաղթահարել Ռոլան Գարոս ը փուլ արգելք,հայկական արմատ ռուսաստանցի թենիսիստ Կարեն Խաչանով Ռոլան Գարոս ը եզրափակչ եմ Արմենպրես ը հաղորդում Փարիզ ընթանալ մեծ սաղավարտ հերթական մրցաշար Ռոլան Գարոս ը տղամարդ մենախաղ շրջան Կարեն Խաչանով մրցել արգենտինա ներկայացուցիչ Մարկո տրունգելիտի հետ մոտ ժամ ձգվել մրցախաղ խաչանով հաղթել սեթ հետո հաշիվ Ռոլան Գարոս ը այս տարի անցկացնել եմ մայիս հունիս կին մենախաղ եզրափակիչ կայանալ հունիս իսկ տղամարդ հունիս մրցաշար ընդհանուր մրցանակային ֆոնդ ռեկորդային եմ մոտ միլիոն եվրո մենախաղ հաղթող ստանալ միլիոն եվրո մրցաշար գործել չեմպիոն տղամարդ մենախաղ իսպանացի Կառլոս Ալկարաս եմ իսկ կին ԱՄՆ ներկայացուցիչ Կորի Գաուֆ Ռոլան Գարոս ը միակ մրցաշար եմ որ անցկացնել եմ կավե կորտել,8,100
https://armenpress.am/hy/article/1251324,2026-05-27 13:31:00,ՀՀ մեկնարկել եմ բնություն հատուկ պահպանել տարածք աննախադեպ բարեփոխում Համբարձում Մաթևոսյան,Հայաստան հանրապետություն սկսվել եմ բնություն հատուկ պահպանել տարածք լայնածավալ բարեփոխում որ նպատակ եմ արդիականանալ բնապահպանական քաղաքականություն և այն դառնալ ավելի արդյունավետ Արմենպրես ը հաղորդում ՀՀ շրջակա միջավայր նախարար Համբարձում Մաթևոսյան նշել եմ որ ոլորտ տարի շարունակ գործել եմ գործել իրավական կարգավորում շրջանակ որ այլևս ամբողջություն եմ համապատասխանել ժամանակակից մարտահրավեր նա խոսք կայանալ եմ հստակ քաղաքական որոշում բնություն պահպանություն դառնալ պետական առաջնահերթություն այն կապել համայնք զարգացում տնտեսական հնարավորություն և ապագա սերունդ շահ հետ նախարար փոխանցում նոր փոփոխություն առաջին անգամ համայնք հնարավորություն եմ տրել ստեղծել տեղական նշանակություն պահպանել տարածք և մասնակցել դա կառավարում սա ըստ նա կարևոր քայլ եմ քանի որ բնություն պահպանություն գործընթաց համայնք այսուհետ դառնալ եմ լիարժեք գործընկեր Մաթևոսյան նաև ընդգծել եմ որ բարեփոխում նոր հնարավորություն եմ ստեղծել համայնք զարգացում համար հատկապես էկոզբոսաշրջություն և բնապահպանական նախաձեռնություն ուղղություն միաժամանակ հստակեցել եմ պահպանել տարածք կառավարում կանոն ներդնել եմ միջազգային չափանիշ համապատասխան մոտեցում և ուժեղանալ եմ բնական արժեք պահպանություն համակարգ նա խոսք իրականանալ քայլ թույլ տալ ոչ միայն արդիականանալ ոլորտ այլ նաև ապահովել Հայաստան ստանձնել միջազգային պարտավորություն առավել արդյունավետ կատարում կենսաբազմազանություն պահպանություն ուղղություն մենք նպատակ մեկը եմ ունենալ զարգանալ երկիր որտեղ տնտեսական առաջընթաց համատեղել եմ բնություն պահպանություն և խաղաղ ապագա հետ նշել եմ նախարար,11,191
https://armenpress.am/hy/article/1251360,2026-05-27 17:01:00,մշակվել եմ օրինապահ վարորդ խրախուսում ծրագիր նգ նախարար,կառավարություն մայիս նիստ Հայաստան նգ նախարար Արփինե Սարգսյան ներկայանալ եմ վարորդական իրավունք զրկվել անձ վարորդական իրավունք վերականգում մոդելի փոփոխություն մասին որոշում նախագիծ Արմենպրես ը փոխանցում ՆԳ նախարարություն տարածել հաղորդագրություն մեջ շեշտել եմ որ օրենսդրական նախաձեռնություն առաջարկել եմ ՀՀ կիրառել զրկում ժամկետ ավարտ հետո խիստ սահմանափակում հնարավորություն տուգանային միավոր տրամադրում պայման տարի ժամկետ փորձաշրջան ընթացակարգ սահմանել մոդել անդրադառնալ երթևեկություն կանոն խախտում մաս զսպում մեխանիզմ նգ նախարար Արփինե Սարգսյան նշել եմ փորձել եմ հասկանալ թե բալային սխեմա ինչպես պետք եմ փոփոխել և հատկապես օրինապահ և ոչ օրինապահ վարորդ դեպք ինչպիսի ռեակցիա պետք եմ տալ որովհետև դա պետք եմ լինել տարբեր նգ նախարար խոսք ոչ օրինապահ վարորդ դեպք թե տեխնիկական զննություն թե ապահովագրություն վճար կամ մնացյալ հարց պետք եմ լինել շատ ավելի խիստ կանոնակարգում տիրույթ Արփինե Սարգսյան նշել եմ այս պահ դրություն մշակվել եմ նաև օրինապահ վարորդ խրախուսում ծրագիր որպեսզի այս տեսանկյուն պետություն վերաբերմունք բալանսավորվել լինել և ընկալելի լինել որ խրախուսելի եմ բոլոր օրինապահ վարորդ նախարար որպես խրախուսում օրինակ նշել եմ ապահովագրական վճար հետ կապվել տարբեր բոնուսային մեխանիզմ ներդրում ավելի քան գործել եմ այս պահ դրություն կարծել եմ առաջիկա ամիս կենտրոնական բանկ հետ արդեն կամփոփել մենք քննարկում և վերջնական մոդել ներկայանալ նաև կառավարություն քննարկում հավելել եմ Արփինե Սարգսյան,8,195
https://armenpress.am/hy/article/1251375,2026-05-27 18:12:00,հունիս կենդանաբանական այգի մուտք մինչև տարեկան քաղաքացի համար անվճար լինել,երեխա պաշտպանություն միջազգային օր առթիվ հունիս ժամ Երևան կենդանաբանական այգի իսկական տոնախմբություն եմ լինել Արմենպրես ը կենդանաբանական այգի տեղեկանալ որ ավտոբուս որ ամեն օր երիտասարդական մետրո մոտ քաղաքացի անվճար բերել եմ այգ կանգառ լինել առավոտյան ժամ որտեղ շարժվել մի քանի ժամային գրաֆիկ կենդանաբանական այգի տեղեկանալ նաև որ տարեկան բարձր քաղաքացի համար այգ մուտք արժեք կարժենալ դրամ այգի այդ օր սպասել եմ անակնկալ և հյուրասիրություն,10,64
https://armenpress.am/hy/article/1251353,2026-05-27 16:02:00,Հայաստան ԵԱՏՄ և միջև Պեսկով հայտարարություն,Ռուսաստան նախագահ մամուլ քարտուղար Դմիտր Պեսկով հայտարարել եմ որ Ղազախստան մայիս կայանալ եվրասիական տնտեսական միություն շրջանակ կայանալիք հանդիպում օրակարգ Հայաստան հետ կապվել իրավիճակ պատճառով հեշտ եմ լինել ինտեգրացիոն թեմատիկա բացի գիտել որ Հայաստան հետ կապվել իրավիճակ հեշտ եմ Եվրամիություն հետ Հայաստան ինտեգրում անհամատեղելի եմ Եվրասիական տնտեսական միություն անդամակցություն հետ Հայաստան այլ միավորում հետ ինտեգրացիա կուրս եմ վերցնել դա միմյանց բացառել գործընթաց եմ Երևան հայկական օրենսդրություն համաձայն պետք եմ կողմնորոշվել դեպի Եվրամիություն Հայաստան համապատասխան օրենք եմ ընդունվել որ ըստ էություն իրավաբանորեն պարտավորել եմ կառավարություն ու պետական կառավարում բոլոր օղակ կողմնորոշվել դեպի եվրոպական ինտեգրացիա Արմենպրես ը փոխանցում Պեսկով խոսք փոխանցել եմ ռուսական ՏԱՍՍ գործակալություն ՌԴ նախագահ մամուլ քարտուղար ասել եմ որ եվրամիություն անդամակցել նույնիսկ անդամակցություն թեկնածու երկիր համար մոտ հեռանկար եմ նա բերել եմ Թուրքիա օրինակ շեշտել որ շատ տասնամյակ լինել եվրամիություն անդամակցել թեկնածու երկիր Թուրքիա դա նույնիսկ եմ մոտենալ միևնույն ժամանակ Պեսկով շեշտել եմ որ եվրասիական տնտեսական միություն Հայաստան դիվիդենտ երաշխավորվել եմ իսկ լինել դա երաշխավորվել դա պետք եմ որոշել հայ մենք եմ որ պետք եմ դատել թե ինչ դիվիդենտ կարող եմ տալ եվրաինտեգրում Հայաստան բայց հենց մենք կարող եմ արձանագրել այն դիվիդենտ որ Հայաստան ստանալ եմ եվրասիական տնտեսական միություն անդամակցություն դա մի քանի տոկոսային կետ երկիր ՀՆԱ ամենամյա աճ եմ արդյոք դա կապահով նաև Եվրամիություն հավանաբար դա պետք եմ որոշել հենց հայ ոչ թե մենք ասել եմ Դմիտր Պեսկով նա հավելել եմ որ ոչ ոք եմ կարող Հայաստան համոզել որպեսզի լքել Եվրասիական տնտեսական միություն սակայն շեշտել եմ որ ամեն դեպք պարզաբանում կարիք կամ իհարկե Հայաստան ոչ ոք եմ կարող խնդրել առավել ևս որ նա արդեն օրենսդրորեն կողմնորոշվել եմ դեպի Եվրամիություն բայց իհարկե որոշ պարզաբանում կարիք լինել մենք համար կարևոր եմ որ որևէ երկիր գործողություն վնասել Եվրասիական տնտեսական միություն ինտեգրացիոն գործընթաց որովհետև մենք համար ավելի կարևոր եմ այդ ինտեգրացիա այն բացարձակ առաջնահերթություն եմ ընդգծել եմ Պեսկով նա նաև նշել եմ եմ կարելի ասել թե Ղազախստան մայիս կայանալ եվրասիական տնտեսական միություն անդամ երկիր ղեկավար հանդիպում որ Հայաստան վարչապետ Նիկոլ Փաշինյան եմ մասնակցել նախընտրական քարոզարշավ պատճառով որոշել եմ Հայաստան ճակատագիր Հայաստան շարունակել եմ մնալ եվրասիական տնտեսական միություն անդամ ամեն դեպք երկիր աշխատանքային մակարդակ մասնակցել եմ ԵԱՏՄ գագաթնաժողով Երկիր բարձր ղեկավարություն զբաղված եմ նախընտրական քարոզչություն դա հասկանալի եմ նշել եմ նա Պեսկով նաև ասել եմ որ Հայաստան վարչապետ և Ռուսաստան նախագահ շփում դեռևս պլանավորվել եմ շփում վերջ եմ լինել առայժմ այդպիսի պլան կամ ասել եմ ՌԴ նախագահ մամուլ քարտուղար,6,385
https://armenpress.am/hy/article/1251322,2026-05-27 13:11:00,հայկական խոհանոց ներկայանալ եմ Իտալիա,խոհարարական արվեստ և հյուրընկալություն Երեմյան Ակադեմիա ներկայացուցիչ Իտալիա հեղինակավոր Ալֆրեդո Բելտրամե հյուրընկալություն ինստիտուտում ներկայանալ եմ հայկական խոհանոց պատմություն ու լավ ավանդույթ փորձ փոխանակում ծրագիր իրականանալ եմ Ակադեմիա և Հայաստան Իտալիա դեսպանություն համագործակցություն շրջանակ Հայաստան Իտալիա խոհարարական դիվանագիտություն կամուրջ ստեղծում ուղղել այս գործընկերություն մեկնարկել եմ դեռևս թվական սկիզբ առնել իտալական խոհանոց օր ամենամյա միջոցառում տարի շարունակ Երեմյան Ակադեմիա հյուրընկալել եմ հյուրընկալություն ոլորտ իտալական տարբեր դպրոց խոհարար և ուսանող կազմակերպել վարպետաց դաս և փորձել փոխանակում ծրագիր մայիս Ալֆրեդո Բելտրամե ը Հայաստան ներկայանալ եմ Ակադեմիա խոհարարական ծրագիր ղեկավար Կարեն Խաչատրյան շեֆ խոհարար դասավանդլ Ավետիք Իսախանյան և միջազգային ծրագիր համակարգող Մարգարիտա Գևորգյան ծրագիր շրջանակ հատուկ անդրադարձ եմ կատարել Երեմյան ակադեմիա գործունեություն և կրթական ուղղություն իրականանալ եմ հայկական և իտալական խոհանոց վարպետաց դաս գինու փորձառություն մատուցվել եմ համատեղ ընթրիք Երեմյան ակադեմիա մենք տարի անընդմեջ սիրով հյուրընկալել եմ մենք իտալացի գործընկեր շեֆ խոհարար պրոֆեսոր և ուսանող ներկայանալ հայկական խոհանոց հազարամյակ պատմություն և վերհանել երկու երկիր մշակութային նմանություն ու թողնել ժառանգություն այսօր արդեն մենք Իտալիա եմ Ալֆրեդո Բելտրամե առաջատար դպրոց որ թվական ձևավորել եմ համաշխարհային գաստրոնոմիկ ոլորտ լավ մասնագետ այն հայտնի եմ հատկապես խոհարարական արվեստ գինու փորձագիտություն և հյուրանոցային գործ ուղղություն ինքը պրեմի դաս ծրագիր այս առում մենք շատ նմանություն ունեմ մենք առաքելություն նպատակ կրթական ծրագիր գրանցել հաջողություն մասնագիտական ամուր հենք մենք այստեղ եմ փոխանակել մասնագիտական փորձ ներկայանալ մենք ազգային խոհանոց առանձնահատկություն և բացահայտել նոր մշակութային ու գաստրոնոմիական կապ այց շրջանակ ունենալ եմ նաև հայկական և իտալական խոհանոց նվիրվել համատեղ ընթրիք որ դառնալ եմ երկու մշակույթ համ ու ավանդույթ յուրօրինակ երկխոսություն ինքը խոսք նշել եմ Ակադեմիա խոհարարական ծրագիր ղեկավար Կարեն Խաչատրյան փորձ փոխանակում ծրագիր շրջանակ իտալացի պրոֆեսոր հատկապես տպավորել եմ հայկական խոհանոց հարուստ համ տարբեր մթերք համադրում յուրահատուկ մոտեցում ու դա մատուցում ինքը գործունեություն տարի ընթացքում Երեմյան Ակադեմիա ունենալ եմ ավելի քան շրջանավարտ մշակել կրթական ուղղություն խոհարարություն հրուշակագործություն հյուրանոցային գործ մենեջմենթ և սպասարկել համագործակցություն ծավալել ավելի գործընկեր կազմակերպություն հետ այս հաջողություն իրապես տպավորել եմ մենք իտալացի գործընկեր և լիահույս եմ որ նա հետ մենք լինել շարունակական և արդյունավետ ընդգծել եմ միջազգային ծրագիր համակարգել մարգարիտ Գևորգյան Երեմյան Ակադեմիա խոհարարական դիվանագիտություն շրջանակ շարունակել եմ զարգանալ մշակութային կապ ու հանրահռչակել հայկական խոհանոց միջազգային հարթակ,5,344
https://armenpress.am/hy/article/1251311,2026-05-27 12:19:00,կայանալ առաջին կոնֆերանս,թվական մայիս մեդիամաք մեդիա ընկերություն Երեւան կազմակերպել եմ կոնֆերանս որտեղ քննարկել բարեգործություն կորպորատիվ սոցիալական պատասխանատվություն ԿՍՊ եւ հանրօգուտ ներդրում վերաբերել հարց կոնֆերանս գործընկեր եմ ը ը ը Թուֆենկյան հիմնադրամ ը որոշել մեկ հարթակ խոսել բարեգործություն կորպորատիվ սոցիալական պատասխանատվություն եւ հանրօգուտ ներդրում մասին որովհետեւ կարծել եմ որ այս երեք պետք եմ փոխլրանալ միմյանց այլ ոչ թե մրցակցել լեգիտիմություն համար ասել եմ մեդիամաքս տնօրեն Արա Թադեւոսյան Կոնֆերանս իգլխավորտնօրենիհզույտրույց որ ընթացքում Ռալֆ Յիրիկյան խոսել վերջին տասնամյակ ընթացքում Հայաստան կորպորատիվ սոցիալական պատասխանատվություն զարգացում ձեռքբերում եւ մարտահրավեր մասին զրույց մանրամաս ծանոթացեքայս հղում Կոնֆերանս առաջին պանելային քննարկում թեմ եմ բարեգործություն եւ հանրօգուտ ներդրում հակասություն թե փոխլրացում քննարկում մասնակցել ը վարչություն նախագահ Մհեր Աբրահամյան սոցիալական ձեռնարկատիրություն եւ ԿՍՊ փորձագետ ը խորհուրդ անդամ Նազարեթ Սեֆերյան հայորդ բարեգործական հիմնադրամ հիմնադիր և տնօրեն Վաչե Վարդանյան Դասավան հանուն Հայաստան կրթական հիմնադրամ հիմնադիր եւ գործադիր տնօրեն Լարիսա Հովհանիսյան քննարկում մանրամաս ծանոթացեքայս հղում երկրորդ պանելային քննարկում թեման եմ բիզնես եւ մշակույթ մեկենասություն թե գործընկերություն քննարկում մասնակցել Մեսրոպ Մաշտոց անուն հին ձեռագիր գիտահետազոտական ինստիտուտ տնօրեն Արայիկ Խզմալյան Երեւան կոնյակ գործարան հասարակայնություն հետ կապ ղեկավար Զարուհ Սարիբեկյան Ջեյ Թի այ Արմենիա ընկերություն կորպորատիվ եւ հանրային կապ ղեկավար Արամ Արարատյան ընկերություն գլխավոր տնօրեն Ռիմա Եղիազարյան քննարկում մանրամաս ծանոթացեքայս հղում,3,193
https://armenpress.am/hy/article/1251306,2026-05-27 11:52:00,ուժեղ Հայաստան ը հավաք մասնակցել համար ստանալ եմ դրամ երկու անձ կալանավորվել եմ,Հայաստան հանրապետություն քննչական կոմիտե Արմավիր մարզային քննչական վարչություն նախաձեռնել քրեական վարույթ նախաքննություն ընթացքում առերևույթ փաստական տվյալ եմ ձեռք բերել այն մասին որ մի խումբ անձինք ուժեղ Հայաստան կուսակցություն կողմից կազմակերպել հանրահավաք մասնակցել համար ստանալ եմ ՀՀ դրամ գումար մասնավորապես նորին ը տեղեկանալ լինել թվական ապրիլ ընթացքում Երևան քաղաք ազատություն հրապարակ ուժեղ Հայաստան կուսակցություն նախաձեռնալ հավաք մասին կազմակերպել եմ մեծաքանակ անձ ներգրավել գործընթաց նա նյութապես շահագրգռել եղանակ նշել նպատակ նորին թվական գումար դիմաց հավաք մասնակցել անձ ներգրավել գործընթաց իրագործել անհրաժեշտություն մասին հայտնել եմ ինքը ընկեր Գ խոստանալ հանրահավաք մասնակցել դիմաց յուրաքանչյուր վճարել ՀՀ դրամ Գ էլ ինքը հերթ համաձայնել ինչպես ինքը այնպես էլ մի խումբ այլ անձ ներկայություն ապահովել նշել հավաք նյութապես շահագրգռվել և այդ եղանակ ազդել ինքը մտերիմ մի խումբ անձ կամահայտնություն վրա նա տեղեկանալ եմ որ հիշյալ հավաք մասնակցել համար յուրաքանչյուր վճարվել ՀՀ դրամ արդյունք Գ մի խումբ անձ հետ միասին մասնակցել եմ ուժեղ Հայաստան կուսակցություն կողմից նախաձեռնել հավաք իսկ հավաք ավարտ հետո կողմից հայտնել անձ ստանալ եմ ինքը և ինքը կողմից ներգրավել անձ մասնակցություն համար խոստանալ գումար այնուհետև հիշյալ անձ յուրաքանչյուր այդ գումար վճարել եմ ՀՀ դրամ Արմենպրես ը փոխանցում մանրամաս եմ հայտնել քննչական կոմիտե քրեական վարույթ նախաքննություն ընթացքում կատարել եմ մեկ տասնյակ խուզարկություն որ արդյունք հայտնաբերել եմ ապօրի պահվել որսորդական հրացան կանեփանում զանգված Գ նկատմամբ հարուցել եմ հանրային քրեական հետապնդել քրեական օրենսգիրք հոդված մաս հավաք մասնակցել նպատակով նյութապես շահագրգռել և նկատմամբ հոդված մաս հավաք մասնակցել նպատակով նյութապես շահագրգռել կազմակերպել Գ և նկատմամբ որպես խափանում միջոց կիրառվել եմ կալանք քրեական վարույթ նախաքննություն շարունակվել եմ ծանուցում հանցագործություն համար մեղադրվող համարել եմ անմեղ քանի դեռ նա մեղավորություն ապացուցել եմ քրեական դատավարություն օրենսգիրք սահմանել կարգ դատարան օրինական ուժ մեջ մտնել դատավճռ,13,270
https://armenpress.am/hy/article/1251319,2026-05-27 12:49:00,միշտ պատրաստ ինչ եմ խորհրդանշել ՀՀ բանակ նոր զինանշան,Հայաստան հանրապետություն պաշտպանություն նախարարություն արդիականանալ եմ բանակ նոր զինանշան ու նոր տարբերակ ներկայանալ եմ հանրություն Արմենպրես ը փոխանցում պաշտպանություն նախարար տարածել տեսանյութ նախ անդրադարձ եմ կատարել զինանշան արդիականացում պատճառ սնդգծել եմ որ թվական հաստատել ՀՀ զու արդեն նախկին զինանշան առկա եմ մի շարք զինանշանագիտական ձևաբանական և գաղափարաբանական թերություն ուստ բանակ կերպափոխում համատեքստ նախաձեռնվել եմ նաև զինանշան արդիականացում սրբագրում գործընթաց նախկին զինանշան հիմնական կերպար արծիվ ունեմ հերալդիկ և գեղագիտական էական թերություն արծիվ պատկերել եմ փակ կտուց հերալդիկա փակ կտուց համարել եմ հանգիստ ոչ մարտական վիճակ հաճախ ընկալել եմ անշունչ կերպար ինչ հակասել եմ բանակ էություն բացակայել եմ արծիվ հիմնական մարմին իրան այն ձուլվել եմ ընդհանուր մակերես ստեղծել միայն փետուր հավաքվել արծվակերպ պատկեր բացակա եմ արծիվ վերջույթ ճանկ զենք սա ստեղծել եմ անդամահատվել անզոր խոցելի էակ տեսք ինչ անթույլատրելի եմ բանակ խորհրդանիշ համար ասել եմ կողմից տարածվել տեսանյութ նշել եմ որ նախկին զինանշան սուր տեղադրել եմ վահան հետև ինչ հերալդիկա պաշտպանություն ոչ պատրաստ լինել նշան եմ սակայն ՀՀ բանակ առաքելություն ՀՀ ինքնիշխան տարածք տարածքային ամբողջականություն պաշտպանություն մշտապես պատրաստ լինել եմ զինանշան նախկին տարբերակ առկա եմ պետական դրոշ պատկերում կոպտագույն այն ներկայանալ եմ ոչ թե որպես մեկ ամբողջություն այլ մասնատել եմ առանձին ժապավեն կամ կտոր դրոշ այսպիսի աղավաղում խորհրդաբանորեն կարող եմ մեկնաբանվել որպես պառակտել մասնատել կամ ոչ ամբողջական պետականություն ասել եմ տեսանյութ տեղեկանալ եմ որ ՀՀ բանակ նոր զինանշան կենտրոնական կերպար արծիվ վերաիմաստավորվել եմ և պատկերել եմ լիակատար կենդանի և ամբողջական մարմնավորում հստակ երևալ եմ գլուխ մարմին թև և ճանկ հաղթահարել նախկին զինանշան բացթողում արծիվ կտուց բաց եմ ինչ հերալդիկա խորհրդանշել եմ կենսունակություն պատրաստակամություն զգոնություն խոսք և ուժ իրավունք որպես թագակիր գիշատիչ արծիվ հստակ և դինամիկ կեցվածք ուղղակիորեն խորհրդանշել եմ ՀՀ բանակ արթնություն ու մարտական ոգի այն մարմնավորել եմ բանակ առաքելություն պաշտպանել ՀՀ անկախություն սուվերենություն և տարածքային ամբողջականություն նոր զինանշան արծիվ կերպար ամրապնդել եմ նա հետև շողանալ ոսկեգույն արև որ ճառագայթ հստակորեն ծավալվել եմ շրջանաձև արև այստեղ հանդես եմ գալ որպես լույս և կենսունակություն խորհրդանիշ մարմնավորել հայ ժողովուրդ հարատևում գաղափար ընտրել ոսկեգույն պատահական եմ այն հավերժականություն բարեկեցություն և իշխանություն գույն եմ ասել եմ տեսանյութ տեղեկացում արև տեղադրություն արծիվ թիկունք ընդգծել եմ այն սրբազան արժեք որ գտնվել եմ պետություն արծիվ հովանի և պաշտպանություն ներքո արծիվ կուրծք տեղադրել եմ կլոր ոսկեգույն վահան որ զարդարել եմ հայկական ութաթև արևախաչ իսկ կենտրոն սերմնահատիկ որպես ՀՀ բանակ կենտրոնաձիգ խորհրդանիշ սերմ մարմնավորել եմ ապագա զինվոր որ ռազմ դարբնոց պիտի ծլարձակել ծառ ու պտուղ դառնալ և հավերժական անընդհատություն խորհուրդ նորից սերմ տալ Վահան արծիվ վրա պաշտպանություն խորհրդանիշ եմ Արծիվ ինքը երկու ճանկ բռնել եմ պատմական նշանակություն ունենալ զենք ձախ ոսկեգույն սուր իսկ աջ ՀՀ բանակ պահապան Աշոտ Երկաթ սուրբ խաչ Հայաստան բանակ զինվորական թալիսում սուր արծիվ ճանկել խորհրդանշել եմ միշտ պատրաստ կարգավիճակ զինանշան վերին հատված պատկերել եմ ՀՀ պետական եռագույն դրոշ և ՀՀ քարտեզ այս տարր զինանշան ներդաշնակորեն կապել եմ ՀՀ հետ ընդգծել որ բանակ անվտանգություն երաշխավոր մեկը եմ ասել եմ տարածել տեսանյութ նշել եմ որ կերպափոխում հայեցակարգ նախատեսել բարեփոխում ՀՀ բանակ շարունակվել եմ,9,474
https://armenpress.am/hy/article/1251210,2026-05-27 09:15:00,Սարդարապատ ֆուտբոլային ակումբ առաջին տիտղոսային նվաճում,Հայաստան ֆուտբոլ առաջնություն առաջին խումբ չեմպիոն այս մրցաշրջան ինքը նորամուտ պրոֆեսիոնալ մակարդակ տոնել Սարդարապատ ֆուտբոլային ակումբ եմ Արմենպրես ը հյուրընկալել եմ Սարդարապատ ֆուտբոլային ակումբ գլխավոր տնօրեն Անուշ Անանյան որ հետ զրուցել եմ ակումբ առաջին տիտղոսային նվաճում թիմ ակադեմիա ներուժ կին ֆուտբոլ զարգացում ուղղել քայլ այս մրցաշրջան առաջին խումբ առաջնություն առանձնանալ հենց ինքը հետաքրքրություն բավական լարել պայքար եմ ծավալվել չեմպիոնություն համար մի քանի թիմ պայքար եմ մղել չեմպիոնություն համար ասել Անանյան մանրամաս,6,71
https://armenpress.am/hy/article/1251323,2026-05-27 13:14:00,ը գինի Տավուշ ոգի փոխանցել համաշխարհային գինեգործական մրցույթ հյուր,Հայաստան պատմություն մեջ առաջին անգամ անցկացնել միջազգային հեղինակավոր մրցույթ պաշտոնական մեկնարկ հետո ընկերություն խումբ ընկերություն ը կազմակերպել եմ մասնավոր դեգուստացիոն երեկո միջոցառում հյուրընկալվել եմ մրցույթ շրջանակ Հայաստան ժամանել միջազգային սոմելյե գինեգործություն ոլորտ լրագրող և ներկայացուցիչ հյուրընկալություն ոլորտ մասնագետ և տուրօպերատոր մոտ հյուր համախմբել միջոցառում նպատակ եմ միջազգային մասնագիտական հանրություն ներկայանալ Հայաստան հյուսիսային գինեգործական կարևոր տարածաշրջան մեկը Տավուշ բնաշխարհ գաստրոնոմիական մշակույթ ու հայկական տեղական խաղող տեսակ միաժամանակ ընդգծել Հայաստան աճել դեր համաշխարհային գինեգործություն քարտեզ ոճ կազմակերպել երեկոն ձևավորվել եմ որպես հյուսիսային Հայաստան բազմաշերտ ներկայացում գինու համ բույր և պատմություն միջոցով հյուր մասնակցել եմ դեգուստացիոն փորձառություն որ առանցք ը գինի հիմք կազմել հայկական տեղական Լալվար և Բանանց խաղող տեսակ եմ շրջանակ միջազգային գինեգործական մասնագետ հյուրընկալում կարևոր եմ ոչ միայն ը այլև հայկական գինեգործություն համար մենք ցանկանալ եմ որ հյուր Տավուշ բացահայտել ոչ միայն գինու այլև տարածաշրջան խոհարարական մշակույթ մթնոլորտ և մարդ միջոցով նշել եմ ը գլխավոր տնօրեն Զառա Մազմանյան դեգուստացիոն ներկայացում վարել եմ ը բրենդային դեսպան Արամ Կիրակոսյան որ հյուր ներկայանալ եմ գինեգործարան գինու ստեղծում փիլիսոփայություն և Տավուշ տերուար առանձնահատկություն երեկո ընթացքում գինի համադրել եմ տարածաշրջանային բաղադրիչ և տեղական խոհարարական ավանդույթ ոգեշնչել ուտեստ գաստրոնոմիական կոնցեպտ հեղինակ լինել եմ ը հիմնադիր և նախագիծ համահիմնադիր Անի Հարությունյան գինու փորձագետ Ստեփան Հաջյան հետ համագործակցություն Տավուշ խոհանոց խորապես կապվել եմ սեզոնայնություն պահպանում մշակույթ և շրջակա բնություն ստացվել բաղադրիչ հետ համադրություն ստեղծվել եմ այնպես որ արտացոլեն տարածաշրջան բնավորություն և միաժամանակ բնականորեն լրանալ գինի ասել եմ անել Հարությունյան հյուր ներկայանալ եմ ը վայրի գարնանային կանաչի և ավանդական հացահատիկ պատրաստել թթխմորային խրթխրթան հաց հետ ը վայրի սունկ գաթա ժամանակակից մեկնաբանություն և ը Տավուշում աճեցնել խոզ միս նման միջոցառում նպաստել եմ երկիր աճել տեսանելիություն ոչ միայն որպես գինեգործական տարածաշրջան այլև որպես գինու տուրիզմ գաստրոնոմիա և հյուրընկալություն նոր ուղղություն ը մասին ը հիմնադրել եմ թվական նպատակ ունենալ գինի միջոցով փոխանցել Հայաստան Տավուշ մարզ ինքնատիպ բնույթ ու առանձնահատկություն ընդգրկել Տավուշ հյուսիսային տերուար բացառիկ հնարավորություն հաղթանակ գյուղ գտնվել խաղող այգի մշակվել եմ մեծ ուշադրություն բացահայտել տարածաշրջան բնական ներուժ ծով մակարդակ միջին մետր բարձրություն վրա գտնվել այգի տեղակայվել եմ մայրցամաքային կլիմայ տաք ամառ և մեղմ ձմեռ մասնագետ պրոֆեսիոնալիզմ համակարգել մոտեցում նվիրվածություն ու թիմ պատկանել ուժեղ զգացողություն նպաստել եմ ը հաջողություն և լայն ճանաչում,9,349
https://armenpress.am/hy/article/1251301,2026-05-27 11:29:00,հունիս մեկը Երևան առյուծիկ բացահայտել մի շատ կարևոր գաղտնիք,Երևան կարապ լիճ և հյուսիսային պողոտա հունիս երեխա պաշտպանություն միջազգային օր տեղ ունենալ մի շարք միջոցառում Արմենպրես ը փոխանցում այս մասին հայտարարություն եմ տարածել Երևան քաղաքապետարան սիրելի երևանցի և մայրաքաղաք հյուր մոտենալ եմ տարի նժիրար կրքոր ու ամենասպասել օր հունիս և այդ օր գլխավոր հերոս քաղաք պահապան ու բոլորը սիրելի առյուծիկ եմ հունիս ժ հրավիրել եմ բոլորը կարապ լիճ և հյուսիսային պողոտա միասին հետաքրքիր ժամանակ անցկացնել և խաղալ ազատություն հրապարակ առյուծիկ բացահայտել մի շատ կարևոր գաղտնիք սպասել եմ բոլորը նշել եմ հայտարարություն մեջ,9,83
https://armenpress.am/hy/article/1251263,2026-05-26 20:04:00,նախագիծ դառնալ եմ իրականություն ՀՀ հաղթահարում եմ շրջափակում Փաշինյան,Հայաստան հանրապետություն ու Ամերիկա միացյալ նահանգ առաջիկա վերջնական ստորագրել Թրամփի ուղի հանուն միջազգային խաղաղություն և միջազգային բարգավաճում նախագիծ վերաբերյալ ռազմավարական համագործակցություն մասին շրջանակային համաձայնագիր Արմենպրես ը փոխանցում այս մասին նոր Հաճնում ազգային ժողով ընտրություն քարոզարշավ ընթացքում հայտարարել ՀՀ արձակուրդում գտնվել վարչապետ քաղաքացիական պայմանագիր կուսակցություն վարչապետ թեկնածու Նիկոլ Փաշինյան Հայաստան հանրապետություն և Ամերիկա միացյալ նահանգ համաձայնել եմ նախագիծ իրագործում վերաբերյալ համաձայնագիր տեքստ նախագիծ դառնալ եմ իրականություն տեքստ համաձայնել եմ և պատրաստ եմ վերջնական ստորագրում առաջիկա վերջնական ստորագրել դա նշանակել եմ որ Հայաստան հանրապետություն հաղթահարում եմ շրջափակում Հայաստան հանրապետություն այլևս շրջափակել պետություն եմ լինել կոնֆիլկի փակուղուց վերածվել եմ խաղաղություն խաչմերուկ ասել Փաշինյան մայիս Հայաստան ու Ամերիկա միացյալ նահանգ նախաստորագրել եմ Թրամփի ուղի հանուն միջազգային խաղաղություն և միջազգային բարգավաճում նախագիծ վերաբերյալ ռազմավարական համագործակցություն մասին շրջանակային համաձայնագիր փաստաթուղթ նախաստորագրում տեղ եմ ունենալ ԱՄՆ պետքարտուղար Մարկո Ռուբիո Հայաստան այց շրջանակ հայկական կողմ փաստաթուղթ ստորագրել ՀՀ արտաքին գործ նախարար Արարատ Միրզոյան ամերիկյան կողմից ԱՄՆ պետքարտուղար Մարկո Ռուբիո,9,151
https://armenpress.am/hy/article/1251320,2026-05-27 12:59:00,լեռնակերտ ավարտել եմ ոռոգում ցանց կառուցում աշխատանք,գեղարքունիք մարզ Մարտուն համայնք լեռնակերտ բնակավայր ՀՀ կառավարություն կողմից իրականանալ սուբվենցիոն ծրագիր շրջանակ ավարտ եմ մոտենալ ոռոգում ներքին ցանց կառուցում աշխատանք ինչպես Արմենպրես ը տեղեկանալ Մարտունի համայնքապետարան աշխատակազմ լեռնակերտ ոռոգում ներքին ցանց կառուցում ծրագիր պայմանագրային արժեք կազմ եմ միլիոն հազար դրամ որ տոկոս հատկացնել եմ ՀՀ կառավարություն տոկոս Մարտունի համայնքապետարան ծրագիր նախատեսել եմ ոռոգում ներքին ցանց կառուցում լեռնակերտ և փողոց գծամետր երկարություն երկաթբետոնե կիսախողովակ շինարարական աշխատանք մեկնարկել եմ մարտ և արդեն իրականանալ եմ շուրջ տոկոս ծրագիր իրականացում արդյունք այս տարի ոռոգում շրջան մեկնարկ արդեն լեռնակերտ տնտեսություն շուրջ հեկտար հողամասեր ոռոգում ջուր ստանալ անկորուստ ու ժամանակին,7,95
https://armenpress.am/hy/article/1251264,2026-05-26 20:41:00,ԱՄՆ պետդեպարտամենտ ամփոփել եմ Մարկո Ռուբիո Հայաստան այց արդյունք,Ամերիկա միացյալ նահանգ պետքարտուղարություն ամփոփել եմ պետքարտուղար Մարկո Ռուբիո Հայաստան կատարել այց արդյունք Արմենպրես ը փոխանցում պետքարտուղարություն կայք հայտարարություն եմ տարածել ԱՄՆ պետքարտուղար ու Հայաստան արտգործնախար քննարկել եմ Ադրբեջան հետ խաղաղություն գործընթաց Թրամփի ուղի հանուն միջազգային խաղաղություն և բարգավաճում նախագիծ և Հայաստան կայանալ ընտրություն ղեկավար հայտարարել եմ վերաբերյալ երկկողմ շրջանակային համաձայնագիր մասին և ստորագրել ռազմավարական գործընկերություն կանոնադրություն և կարևորագույն հանքանյութ մասին փոխըմբռնում հուշագիր ասել եմ հաղորդագրություն ԱՄՆ պետդեպարտամենտ նշել եմ որ այս փաստաթուղթ խորանալ եմ երկիր երկկողմ հարաբերություն և առաջ եմ մղել թվական օգոստոս Հայաստան և Ադրբեջան միջև ԱՄՆ նախագահ Դոնալդ Թրամփի պատմական խաղաղություն գագաթնաժողով ժամանակ միացյալ նահանգ և Հայաստան միջև ձեռք բերել պայմանավորվածություն մայիս Հայաստան եմ այցելել ԱՄՆ պետքարտուղար Մարկո Ռուբիո այց ընթացքում ՀՀ արտաքին գործ նախարար Արարատ Միրզոյան հետ ստորագրվել եմ երկիր միջև համապարփակ ռազմավարական գործընկերություն կանոնադրություն կարևոր հանքանյութ և հազվագյուտ հանածոն արդյունահան և մշակում ոլորտ մատակարարում ապահովում վերաբերյալ շրջանակային հուշագիր և նախաստորագրել Թրամփի ուղի հանուն միջազգային խաղաղություն և միջազգային բարգավաճում նախագիծ վերաբերյալ ռազմավարական համագործակցություն մասին շրջանակային համաձայնագիր,9,160
https://armenpress.am/hy/article/1251261,2026-05-26 19:07:00,կառավարություն նախաձեռնալ ՀԷՑ բաժնետոմ գերակա շահ ճանաչել և պետականանալ գործընթաց,Հայաստան կառավարություն նախաձեռնալ Հայաստան էլեկտրական ցանց փակ բաժնետիրական ընկերություն բաժնետոմ հանրություն գերակա շահ ճանաչել և օտարել գործընթաց Արմենպրես ը փոխանցում այս մասին Ֆեյսբուք ը ինքը էջ հայտնել եմ ՀԷՑ ղեկավար պաշտոնակատար Ռոմանոս Պետրոսյան նախօրե մայիս լրանալ ՀՀ վարչական դատարան կողմից կիրառել հայց ապահովում սահմանել ժամկետ որ ընթացքում ՀՀ կառավարություն առաջարկ հիմն վրա պետք եմ տեղ ունենալ ՀԷՑ ՓԲԸ բաժնետեր կողմից ընկերություն բաժնետոմ կառավարություն հետ համաձայնել կարգ օտարել հաշիվ առնել այն փաստ որ սահմանել ժամկետ բաժնետոմ օտարում տեղ եմ ունենալ և ղեկավարվել էներգետիկա մասին ՀՀ օրենք հոդված մաս և ՀՀ սահմանադրություն հոդված իրավանորմ ՀՀ կառավարություն կողմից նախաձեռնվել եմ Հայաստան էլեկտրական ցանց ՓԲԸ բաժնետոմ հանրություն գերակա շահ ճանաչել և օտարել պետականանալ գործընթաց գրել եմ Պետրոսյան Հայաստան վարչապետ Նիկոլ Փաշինյան թվական հունիս հայտարարել եմ որ հասունանալ եմ Հայաստան էլեկտրական ցանց ը պետականանալ պահ թվական հուլիս Հայաստան խորհրդարան երկրորդ ընթերցում և ամբողջություն ընդունել հէկ պետականացում միտել օրենսդրական նախաձեռնություն որ հանրային ծառայություն կարգավորել հանձնաժողով տրել եմ նոր լիազորություն մասնավորապես օրենք սահմանվել եմ եթե լիցենզավորվել կազմակերպություն գործունեություն ունեմ բարձր ռիսկայնություն կառավարություն լիազոր մարմին կարող եմ հաղորդել ներկայանալ հնարավոր դառնալ կանխարգելիչ միջոց կիրառում մինչ վարույթ հարուցում հստակեցնել այդ միջոց տեսակ կիրառում կարգ և իրավաչափություն պայման հուլիս հանրային ծառայություն կարգավորել հանձնաժողով նախագահ Մեսրոպ Մեսրոպյան որոշում Ռոմանոս Պետրոսյան նշանակել եմ հէկ ժամանակավոր կառավարիչ հէկ սեփականատ Տաշիր կապիտալ ընկերություն խումբ եմ որ ՀԷՑ ժամանակավոր կառավարիչ նշանակել որոշում վիճարկել եմ ստոկհոլմ արբիտրաժային դատարան թվական նոյեմբեր Հայաստան հանրային ծառայություն կարգավորել հանձնաժողով Հայաստան էլեկտրական ցանց ընկերություն լիցենզիա դադարել որոշում ընդունել,10,237
https://armenpress.am/hy/article/1251268,2026-05-26 21:28:00,ուժեղ Հայաստան քարոզարշավային օր ամփոփել եմ Վանաձոր,ազգային ժողով ընտրություն մասնակցել ուժեղ Հայաստան կուսակցություն դաշինք քարոզարշավ հերթական օր ամփոփել եմ Լոռու մարզկենտրոն Վանաձոր Արմենպրես ը փոխանցում ամփոփիչ հանրահավաք ընթացքում դաշինք նախընտրական ցուցակ առաջին համար Նարեկ Կարապետյան ներկայանալ եմ Վանաձոր վերաբերյալ ինքը քաղաքական ուժ առաջարկ մենք առաջարկել եմ որ Վանաձոր համար վերջապես գործարկել մի մեծ գործարան որտեղ մարդ կաշխատել Վանաձոր բնակչություն ամեն տասնամյակ շեշտակ անկ եմ ապրել մարդ ունեմ աշխատանքային զբաղվածություն մենք պետք եմ լուրջ տնտեսական ծրագիր վերականգնել մենք երկիր տնտեսական պոտենցիալ դա եմ ծրագիր աշխատատեղ բոլորը համար ասել Կարապետյան հանրահավաք հետո ուժեղ Հայաստան դաշինք անդամ շփվել քաղաքացի հետ մայիս մեկնարկել եմ Հայաստան հունիս կայանալ խորհրդարանական ընտրություն նախընտրական քարոզարշավ որ շարունակվել մինչև հունիս ընտրապայքար մասնակցել եմ քաղաքական ուժ դաշինք և կուսակցություն ուժեղ Հայաստան կուսակցություն խորհրդարանական ընտրություն մասնակցել եմ համար ներքո կուսակցություն կարգախոս եմ փոփոխություն կուսակցություն ԿԸՀ եմ ներկայանալ թեկնածու բաղկանալ ցուցակ ինչպես նաև ազգային փոքրամասնություն թեկնածու բաղկանալ ցուցակ դաշինք առաջնորդ Սամվել Կարապետյան սակայն ցուցակ ներառել եմ քանի որ նա բացի ՀՀ քաղաքացիություն ունեմ նաև Ռուսաստան և Կիպրոս քաղաքացիություն իսկ ՀՀ սահմանադրություն համաձայն այլ երկիր քաղաքացիություն ունենալ անձինք եմ կարող լինել ոչ վարչապետ ոչ պատգամավոր թեկնածու չնայած դա կուսակցություն ներկայացուցիչ շարունակել եմ պնդել որ ինքը վարչապետ թեկնածուն Սամվել Կարապետյան եմ Սամվել Կարապետյան այս պահ տնային կալանք տակ եմ իշխանություն զավթել հրապարակային կոչ համար հարուցել քրեական վարույթ շրջանակ,7,208
https://armenpress.am/hy/article/1251302,2026-05-27 11:35:00,թանգարանային ոլորտ աշխատակից աշխատավարձ բարձրանալ տոկոս,Հայաստան կառավարություն հերթական նիստ որոշել եմ բարձրանալ թանգարանային ոլորտ աշխատակից աշխատավարձ Արմենպրես ը հաղորդում նախագիծ հիմնավորում համաձայն թանգարան մասնագիտական ոլորտ աշխատակից կատարել եմ բարձր մասնագիտական հմտություն պահանջել աշխատանք մշակութային արժեք պահպանություն հաշվառ գիտական մշակել ցուցադրություն կազմակերպում և կրթական ծրագիր իրականացում մինչդեռ ոլորտ վարձատրություն մակարդակ շարունակել եմ մնալ ոչ մրցունակ կառավարություն գնահատում ցածր աշխատավարձ բացասաբար եմ անդրադառնալ ոլորտ կադրային կայունություն երիտասարդ մասնագետ ներգրավում և թանգարան գործունեություն արդյունավետություն վրա նախագիծ նախատեսել եմ պետական թանգարանային աշխատող ատեստավորում համակարգ կատարելագործ ինչպես նաև ատեստավորում հաջողություն անցնել աշխատակից համար հավելավճար տրամադրել ըստ հիմնավորում որոշում ընդունում արդյունք շուրջ թանգարանային աշխատող ամսական եկամուտ միջինել ավելանալ հազար դրամ կամ տոկոս արդյունք միջին ամսական աշխատավարձ հազար դրամ հասնել հազար դրամ վարձատրություն բարձրացում համար տարեկան հաշվարկել եմ միլիոն դրամ որ ներառել եմ նաև թվական միջնաժամկետ ծախսային ծրագիր նշել եմ որ թվական երկրորդ կիսամյակ ծրագիր իրականանալ համար վերաբաշխում եմ կատարվել ԿԳՄՍ նախարարություն մի շարք ծրագիր այդ թիվ մշակութային արժեք փորձաքննություն ծառայություն թանգարանային միջոցառում թատերահամերգային կազմակերպություն ֆինանսավորում փորձնական մոդելի և դպրոցական բաժանորդային համակարգ ծրագիր,6,161
https://armenpress.am/hy/article/1251314,2026-05-27 12:33:00,Մարտուն քաղաք թվական սոցիալական տնտեսական նշանակություն ծրագիր եմ իրականանալ,գեղարքունիք մարզ Մարտուն քաղաք թվական սուբվենցիոն ու պետական ծրագիր սոցիալական տնտեսական ու կենսական նշանակություն ծրագիր եմ իրականանալ որ ուղղություն կատարել կապիտալ ներդրում կազմել եմ միլիարդ միլիոն հազար դրամ ինչպես Արմենպրես ը տեղեկանալ Մարտունի համայնքապետարան աշխատակազմ իրականանալ ծրագիր սուբվենցիոն եմ որ ուղղություն ծախսվել եմ միլիարդ միլիոն հազար դրամ իսկ պետական եմ ծախսվել եմ միլիարդ միլիոն դրամ իրականանալ աշխատանք արդյունք թվական ընթացքում Մարտունի կառուցել եմ արդի չափորոշիչ համապատասխանել բժշկական կենտրոն քմ մակերես սալիկապատ մայթ մետր արտաքին լուսավորություն ցանց մետր գազատար մետր ոռոգում ցանց մետր երկարություն խմել ջրատար ցանց մետր կոյուղագիծ հիմնանորոգվել եմ մետր երկարություն ներհամայնքային միջպետական ու մարզային նշանակություն ճանապարհ Մարտունի համայնքապետարան շենք բազմաբնակարան շենք տանիք Մարտունի բժշկական կենտրոն շահագործվել եմ թվական վերջ որ կառուցում կահավորում ու տեխնիկական վերազինում ուղղություն ծախսվել եմ միլիարդ միլիոն դրամ պետական ծրագիր շրջանակ թվական ընթացքում հիմնանորոգվել եմ Սևան Մարտուն գետափ ավտոճանապարհ Մարտունի անցնել կիլոմետրանոց հատված Մարտուն ներքին Գետաշեն ճանապարհ Մարտունի անցնել կիլոմետրանոց հատված Սայաթ Նովա փողոց թվական հոկտեմբեր ընթանալ եմ երևանյան և մյասնիկյան փողոց հիմնանորոգում աշխատանք պետական ծրագիր իրականանալ ճանապարհաշինական աշխատանք ընդհանուր գումար կազմ եմ միլիարդ միլիոն հազար դրամ,9,172
https://armenpress.am/hy/article/1251312,2026-05-27 12:22:00,Դդմաշեն նոր մանկական խաղահրապարակ եմ կառուցել,գեղարքունիք մարզ Սևան համայնք դդմաշեն գյուղ հանդիսավորություն բացվել եմ նորակառույց մանկական խաղահրապարակ ինչպես Արմենպրես ը տեղեկանալ Սևան համայնքապետարան աշխատակազմ թվական համայնք իրականանալ մասնակցային բյուջետավորում գործընթաց շրջանակ որ Սևան համայնք միանալ եմ կամավոր հիմունք դդմաշեն բնակավայր կառուցել եմ մանկական նոր խաղահրապարակ դդմաշեն բնակավայր խաղային հրապարակ կառուցում և կահավորում համար Սևան համայնք բյուջե հատկացվել եմ միլիոն հազար դրամ Դդմաշեն մանկական խաղահրապարակ կահավորվել եմ նախադպրոցական և կրտ տարիք համապատասխան խաղամիջոց տեղադրել եմ նստարան կառուցել եմ ցայտաղբյուր տնկվել եմ ծառ տարածք ցանկապատվել եմ դդմաշեն բնակավայր փոքրիկ այսուհետ ունեմ ազատ ժամանց կազմակերպում և անցկացում անվտանգ հարմարավետ ապահով հաճելի միջավայր որ առաջարկել եմ բնակիչ ստանալ եմ ձև և բովանդակություն համայնք կողմից և համայնքային միջոց ներկայանալ Սևան համայնքապետարան աշխատակազմ,6,112
https://armenpress.am/hy/article/1251211,2026-05-27 09:00:00,հաշմանդամություն ունենալ անձ պետական ծրագիր բյուջեն վերջին տարի եռապատկվել եմ,վերջին տարի Հայաստան էապես ընդլայնվել եմ հաշմանդամություն ունենալ անձ համար նախատեսել պետական աջակցություն ծրագիր ինչպես ֆինանսավորում ծավալ այնպես էլ մատուցել ծառայություն շրջանակ առում Արմենպրես նախագիծ շրջանակ ՀՀ աշխատանք և սոցիալական հարց նախարարություն հաշմանդամություն ունենալ անձ հիմնահարց բաժին պետ Աննա Հակոբյան նշել որ հաշմանդամություն ունենալ անձ աջակցություն ծրագիր համար հատկացնել պետական ֆինանսավորում ծավալ թվական համեմատ թվական աճել եմ երեք անգամ ըստ այդմ ավելանալ եմ նաև շահառու թիվ ընդլայնվել մատուցել ծառայություն շրջանակ նախարարություն կողմից իրականանալ հիմնական ծրագիր մեկը աջակցել միջոց տրամադրում եմ որ բյուջեն թվական հասնել եմ միլիարդ դրամ իսկ տրամադրել աջակցել միջոց շուրջ հազար թվական շուրջ միլիոն դրամ և տրամադրել հազար աջակցել միջոց համեմատ ընթացիկ տարում արդեն այդ նպատակով հաստատել բյուջեն գերազանցել եմ միլիարդ դրամ ոլորտ պետական համեմատաբար նոր ծրագիր եմ ներդրել անձնական օգնական ծառայություն որ նախատեսել եմ տարեկան բարձր հաշմանդամություն ունենալ անձ համար ծրագիր համար պետական բյուջե նույն տարում հատկացվել եմ միլիոն դրամ իսկ ծառայություն օգտվել եմ մարդ արդեն թվական ֆինանսավորում աճել եմ հասնել շուրջ միլիոն դրամ իսկ շահառու թիվ մոտ անցնել տարի ներդրել եմ նաև հաշմանդամություն ունենալ երեխա տնային խնամք ծառայություն այդ ծրագիր համար թվական նախատեսվել եմ շուրջ միլիոն դրամ իսկ ծառայություն օգտվել եմ երեխա միաժամանակ ՀՀ բոլոր մարզ տնային խնամք ծառայություն եմ ստանալ նաև տարեկան բարձր շուրջ անձ պետություն շարունակել եմ իրականանալ տեսողական խնդիր ունենալ անձ սոցիալական վերականգնողական ծրագիր այդ շրջանակ կույր անձ սովորել եմ ինքնուրույն ապրել անվտանգ տեղաշարժվել օգտվել հանրային միջավայր հաղորդակցվել և կազմակերպել առօրյա ծրագիր համար տարեկան հատկացնել եմ շուրջ միլիոն դրամ որ օգտվել եմ շուրջ շահառու բացի այդ գործել եմ ցերեկային կենտրոն սոցիալական վերականգնողական ծառայություն որ համար տարեկան հատկացնել եմ մոտ միլիոն դրամ ծրագիր օգտվել եմ շուրջ շահառու ապաինստիտուցիում քաղաքականություն շրջանակ պետություն զարգանալ եմ համայնքային փոքր տուն համակարգ խոշոր հաստատություն փոխարեն դրանց կարող եմ բնակվել առավելագույնը մարդ դա նախատեսել եմ ընտանեկան միջավայր մոտ պայման ստեղծել համար որտեղ բնակիչ համատեղ կազմակերպել եմ ինքը առօրյա և ինտեգրել համայնքային կյանք ծրագիր համար պետական բյուջե հատկացնել եմ շուրջ միլիոն դրամ ներկա գործել եմ համայնքային փոքր տուն ևս ստեղծում փուլ եմ անդրադառնալ ոլորտ իրականանալ ծրագիր Հակոբյան տեղեկանալ որ Արմավիր մարզ Մեծամոր համայնք այժմ կառուցել եմ անկախ կյանք բազմաֆունկցիոնալ կենտրոն որտեղ հաշմանդամություն ունենալ անձինք ստանալ տարբեր ծառայություն մեկ վայր կենտրոն նախատեսել եմ նաև անցումային բնակարան որտեղ մասնագետ օգնել շահառու սովորել ինքնուրույն կենցաղավարել և ապրել անկախ կյանք շինարարություն նախատեսել եմ ավարտել թվական սեպտեմբեր իսկ կենտրոն գործարկում թվական հունվար աշխատանք և սոցիալական հարցերինախարություն ներկա իրականանալ եմ նաև լայնածավալ ուսումնասիրություն գնահատել հաշմանդամություն ունենալ անձ հավելյալ ծախս ուսումնասիրություն նպատակ եմ հասկանալ թե նա լիարժեք ներառում համար ինչպիսի ծառայություն ու աջակցություն անհրաժեշտություն կամ և ինչ չափ եմ դա արդեն ապահովել պետություն ու ինչ պակաս եմ դեռևս զգացվել արդյունք նախատեսել եմ մշակել մեխանիզմ որ միջոցով պետություն փոխհատուցել հավելյալ ծախս կամ ընդլայնել անվճար տրամադրել ծառայություն ցանկ մշակում փուլ եմ նաև ապաինստիտուցիում ճանապարհային քարտեզ որ նպատակ եմ ապահովել որպեսզի հաշմանդամություն ունենալ անձինք խոշոր հաստատություն փոխարեն ծառայություն օգտվել ու ապրել ինքը համայնք ընտանիք առավել մանրամաս տեսանյութումև,10,466
https://armenpress.am/hy/article/1251321,2026-05-27 13:00:00,մեկ անձ կալանավորվել եմ ավելի քան կիլոգրամ թմրամիջոց ապօրի շրջանառություն համար վերջին մաս նախաքննություն ավարտվել եմ,ՀՀ քննչական կոմիտե Երևան քաղաք քննչական վարչություն ծանր հանցագործություն քննություն բաժն նախաձեռնել քրեական վարույթ նախաքննություն ընթացքում իրականանալ վարութային և ապացուցողական գործողություն արդյունք պարզել եմ կողմից առանձնապես խոշոր չափ թմրամիջոց իրացնել փորձել ինչպես նաև իրացնել նպատակով առանձնապես խոշոր չափ գրամ քաշ տեսակ և կիլոգրամ քաշ Մարիխուանա տեսակ թմրամիջոց շուրջ հզր ԱՄՆ դոլար արժեք ձեռք բերել և տարբեր վայր պահել դեպք հանգամանք Արմենպրես ը փոխանցում քննչական կոմիտե տարածել հաղորդագրություն մեջ նշել եմ որ նկատմամբ հարուցել եմ հանրային քրեական հետապնդել ՀՀ քրեական օրենսգիրք հոդված մաս կետ առանձնապես խոշոր չափ թմրամիջոց ապօրի իրացնել փորձ և հոդված մաս կետ առանձնապես խոշոր չափ թմրամիջոց ապօրի շրջանառություն իրացնել նպատակով կամ դա ապօրի իրացնել վերջին նկատմամբ որպես խափանում միջոց եմ կիրառվել կալանք վերաբերյալ քրեական վարույթ մեղադրական եզրակացություն ուղարկվել եմ հսկել դատախազ ծանուցում հանցագործություն համար մեղադրվող համարել եմ անմեղ քանի դեռ նա մեղավորություն ապացուցել եմ քրեական դատավարություն օրենսգիրք սահմանել կարգ դատարան օրինական ուժ մեջ մտնել դատավճռ,16,147
https://armenpress.am/hy/article/1251265,2026-05-26 21:00:00,Հայաստան դաշինք Կապան ներկայանալ սահմանամերձ բնակավայր ընտանիք համար առաջարկել ծրագիր,ազգային ժողով ընտրություն մասնակցել Հայաստան դաշինք քարոզարշավ հերթական օր ամփոփել Սյունիք մարզ կապան քաղաք Արմենպրես ը փոխանցում դաշինք ներկայացուցիչ Աննա Գրիգորյան ներկայանալ սահմանամերձ բնակավայր ընտանիք համար առաջարկել ծրագիր սահմանամերձ բնակավայր յուրաքանչյուր ծնվել երեխա համար մենք առաջարկել եմ տրամադրել ընտանիք ամսական հազար դրամ մինչև նա չափահաս դառնալ ասել Գրիգորյան Աննա Գրիգորյան անդրադառնալ նաև կրթություն ոլորտ առաջարկել փոփոխություն նշել կրթություն պետական բարձր ուսումնական հաստատություն պետք եմ դառնալ անվճար Կապան տեղ ունենալ հանրահավաք հետո Հայաստան դաշինք առաջնորդ Ռոբերտ Քոչարյան ու թիմակից զրուցել և լուսանկարել քաղաքացի հետ մայիս մեկնարկել եմ Հայաստան հունիս կայանալ խորհրդարանական ընտրություն նախընտրական քարոզարշավ որ շարունակվել մինչև հունիս ընտրապայքար մասնակցել եմ քաղաքական ուժ դաշինք և կուսակցություն Հայաստան դաշինք խորհրդարանական ընտրություն մասնակցել եմ համար ներքո միասին կարող եմ կարգախոս դաշինք կազմ միավորվել եմ հայ հեղափոխական դաշնակցություն և առաջ կուսակցություն դաշինք ԿԸՀ եմ ներկայանալ թեկնածու բաղկանալ ցուցակ և ազգային փոքրամասնություն թեկնածու բաղկանալ ցուցակ,10,140
https://armenpress.am/hy/article/1251267,2026-05-26 21:20:00,բարգավաճ Հայաստան կուսակցություն առաջարկել եմ բուհական կրթություն դառնալ անվճար,ազգային ժողով ընտրություն մասնակցել բարգավաճ Հայաստան կուսակցություն առաջարկել եմ բուհական կրթություն Հայաստան դառնալ անվճար Արմենպրես ը փոխանցում այս մասին Երևան Մալաթիա Սեբաստիա վարչական շրջան հայտարարել կուսակցություն առաջնորդ Գագիկ Ծառուկյան ծնող եմ կարողանալ ինքը երեխա վճար վճարել ստանալ եմ հազար գույքահարկ մուծել այլ ծախս թե տանել միլիոն կամ հազար ուսում վճար վճարել ասել Ծառուկյան Գագիկ Ծառուկյան քարոզարշավ ընթացքում հանդիպել վարչական շրջան բնակիչ հետ ծանոթանալ նա խնդիր մայիս մեկնարկել եմ Հայաստան հունիս կայանալ խորհրդարանական ընտրություն նախընտրական քարոզարշավ որ շարունակվել մինչև հունիս ընտրություն մասնակցել եմ քաղաքական ուժ դաշինք և կուսակցություն բարգավաճ Հայաստան կուսակցություն թվական հունիս խորհրդարանական ընտրություն մասնակցել եմ առաջարկ Հայաստան նախընտրական ծրագիր համար ներքո կուսակցություն կարգախոս եմ երաշխավորվել խաղաղություն բարգավաճ Հայաստան բարեկեցիկ կյանք ԲՀԿ ԿԸՀ եմ ներկայանալ թեկնածու բաղկանալ ցուցակ և ազգային փոքրամասնություն թեկնածու բաղկանալ ցուցակ նախընտրական նախաձեռնություն միանալ եմ նաև մայր Հայաստան և դեմոկրատական այլընտրանք կուսակցություն ծրագիր հիմնական դրույթ եմ երաշխավորվել խաղաղություն ապահովում բանակ հզորացում մինչև միլիոն դրամ վարկ ունեցող համար վարկային համաներում իրականացում ինչպես նաև անվճար կրթություն և սոցիալական երաշխիք ընդլայնում,9,161
https://armenpress.am/hy/article/1251288,2026-05-27 10:25:00,անել համայնք նշվել եմ սառնաղբյուր հերոսամարտ,անել համայնք սառնաղբյուր բնակավայր մեծ շուք նշվել եմ սառնաղբյուր հերոսական գոյապայքար տարի շարունակ այս հերոսամարտ նվիրվել միջոցառում անցկացնել եմ համապատասխան հուշարձան հարակ տարածք միջոցառում ներկա եմ Անի համայնք ղեկավար Արման Սարիբեկյան համայնքային իշխանություն ներկայացուցիչ սառնաղբյուր և հարակ բնակավայր բնակիչ հյուր ներկա ծաղիկ եմ խոնարհել հերոսամարտ նվիրվել հուշարձան հարգանք տուրք մատուցել անմահ հերոս հիշատակ մայիսյան այդ օր ինքնապաշտպանական մարտ կենաց ու մահ կռիվ եմ տալ մենք պապ ու նախահայր նա քաջարի ու ազատատենչ ոգի հենց այսօրինակ միջոցառում շնորհիվ եմ անմահան Արմենպրես ը փոխանցում ինքը ելույթ նշել եմ համայնք ղեկավար առաջին տեղակալ Էդգար Սաղաթելյան հավելել որ սառնաղբյուր հերոսամարտ առանձնահատուկ նշանակություն եմ ունենալ մենք պետականություն կազմավորում գործընթաց միջոցառում ընթացքում հայրենասիրական կատարում հանդես եմ գալ երգիչ Կարեն Մշեցի Հրայրք ավանդական պարի խումբ սառնաղբյուր միջնակարգ դպրոց ինչպես նաև Մարալիկ արվեստ և երաժշտական դպրոց սան բազմաբովանդակ տոնակատարություն շրջանակ առանձին տաղավար ներկայանալ եմ սառնաղբյուր մշակութային կոլորիտ սառնաղբյուր նախկին Սոգյութլի գյուղ թվական մայիս հերոսական ինքնապաշտպանական մարտ եմ մղնել թուրքական կանոնավոր ջոկատ դեմ Սոգյութլու ճակատամարտ շատ համար դեռևս լիովին բացահայտել եմ սակայն այն ինքը արժանի տեղ ունեմ սարդարապատ բաշ Ապարան և Ղարաքիլիսա հերոսամարտ կողք որտեղ հայ հերոս սեփական արյուն գին պաշտպանել հայրենի հող,6,184
https://armenpress.am/hy/article/1251297,2026-05-27 11:03:00,Հայաստան ՌԴ վառելիք և մշակվել ադամանդի մատակարարում համաձայնագիր չեղարկում սպառնալիք որևէ նամակ եմ ստանալ,ռուսական Կոմերսանտ պարբերական տեղեկություն եմ տարածել թե իբր Ռուսաստան Հայաստան սպառնալ եմ միակողմանիորեն կասել կամ չեղյալ հայտարարել գազ նավթամթերք և մշակվել ադամանդի մատակարարում մասին համաձայնագիր եթե երկիր շարունակել եվրամիություն անդամակցել գործընթաց Պարբերական գրել եմ թե Ռուսաստան էներգետիկա նախարար սերգեյ ցիվիլև մայիս նման բովանդակություն նամակ եմ ուղարկել Հայաստան տարածքային կառավարում և ենթակառուցվածք նախարարություն Արմենպրես ը հետ զրույց ՀՀ տարածքային կառավարում և ենթակառուցվածք նախարարություն փոխանցել որ որևէ նամակ գրություն նշված վերաբերյալ եմ ստանալ թվական Հայաստան և Ռուսաստան միջև ստորագրել համաձայնագիր Ռուսաստան Հայաստան գազ նավթամթերք և մշակվել ադամանդ եմ մատակարարում առանց արտահանում տուրք և ներքին սպառում հետ կապվել արտոնյալ պայման ըստ Կոմերսանտ ը հրապարակում եթե համաձայնագիր դադարել Հայաստան պարտավոր լինել Ռուսաստան փոխհատուց վճարել կամ վճարերել գումար ճանաչել որպես Հայաստան պետական պարտք Ռուսաստան դաշնություն,14,120
https://armenpress.am/hy/article/1251290,2026-05-27 10:29:00,Հայաստան օդի ջերմաստիճան առաջիկա օր նվազել աստիճան,Հայաստան տարածք մայիս և մինչև մայիս երեկո պահպանել տաք առանց տեղում եղանակ սակայն մայիս ուշ երեկոյան ժամ հանրապետություն հայտնվել սև ծով ներթափանալ ցիկլոն ազդեցություն գոտի ինչ հետևանքով մայիս սպասել եմ ամպրոպային բնույթ կարճատև անձրև և օդի ջերմաստիճան էական նվազ Արմենպրես ը հաղորդում այս մասին տեղեկանալ եմ շրջակա միջավայր նախարարություն հիդրոօդերևություն և մոնիթորինգ կենտրոն ՊՈԱԿ տնօրեն տեղակալ Գագիկ Սուրենյան նա փոխանցում այսօր ողջ օր ընթացքում և վաղը մինչև երեկո Հայաստան գտնվել եմ հարավ արևմտյան արևադարձային տաք օդային հոսանք ազդեցություն գոտի ինչ արդյունք հանրապետություն ամբողջ տարածք սպասել եմ տաք և առանց տեղում եղանակ օդի ջերմաստիճան մայիս և բարձրանալ աստիճան Գագիկ Սուրենյան տեղեկացում մայիս ընկնել ժամանակահատված հյուսիս արևմուտք Հայաստան ներթափանցել արկտիկական ցուրտ օդային հոսանք ինչ հետևանքով օդի ջերմաստիճան նվազել աստիճան նա խոսք մայիս հունիս ընկնել ժամանակահատված տեղում կրկին դադարել իսկ օդի ջերմաստիճան աստիճանաբար բարձրանալ,7,131
https://armenpress.am/hy/article/1251287,2026-05-27 10:22:00,ազգային ժողով նիստ եմ կայանալ պատգամավոր քվոր եմ ապահովել,ազգային ժողով մայիս նիստ անհրաժեշտ թիվ պատգամավոր եմ գրանցել նիստ եմ կայանալ Արմենպրես ը հաղորդում ՀՀ ԱԺ նախագահ տեղակալ Հակոբ Արշակյան տեղեկանալ եմ որ ԱԺ կանոնակարգ սահմանադրական օրենք հոդված մաս համաձայն գրանցում շարունակվել եմ մինչև անհրաժեշտ թիվ պատգամավոր գրանցել սակայն ոչ ավելի քան ժամ նիստ դահլիճ բացի Հակոբ Արշակյան ներկա եմ միայն պատգամավոր Հովիկ Աղազարյան և Հակոբ Ասլանյան հիշել որ մայիս Հայաստան մեկնարկել եմ հունիս կայանալ խորհրդարանական ընտրություն նախընտրական քարոզարշավ խորհրդարանական երկու ուժ իշխել քաղաքացիական պայմանագիր կուսակցություն ու Հայաստան դաշինք ևս առաջադրել եմ առաջիկա ընտրություն և քարոզարշավ ակտիվ փուլ եմ,9,90
https://armenpress.am/hy/article/1251273,2026-05-26 23:40:55,պարտք շուրջ ծագել վիճաբանություն կոտայք ավարտվել եմ դանակահարություն անձ ձերբակալվել եմ,բժշկական կենտրոն օպերատիվ կառավարում կենտրոն մայիս ժամ ահազանգ եմ ստանալ որ կրծքավանդակ աջ կես կտրել ծակել վերք բուժօգնություն եմ դիմել Սարալանջ գյուղ բնակիչ մի տղամարդ նույն օր սուրբ Գրիգոր Լուսավորիչ բժշկական կենտրոն հաղորդել եմ որ տղամարդ վերակենդանացում բաժանմունք մահանալ եմ Արմենպրես ը ոստիկանություն հայտնել պարզել եմ որ նույն օր Սարալանջ գյուղ փողոց բակ մեկը նույն գյուղ բնակիչ մի տղամարդ գումարային պարտք շուրջ ծագել վիճաբանություն ժամանակ հարվածել ապա դանակահարել եմ տղամարդ քրեական ոստիկանություն Կոտայք մարզային վարչություն ծառայող կողմից տարվել բացատրական աշխատանք արդյունք սարալանջ բնակիչ ներկայանալ եմ ոստիկանություն ապա փաստաթուղթ հետ ներկայանալ նախաքննական մարմին,11,92
https://armenpress.am/hy/article/1251269,2026-05-26 21:23:00,ներքին գործ նախարարություն շրջիկ գրասենյակ ծառայություն մատուցել Կոտայք,ներքին գործ նախարարություն շրջիկ սպասարկում գրասենյակ ծառայություն մատուցել Կոտայք մարզ Արմենպրես ը փոխանցում այս մասին հայտնել եմ նախարարություն նգ նախարար հրաման համաձայն մայիս ծառայություն մատուցել ժամ Կոտայք մարզ բյուրեղավան համայնք համայնքապետարան հարևանություն ժամ Կոտայք մարզ չարենցավան համայնք համայնքապետարան հարևանություն ասել եմ հաղորդագրություն շրջիկ սպասարկում շրջանակ քաղաքացի կարող եմ փոխանակել անձնագիր ստանալ ժամանակավոր պաշտպանություն վկայական տեղեկանք վարորդական իրավունք ու սեփականություն վկայական հաշվառում վկայագիր փոխանակում կամ կորուստ դեպք քաղաքացի մոտենալ շրջիկ գրասենյակ կարող եմ նոր ստանալ օգտվել նաև հաշվառում քննական բաժին կողմից մատուցել այլ ծառայություն մայիս շրջիկ սպասարկում գրասենյակ լինել նաև գեղարքունիք մարզ Վարդեն և ճամբարակ համայնք մայիս ընդունվել դիմում շրջանակ փաստաթուղթ հանձնել նպատակով,8,102
https://armenpress.am/hy/article/1251313,2026-05-27 12:27:00,նոր դիմագիծ նոր սպառազինություն նոր հանդերձանք ավարտվել եմ զորահանդես նախապատրաստական աշխատանք,Երևան հանրապետություն հրապարակ մայիս կայանալ զորահանդես նախապատրաստական աշխատանք ավարտվել եմ Արմենպրես ը փոխանցում այս մասին տեղեկանալ եմ ՀՀ պաշտպանություն նախարար Սուրեն Պապիկյան Ֆեյսբուք ը ինքը էջ հրապարակել տեսանյութ միջոցով ավարտել զորահանդես նախապատրաստություն վերջին աշխատանք մայիս բոլորը սպասել եմ հանրապետություն հրապարակ գալ և վայելեք Հայաստան հանրապետություն նոր բանակ նոր դիմագծ նոր սպառազինություն նոր հանդերձանք նշել եմ նախարար ավելի վաղ Սուրեն Պապիկյան հանրություն եմ ներկայանալ նաև ՀՀ բանակ նոր զինանշան,11,68
https://armenpress.am/hy/article/1251272,2026-05-26 23:01:00,ռեֆորմիստ կուսակցություն քարոզարշավ եմ իրականանալ Արմավիրում,ազգային ժողով ընտրություն մասնակցել ռեֆորմիստ կուսակցություն քարոզարշավ հերթական օր անցկացնել եմ Արմավիր մարզ Արմենպրես ը փոխանցում կուսակցություն ներկայացուցիչ շրջել եմ Արմավիր և Մեծամոր քաղաք քարոզարշավ ընթացքում կուսակցություն ընտրական ցուցակ ներկայացուցիչ զրուցել եմ քաղաքացի հետ նա ներկայանալ ինքը ընտրական ծրագիր դրույթ ռեֆորմիստ կուսակցություն ցուցակ համար Վահան Բաբայան Ֆեյսբուք ը ինքը էջ հիշել եմ ինքը ծրագիր դրույթ ստեղծվել աշխարհաքաղաքական անցումային իրավիճակ ընդունել ազգային անվտանգություն նոր հայեցակարգ դևավորվել դեմոգրաֆիկ սպառնալիք պայման մշակել դա կանխում պետական ծրագիր ներառել ներգաղթ կազմակերպել սահմանադրական փոփոխություն երկիր ղեկավար կառավարում ժամանակահատված սահմանափակել մեկ ժամկետ իսկ երկիր ղեկավար պաշտոն հավակնող համար սահմանել նոր չափանիշ ՀՀ ընտրություն մասնակցություն դառնալ պատվավոր պարտականություն իսկ ընտրագրավ մեխանիզմ փոխարինել ստորագրահավաք բարձրագույն կրթություն ու առողջապահություն ՀՀ դառնալ անվճար և զգալիորեն բարձրանալ մանկավարժ բժիշկ աշխատավարձ տնտեսություն մեջ մեծանալ պետություն կարգավորիչ դեր Հայաստան դառնալ կարգավորվել անվտանգ և գրավիչ կրիպտո կենտրոն տարածաշրջան ներգրավել ներդրում ստեղծել աշխատատեղ և բարձրանալ տնտեսություն թափանցիկություն մայիս մեկնարկել եմ Հայաստան հունիս կայանալ խորհրդարանական ընտրություն նախընտրական քարոզարշավ որ շարունակվել մինչև հունիս ընտրարշավ մասնակցել եմ քաղաքական ուժ դաշինք և կուսակցություն ռեֆորմիստ կուսակցություն ընտրություն մասնակցել եմ անվտանգություն և զարգացում կարգախոս և համար ներքո կուսակցություն ԿԸՀ եմ ներկայանալ թեկնածու բաղկանալ ընտրական ցուցակ կուսակցություն վարչապետ թեկնածուն պաշտպանություն նախկին նախարար Վաղարշակ Հարությունյան եմ,6,192
https://armenpress.am/hy/article/1251266,2026-05-26 21:11:00,լուսավոր Հայաստան կուսակցություն առաջարկել եմ փակել ԱԱԾ մեկուսարան,ազգային ժողով ընտրություն մասնակցել լուսավոր Հայաստան կուսակցություն առաջարկել եմ փակել ազգային անվտանգություն ծառայություն մեկուսարան Արմենպրես ը փոխանցում այս մասին Երևան տեղ ունենալ քարոզարշավ ընթացքում հայտարարել եմ կուսակցություն ընտրական ցուցակ գլխավորել Էդմո Մարուքյան ԱԱԾ մեկուսարան հանրային խոսույթ հայտնի ԿԳԲ պադվալ եմ համապատասխանել միջազգային չափանիշ և պետք եմ փակվել Եվրոպա խորհուրդ խոշտանգում կանխարգելում կոմիտե չափանիշ այդ հաստատություն վաղուց պետք եմ դադարել լինել գործունեություն այն պետք եմ փակվել դեռ Ռոբերտ Քոչարյան իշխանություն ժամանակ երբ Հայաստան դառնալ Եվրոպա խորհուրդ անդամ Սերժ Սարգսյան ժամանակ երբ շարունակվել եմ եվրոպական ինտեգրում ապա թվական հեղափոխություն հետո նշել եմ Մարուքյան մայիս մեկնարկել եմ Հայաստան հունիս կայանալ խորհրդարանական ընտրություն նախընտրական քարոզարշավ որ շարունակվել մինչև հունիս ընտրապայքար մասնակցել եմ քաղաքական ուժ դաշինք և կուսակցություն լուսավոր Հայաստան կուսակցություն ընտրություն մասնակցել եմ համար ներքո կուսակցություն կարգախոս եմ պաշտպանել ինքնություն կուսակցություն ԿԸՀ եմ ներկայանալ թեկնածու բաղկանալ ընտրական ցուցակ որ գլխավորել եմ կուսակցություն նախագահ ԱԺ նախկին պատգամավոր Էդմո Մարուքյան,8,144
https://armenpress.am/hy/article/1251310,2026-05-27 12:11:00,վարորդական իրավունք զրկվել անձինք այն կարողանալ վերականգնել առանց քննություն հազար դրամ վճարել,Հայաստան կառավարություն փոխել եմ վարորդական իրավունք զրկվել անձ վարորդական իրավունք վերականգում կարգ Արմենպրես ը հաղորդում նախագիծ կառավարություն նիստ ներկայանալ եմ Հայաստան ներքին գործ նախարար Արփինե Սարգսյան նա խոսք ներկա վարորդական իրավունք զրկվել անձինք տարի հետո վարորդական իրավունք վերականգնել եմ քննություն միջոցով անկախ նա թե առաջին անգամ եմ զրկվել թե ոչ առաջարկել փոփոխություն առաջին անգամ վարորդական իրավունք զրկվել անձինք կարողանալ մեկ անգամ վերականգնել այն առանց քննություն վճարել հազար դրամ պետական տուրք տարի ժամկետ լրանալ անձինք կարող եմ դիմել և վճարել պետական տուրք որ այս օրենսդրական նախաձեռնություն շրջանակ կազմ եմ հազար դրամ վերականգնել ինքը իրավունք առանց որակավորում քննություն միայն անգամ նշել եմ Սարգսյան նա խոսք վերականգնում հետո վարորդ համար սահմանել եմ մեկ տարի փորձաշրջան փոխարեն տրամադրել ընդամենը տուգանային միավոր եթե բալային միավոր սպառվել եմ կամ անձ այս ժամանակահատված կրկին զրկվել եմ վարորդական իրավունք ավտոմատ կերպ կրկին գնալ եմ զրկում եղանակ և անձ տարի ժամկետ եմ կարողանալ վարել տրանսպորտային միջոց ասել եմ նախարար նախագիծ նախատեսել եմ նաև անցումային դրույթ որ համաձայն թվական հունվար մինչև թվական մայիս ընկնել ժամանակահատված վարորդական իրավունք զրկվել անձինք ևս մեկ անգամ կարողանալ օգտվել նույն կարգավորում Սարգսյան միաժամանակ ընդգծել եմ որ նախագիծ վերաբերել եմ միայն ոստիկանություն կողմից վարչարարություն շրջանակ կիրառել վարորդական իրավունք զրկում դեպք նա խոսք կարգավորում եմ տարածվել դատարան կամ օտարերկրյա պետություն իրավասու մարմին կողմից կիրառել զրկում ինչպես նաև առողջական վիճակ կամ անգործունակություն հիմք վարորդական իրավունք դադարեցում դեպք վրա թվական Հայաստան վարորդական իրավունք զրկվել եմ անձ իսկ թվական վարորդական իրավունք զրկել հիմնական պատճառ լինել եմ ոչ սթափ վիճակ վարել,12,240
https://armenpress.am/hy/article/1251286,2026-05-27 10:18:00,հայկական ակումբ եվրագավաթային նոր մրցաշրջան,հայտնի եմ թե հաջորդ մրցաշրջան եվրագավաթային որ մրցաշար հանդես գալ հայկական ակումբ Արմենպրես ը հաղորդում Հայաստան այս մրցաշրջան չեմպիոն Արարատ Արմենիա ը պայքար սկսել չեմպիոն լիգա որակավորում առաջին փուլ Հայաստան գավաթակիր Նոա ը խաղալ կոնֆերենցիա լիգա ը որակավորում երկրորդ փուլ Ալաշկերտ ը ու փյունիկ ը մրցել կոնֆերենցիա լիգա ը որակավորում առաջին փուլ,5,52
https://armenpress.am/hy/article/1251291,2026-05-27 10:32:00,տուն գազաբալո եմ պայթել դեպք վայր եմ մեկնել ՓԾ մարտական հաշվարկ,Հայաստան նգն օպերատիվ կառավարում կենտրոն մայիս ժամ ահազանգ եմ ստանալ որ Արեն գյուղ փողոց տուն մեկը տեղ եմ ունենալ գազաբալոն պայթյուն դեպք վայր եմ մեկնել ՆԳՆ ՓԾ մարզային փրկարարական վարչություն հրշեջ փրկարարական ջոկատ մեկ մարտական հաշվարկ Արմենպրես ը փոխանցում փրկարար ծառայություն հայտնել եմ որ ըստ նախնական տվյալ պայթյուն լինել եմ գազաբալոն արտահոսք հետևանքով երկու անձ թեթև վնասվածք տեղափոխվել եմ բժշկական կենտրոն,11,61
https://armenpress.am/hy/article/1251305,2026-05-27 11:43:00,կառավարություն նոր պատվովճար եմ սահմանել պաշտպան հայրենյաց ծրագիր ծառայություն անցնել զինծառայող համար,Հայաստան կառավարություն պաշտպան հայրենյաց ծրագիր պայմանագրային ծառայություն անցնել զինծառայող համար սահմանել եմ նոր պատվովճար Արմենպրես ը հաղորդում կառավարություն նիստ նախագիծ ներկայանալ եմ պաշտպանություն նախարար տեղակալ Արման Սարգսյան նա խոսք պաշտպան հայրենյաց ծրագիր ծառայություն անցնել զինծառայող որ առաջին պայմանագիր ժամկետ լրանալ եմ նոր պայմանագիր կնքել դեպք ստանալ պատվովճար տարի ժամկետ պայմանագիր կնքել դեպք նախատեսել եմ միլիոն դրամ չափ պատվովճար իսկ տարի ժամկետ պայմանագիր կնքել դեպք միլիոն դրամ չափ նշել եմ Սարգսյան նախագիծ փոփոխվել եմ նաև ծրագիր պայմանագրային ծառայություն անցնել դիմում ներկայանալ ժամկետ փոխնախարար խոսք եթե նախկին դիմում կարող եմ ներկայանալ պարտադիր զինվորական ծառայություն ամիս լրանալ զինծառայող ապա այժմ այդ հնարավորություն տրամադրել արդեն ծառայություն ամիս լրանալ հետո կառավարություն որոշում նախագիծ հավանություն եմ տալ հիշել որ պաշտպան հայրենյաց ծրագիր զինել ուժ ծառայել զինծառայող պայմանագիր նախատեսել տարի ժամկետ ծառայություն և զորացրում հետո ստանալ եմ միլիոն դրամ պատվովճար նոր փոփոխություն եթե նա որոշել շարունակել ծառայություն և նոր պայմանագիր կնքել պաշտպանություն նախարարություն հետ ստանալ նոր պատվովճար,12,150
https://armenpress.am/hy/article/1251315,2026-05-27 12:34:00,Դիլիջան իջևան ճանապարհ պարզ լիճ տանել հատված երթևեկություն ժամանակավորապես սահմանափակվել,ՀՀ վարչապետ գավաթ խճուղավազք մրցաշար շրջանակ մայիս ժամ Դիլիջան իջևան ավտոճանապարհ դեպի պարզ լիճ տանել հատված երթևեկություն սահմանափակվել Արմենպրես ը փոխանցում այս մասին հայտնել եմ ՀՀ ներքին գործ նախարարություն,10,29
https://armenpress.am/hy/article/1251262,2026-05-26 19:32:00,հնարավորություն ստեղծել նաև Իրան և Ռուսաստան համար Միրզոյան,Հայաստան տարածք իրականացվելիք նախագիծ հնարավորություն ստեղծել նաև Իրան իսլամական հանրապետություն համար Արմենպրես ը փոխանցում այս մասին լրագրող հետ զրույց հայտնել Հայաստան արտաքին գործ նախարար Արարատ Միրզոյան նշել որ փարատվել եմ այն մտահոգություն թե անվտանգային խնդիր կարող եմ ստեղծել Իրան համար Իրանում կամ հարց ենթադրյալ անվտանգային բաղադրիչ վերաբերյալ քննարկել եմ երրորդ կողմ զինել ուժ տեղակայում հարց Իրան մենք գործընկեր տեսնել եմ որ որևէ նման բան եմ նախատեսել ստորագրել փաստաթուղթ բոլոր ենթակառուցվածք լինել եմ ՀՀ ինքնիշխանություն ներքո գործել եմ ՀՀ իրավազորություն ներքո և դա բացառել եմ նաև երրորդ կողմ տեղակայում այդ հարց շուրջ առանձնապես անհանգստանալ տեղ կամ նույն Իրան համար նույն հնարավորություն եմ բերել չէ որ Նախիջևան մենք եմ կապվել երկաթուղ Իրան երկաթուղային ցանց հետ մենք միջոցով նաև Իրան եմ կարողանալ դուրս գալ օրինակ սև ծով ստացվել եմ որ Պարս ծոց սև ծով երկաթուղային նոր կապ եմ ստեղծել ասել Միրզոյան Հայաստան արտաքին գործ նախարար հավելել հնարավորություն ստեղծել նաև Ռուսաստան դաշնություն համար Ռուսաստան բազմաթիվ պաշտոնյա հետաքրքրություն եմ ցուցաբերել վերաբերյալ մասնակցություն եմ ցանկանալ ունենալ նշել Արարատ Միրզոյան մայիս Հայաստան ու Ամերիկա միացյալ նահանգ նախաստորագրել եմ Թրամփի ուղի հանուն միջազգային խաղաղություն և միջազգային բարգավաճում նախագիծ վերաբերյալ ռազմավարական համագործակցություն մասին շրջանակային համաձայնագիր փաստաթուղթ նախաստորագրում տեղ եմ ունենալ ԱՄՆ պետքարտուղար Մարկո Ռուբիո Հայաստան այց շրջանակ հայկական կողմ փաստաթուղթ ստորագրել ՀՀ արտաքին գործ նախարար Արարատ Միրզոյան ամերիկյան կողմից ԱՄՆ պետքարտուղար Մարկո Ռուբիո,8,214
https://armenpress.am/hy/article/1251217,2026-05-26 16:08:00,Երևան մեկնարկել եմ Արարատ Միրզոյան և Մարկո Ռուբիո հանդիպում,Երևան մեկնարկել եմ Հայաստան արտաքին գործ նախարար Արարատ Միրզոյան և ԱՄՆ պետքարտուղար Մարկո Ռուբիո հանդիպում Արմենպրես ը փոխանցում հանդիպում հետո տեղ ունենալ փոխըմբռնում հուշագիր ստորագրում արարողություն որ հետո Արարատ Միրզոյան ու Մարկո Ռուբիո հանդես գալ մամուլ համար հայտարարություն Մարկո Ռուբիո տիկնոջ Ժանետ Ռուբիո հետ քիչ առաջ ժամանել եմ Երևան Զվարթնոց օդանավակայան նա դիմավորել եմ ՀՀ ագ նախարար Արարատ Միրզոյան ու նա կին Գոհար Աբաջյան,9,64
https://armenpress.am/hy/article/1251219,2026-05-26 16:17:00,ՀՀ կառավարություն հաղթել եմ միջազգային արբիտրաժում տրիբունալ ամբողջություն մերժել եմ Սանիթեք ընկերություն հայց և բոլոր պահանջ,ներդրումային վեճ կարգավորում միջազգային կենտրոն արբիտրաժային տրիբունալ թվական մայիս կայանալ եմ վճիռ ամբողջություն մերժել լիբանանյան Սանիթեք ընկերություն և նա սեփականատեր կողմից Հայաստան հանրապետություն դեմ ներկայանալ բոլոր պահանջ Արմենպրես ը փոխանցում այս մասին հայտնել եմ ՀՀ կառավարություն Սանիթեք ընկերություն Երևան քաղաք իրականանալ եմ աղբահանություն և սանմաքրում ծառայություն Երևան քաղաքապետարան լուծել եմ ընկերություն հետ կնքել պայմանագիր ընկերություն կողմից պայմանագրային պարտավորություն ոչ պատշաճ կատարում հետևանքով ինչ քաղաք հանգել եմ աղբահանություն ճգնաժամ հայցվոր թվական մարտ նախաձեռնել եմ արբիտրաժային վարույթ պնդել որ Հայաստան խախտել եմ Հայաստան հանրապետություն կառավարություն և Լիբանան հանրապետություն կառավարություն միջև կապիտալ ներդրում խրախուսում և փոխադարձ պաշտպանություն վերաբերյալ համաձայնագիր և պահանջել եմ շուրջ միլիոն ԱՄՆ դոլար փոխհատուց արբիտրաժային տրիբունալ միաձայն վճիռ եմ կայանալ հօգուտ Հայաստան հանրապետություն ամբողջություն մերժել հայցվոր պահանջ տրիբունալ արձանագրել եմ որ Սանիթեք ը եմ կատարել աղբահանություն և փողոց մաքրում ինքը պայմանագրային պարտավորություն այն դեպք երբ այդ ծառայություն դիմաց ստանալ եմ վճարել տրիբունալ ընդգծել եմ որ աղբահանություն ծառայություն ոչ պատշաճ մատուցում վտանգ եմ ստեղծել հանրություն առողջություն համար և եզրականալ որ Հայաստան կողմից պայմանագիր լուծում լինել եմ ողջամիտ և հիմնավորվել տրիբունալ նաև նշել եմ որ եթե պետություն միջոց ձեռնարկել Սանիթեք ը փոխարինել և ծառայություն բաց լրացնել ուղղություն ապա դա կդիտել որպես հանրություն նկատմամբ ինքը պարտականություն կատարել տրիբունալ անհիմն եմ համարել նաև հայցվոր այն պնդում թե թվական կառավարություն փոփոխություն հետո Հայաստան հանրապետություն համապատասխան մարմին քաղաքական պատճառ եմ հանդես գալ Սանիթեք ը դեմ այլ ոչ թե պայմանագրային հիմք Հայաստան հանրապետություն ողջունել եմ տրիբունալի վճիռ որ վերահաստատել եմ որ պետություն կողմից պայմանագրային իրավունք և ինքը քաղաքացի առաջ ստանձնել պարտավորություն ողջամիտ իրականացում եմ կարող հանգել միջազգային պատասխանատվություն,16,251
https://armenpress.am/hy/article/1251259,2026-05-26 18:53:00,տարբեր երկիր հետաքրքրություն եմ ցուցաբերել նախագիծ բաղադրիչ նկատմամբ Միրզոյան,Հայաստան տարածք իրականացվելիք նախագիծ տարբեր բաղադրիչ վերաբերյալ մի շարք երկիր հետաքրքրություն եմ ցուցաբերել Արմենպրես ը փոխանցում այս մասին լրագրող հետ զրույց հայտնել Հայաստան արտաքին գործ նախարար Արարատ Միրզոյան կամ տարբեր կողմ երկիր ընկերություն որ հետաքրքրություն եմ ցուցաբերել նախագիծ տարբեր դրսևորում նկատմամբ այս կամ այն բաղադրիչ այս կամ այն կտոր մաս լինել դա շինարարություն ֆիզիկապես ապրանք մատակարարում համակարգչային ծրագիր որ պետք եմ համակարգ կառավարում լինել նախնական քննարկում ու միտք փոխանակություն էլ եմ ունենալ մի շարք գործընկեր հետ բայց եմ ուզել այս պահ որևէ ամփոփել անել և անուն տալ ասել Միրզոյան Հայաստան հանրապետություն արտաքին գործ նախարար Արարատ Միրզոյան ու Ամերիկա միացյալ նահանգ պետքարտուղար Մարկո Ռուբիո մայիս Երևան նախաստորագրել եմ Թրամփի ուղի հանուն միջազգային խաղաղություն և միջազգային բարգավաճում նախագիծ վերաբերյալ ռազմավարական համագործակցություն մասին շրջանակայինհամաձայնագիրը,9,121
https://armenpress.am/hy/article/1251227,2026-05-26 16:53:00,Հայաստան ու ԱՄՆ նոր մակարդակ եմ բարձրանալ ռազմավարական գործընկերություն,Հայաստան ու Ամերիկա միացյալ նահանգ ռազմավարական գործընկերություն բարձրանալ եմ նոր մակարդակ ստորագրել երկու երկիր միջև համապարփակ ռազմավարական գործընկերություն կանոնադրություն Արմենպրես ը փոխանցում Հայաստան և ԱՄՆ միջև համապարփակ ռազմավարական գործընկերություն կանոնադրություն ստորագրվել եմ ԱՄՆ պետքարտուղար Մարկո Ռուբիո Երևան կատարել այց շրջանակ կանոնադրություն հայկական կողմ ստորագրել եմ ՀՀ ագ նախարար Արարատ Միրզոյան ամերիկյան կողմից ԱՄՆ պետքարտուղար Մարկո Ռուբիո ստորագրում արարողություն հետո մամուլ համար հայտարարություն ժամանակ ՀՀ ագ նախարար Արարատ Միրզոյան հայտարարել որ կանոնադրություն ստորագրում Հայաստան ու միացյալ նահանգ նոր մակարդակ եմ բարձրանալ ռազմավարական գործընկերություն,9,82
https://armenpress.am/hy/article/1251206,2026-05-26 15:21:00,Փաշինյան հայտարարել եմ որ ներկա Հայաստան սպառազինություն եմ ձեռք բերել երկիր,Հայաստան ներկա սպառազինություն եմ ձեռք բերել երկիր Արմենպրես ը հաղորդում այս մասին հայտարարել եմ ՀՀ վարչապետ Նիկոլ Փաշինյան Կոտայք մարզ չարենցավան քաղաք բնակիչ հետ հանդիպում ընթացքում Փաշինյան անդրադառնալ եմ մայիս Երևան հանրապետություն հրապարակ նախատեսել զորահանդես նշել որ այնտեղ ներկայանալ եմ ժամանակակից օտարերկրյա արտադրություն զինատեսակ Զորահանդես ներկայանալ եմ ժամանակակից օտարերկրյա արտադրություն զենք շատ կարևոր եմ որ զենք ձեռքբերում աղբյուր դիվերսիֆիկանալ եմ ասել եմ վարչապետ նա խոսք Հայաստան սպառազինություն եմ ձեռք բերել ոչ թե երկու֊երեք այլ երկիր մենք երկու֊երեք երկիր եմ որ զենք եմ ձեռք բերել մենք երկիր զենք եմ ձեռք բերել սա կարևոր եմ որ մենք ունենալ ընտրություն նշել եմ Փաշինյան վարչապետ հայտարարել եմ որ զորահանդես ներկայանալ եմ նաև Հայաստան արտադրել ժամանակակից սպառազինություն ամենակարևոր նաև ժամանակակից սպառազինություն եմ լինել որոշակի չափ որ արտադրել եմ Հայաստան հանրապետություն ասել եմ նա Երևան հանրապետություն հրապարակ մայիս հանրապետություն օր տեղ ունենալ զորահանդես որ ժամանակ ցուցադրել վերջին տարի Հայաստան զինել ուժ ձեռք բերել սպառազինություն մինչև թվական Հայաստան սպառազինություն հիմնական մատակարար երկիր Ռուսաստան եմ սակայն թվական Հայաստան իշխանություն դիվերսիֆիկանալ եմ սպառազինություն ձեռքբերում շուկա մանսավորապես վերջին տարի սպառազինություն եմ ձեռք բերել հնդկաստան ինչ մասին բազմաթիվ հրապարակում եմ լինել հնդկական մամուլ ինչպես նաև Ֆրանսիա որ վերաբերյալ Հայաստան ու Ֆրանսիա թվական ստորագրել եմ մի շարք պայմանագիր,11,196
https://armenpress.am/hy/article/1251257,2026-05-26 18:40:00,Արարատ Միրզոյան հիվանդ երևակայություն արդյունք որակել Հայաստան հազար ադրբեջանցի բնակեցում մասին թեզ,Հայաստան հազար ադրբեջանցի բնակեցում մասին թեզ հիվանդ երևակայություն արդյունք եմ Արմենպրես ը փոխանցում մայիս լրագրող հետ հանդիպում այդ մասին ասել ՀՀ արտաքին գործ նախարար Արարատ Միրզոյան արձագանքել ընդդիմադիր քաղաքական ուժ կողմից շրջանառել թեզ թե իբր առաջիկա խորհրդարանական ընտրություն գործել իշխանություն վերընտրվել դեպք հազար ադրբեջանցի եմ բնակեցել Հայաստան դե ինչ ևս մեկ անգամ ասել եմ Հայաստան հազար ադրբեջանցի բնակեցում մասին թեզ հիվանդ երևակայություն արդյունք եմ անմտություն եմ ավելին մենք հերքում հետո դա նորից կրկնել երկու բան մասին եմ խոսել կամ կրկնող եմ հասկանալ ընդհանրապես տարրական ուղեղ բջիջ մակարդակ եմ հասկանալ թե ինչ եմ ասել կամ երկրորդ սրիկայություն եմ որովհետև չարամտորեն կրկնել եմ այն ինչ կամ փորձել մանիպուլանալ մարդ համար զգայուն հարց փորձել իհարկե անօգուտ սեղմել հասարակություն համար ցավոտ կետ վրա ընդ որ ես գիտել այդ մարդ որ անընդհատ այս անհեթեթություն կրկնել եմ նա շահ տեսանկյուն որ եմ ավելի լավ պատճառ այն որ ինքը դա կրկնել եմ որովհետև եմ հասկանալ թե այն որ ինքը կրկնել եմ որովհետև չարամիտ մտադրություն ունեմ հարգելի հայրենակից Հայաստան հազար ադրբեջանցի բնակեցում մասին թեզ հիվանդ երևակայություն արդյունք եմ անհեթեթություն և սրիկայություն ասել եմ Միրզոյան արձագանքել լրագրող մեկը հարց թե իսկ քանի ադրբեջանցի բնակեցում մասին եմ խոսք գնալ Միրզոյան պատասխանել եմ ոչ մի գործել իշխանություն վերընտրվել դեպք իբր հազար ադրբեջանցի Հայաստան բնակեցնել թեզ ակտիվորեն շրջանառել եմ ընդդիմադիր ուժեղ Հայաստան և Հայաստան դաշինք ներկայացուցիչ Հայաստան վարչապետ Նիկոլ Փաշինյան մի քանի անգամ հերքել եմ այդ հայտարարություն շեշտել որ Հայաստան և Ադրբեջան միջև բանակցություն նման հարց երբեք եմ քննարկել ու եմ քննարկել չնայած հերքում ընդդիմադիր ուժ ներկայացուցիչ ակտիվորեն շարունակել եմ շրջանառել այդ թեզ պատրաստել ու տարածել նաև արհեստական բանականություն գեներացնել հոլովակ,12,259
https://armenpress.am/hy/article/1251255,2026-05-26 18:16:00,ը գլխավոր տնօրեն Ռալֆ Յիրիկյան մասնակցել եմ համաժողով,ը աջակցություն և մեդիամաք մեդիա ընկերություն նախաձեռնություն անցկացնել համաժողով նվիրվել բարեգործություն կորպորատիվ սոցիալական պատասխանատվություն ԿՍՊ և հանրօգուտ ներդրում վերաբերել հարց միջոցառում համախմբել եմ բիզնես հասարակական և կրթական ոլորտ ներկայացուցիչ քննարկել Հայաստան պատասխանատու բիզնես դեր ու ապագան համաժողով բացում զրույց հյուր եմ ը գլխավոր տնօրեն Ռալֆ Յիրիկյան որ մեդիամաք ը տնօրեն Արա Թադևոսյան հետ քննարկել Հայաստան ԿՍՊ մշակույթ ձևավորում բիզնես սոցիալական դերակատարություն և երկարաժամկետ ազդեցություն ունենալ նախաձեռնություն կարևորություն թեմա կորպորատիվ սոցիալական պատասխանատվություն մենք համար երբեք եմ լինել պարզապես բարեգործություն կամ առանձին նախաձեռնություն շարք այն ը արժեքային համակարգ և երկարաժամկետ ռազմավարություն կարևոր մաս եմ մենք համոզված եմ որ ժամանակակից բիզնես պետք եմ ոչ միայն զարգանալ տեխնոլոգիա այլ նաև ներդր կատարել երիտասարդ կրթություն բնապահպանություն և համայնք ապագա մեջ այսօր հասարակություն բիզնես ակնկալել եմ ոչ միայն ծառայություն այլ նաև պատասխանատու վերաբերմունք և իրական ազդեցություն մենք հավատել եմ որ կայուն և ուժեղ ընկերություն ձևավորվել եմ այն ժամանակ երբ բիզնես աճ զուգահեռ ստեղծել եմ մնայուն արժեք նշել եմ ը գլխավոր տնօրեն Ռալֆ Յիրիկյան համաժողով ընթացքում անդրադարձ եմ կատարել նաև ԿՍՊ ոլորտ էվոլյուցիա բարեգործություն և համակարգային սոցիալական պատասխանատվություն տարբերություն ինչպես նաև պետություն մասնավոր հատված համագործակցություն կարևորություն երկրորդ պանելային քննարկում նվիրվել եմ բիզնես և մշակույթ համագործակցություն որտեղ քննարկել մշակութային նախաձեռնություն աջակցություն ժամանակակից մոտեցում ու գործընկերություն մոդել որոշել մեկ հարթակ խոսել բարեգործություն կորպորատիվ սոցիալական պատասխանատվություն և հանրօգուտ ներդրում մասին որովհետեւ կարծել եմ որ այս երեք պետք եմ փոխլրանալ միմյանց այլ ոչ թե մրցակցել լեգիտիմություն համար ասել եմ մեդիամաքս տնօրեն Արա Թադևոսյան վերջին տարի ը հետևողականորեն իրականանալ եմ լայնածավալ ԿՍՊ ծրագիր տեխնոլոգիական և կրթություն զարգացում շրջակա միջավայր պահպանություն և համայնքային նախաձեռնություն ուղղություն ընկերություն համագործակցել եմ տեղական և միջազգային գործընկեր հետ աջակցել երիտասարդ կրթական և մասնագիտական զարգացում նորարարական ծրագիր և մարզային համայնք ներուժ ամրապնդում ը օպերատոր եմ Հայաստան կրքոր շարժական ինտերնետով և լավ ֆիքսվել ցանց ը թվական կիսամյակ տվյալ հիմն վրա որ առաջարկել եմ ինտերնետ և հեռուստատեսություն ֆիքսվել և շարժական կապ ծառայություն ինչպես նաև կոնվերգենտ փաթեթ,8,305
https://armenpress.am/hy/article/1251192,2026-05-26 13:35:00,վարդենիկ ոռոգում ջրատար ցանց կառուցում աշխատանք մոտենալ եմ ավարտ,գեղարքունիք մարզ Մարտուն համայնք Վարդենիկ գյուղ ՀՀ կառավարություն կողմից իրականանալ սուբվենցիոն ծրագիր շրջանակ ավարտ եմ մոտենալ ոռոգում ցանց կառուցում աշխատանք ինչպես Արմենպրես ը տեղեկանալ Մարտունի համայնքապետարան աշխատակազմ Վարդենիկ ոռոգում ջրատար ցանց կառուցում ծրագիր պայմանագրային արժեք կազմ եմ միլիոն հազար դրամ որ տոկոս հատկացնել եմ ՀՀ կառավարություն տոկոս Մարտունի համայնքապետարան ծրագիր նախատեսել եմ ոռոգում ջրատար արտաքին ու ներքին ցանց կառուցում Փոցխա առու հատված Կամո Շահինյան և մի քանի այլ փողոց գծամետր երկարություն երկաթբետոնե կիսախողովակ շինարարական աշխատանք մեկնարկել եմ թվական նոյեմբեր և արդեն իրականանալ եմ շուրջ տոկոս ծրագիր իրականացում արդյունք այս տարի ոռոգում շրջան մեկնարկ ոռոգում ջուր Վարդենիկ շուրջ տնտեսություն ոռոգում ջուր մատակարարել անկորուստ ժամանակին,9,103
https://armenpress.am/hy/article/1251258,2026-05-26 18:42:00,ԱԳ նախարար հազվագյուտ հանքանյութ ոլորտ Հայաստան ԱՄՆ համագործակցություն կոնկրետ արդյունք եմ ակնկալել,Հայաստան և ԱՄՆ միջև կարևոր հանքանյութ և հազվագյուտ հանածոն արդյունահան ու մշակում ոլորտ ստորագրել հուշագիր միայն սկիզբ եմ և առաջիկա հնարավոր եմ արդեն կոնկրետ ներդրումային ու գործնական դրսևորում Արմենպրես ը հաղորդում լրագրող հետ ճեպազրույց այս մասին ասել եմ ՀՀ արտաքին գործ նախարար Արարատ Միրզոյան պատասխանել լրագրող հարց Հայաստան և ԱՄՆ միջև կարևոր հանքանյութ և հազվագյուտ հանածոն արդյունահան և մշակում ոլորտ համագործակցություն վերաբերյալ այո կարևոր հանքանյութ և հազվագյուտ հանածոն վերաբերյալ փաստաթուղթ հուշագիր եմ և դա պետք եմ հետևել տարբեր կոնկրետ պայմանավորվածություն տարբեր կոնկրետ գործարք ինչպես հաճախ եմ լինել դեռ թանաք թուղթ վրա չորանալ ունենալ եմ քննադատություն և կասկածամտություն տեղատարափ երբ մատնանշվել եմ թե սա ընդամենը հուշագիր եմ ոչինչ եմ աշխատել սակայն հիշել որ անցնել տարի օգոստոս արհեստական բանականություն և կիսահաղորդիչ վերաբերյալ ստորագրել հուշագիր շատ անցնել մենք տեսնել կիսահաղորդիչ մուտք Հայաստան և այդ շրջանակ արհեստական բանականություն տվյալ կենտրոն շուրջ գործունեություն ծավալում նշել եմ ՀՀ արտաքին գործ նախարար նա խոսք կարևոր հանքանյութ և հազվագյուտ հանածոն վերաբերյալ ևս կառավարություն միջավայր եմ ստեղծել պայման եմ ձևավորել կանոն եմ սահմանել և ուղերձ հղել ինքը բիզնես նշել որ ջանք գործադրել համագործակցություն հեշտացնել համար եմ թաքչել արդեն կամ նախնական պատկերացում ներդրում ոլորտ բայց հիմա եմ շտապել դա բարձրաձայնել որովհետև դա դեռ նախնական միտք փոխանակություն փուլ եմ թող խոսակցություն կենտրոնանալ ընկերություն երկուստեք հետաքրքրություն շոշափել բայց համարձակվել ասել որ առաջիկա կարևոր հանքանյութ և հազվագյուտ հանածոն պարագա ևս տեսնել շատ կոնկրետ դրսևորում ասել եմ Միրզոյան ավելի վաղ Հայաստան և ԱՄՆ շրջանակային հուշագիր եմ ստորագրել կարևոր հանքանյութ և հազվագյուտ հանածոն արդյունահան և մշակում ոլորտ մատակարարում ապահովում վերաբերյալ հուշագիր ստորագրվել եմ ԱՄՆ պետքարտուղար Մարկո Ռուբիո Երևան կատարել այց շրջանակ,12,256
https://armenpress.am/hy/article/1251243,2026-05-26 17:38:00,ԱՄՆ պետքարտուղար անդրադառնալ եմ ՀՀ հետ հազվագյուտ հանածոն ոլորտ գործակցություն նշանակություն,այն երկիր որ ունեմ օգտակար հանածոն կամ դա ձեռք բերել վերամշակել հնարավորություն դար հետ մնալ տեխնոլոգիական նորարարություն կենտրոն լինել Արմենպրես ը փոխանցում այս մասին Երևան հայտարարել եմ Ամերիկա միացյալ նահանգ պետական քարտուղար Մարկո Ռուբիո անդրադառնալ Հայաստան և ԱՄՆ միջև ստորագրել կարևոր հանքանյութ և հազվագյուտ հանածոն արդյունահան և մշակում ոլորտ մատակարարում ապահովում վերաբերյալ շրջանակային հուշագիր կարևորություն ամբողջ աշխարհ ամեն օր տեսնել եմ որ կրքոր օգտակար հանածոն որ մասին ընդամենը տարի առաջ ոչ ոք եմ խոսել այսօր անհրաժեշտ եմ բոլոր նոր տեխնոլոգիա բոլոր նորարարություն համար որ այսօր գոյություն ունեմ դար անհրաժեշտ լինել ոչ միայն ունենալ այդ օգտակար հանածոն այլև ունենալ դա օգտակար ապրանք վերամշակել ունակություն ինչ կարևոր նշանակություն ունեմ ապագա բարգավաճում համար և այն երկիր որ ունակ եմ դա կարողանալ ձեռք բերել տնտեսական անկախություն և դար հայտնվել նորարարություն կենտրոն իսկ նա որ հետ եմ մնալ տուժել դա պատճառով մենք կարողանալ միասին աշխատել որպեսզի մենք երկու երկիր մենք երկու տնտեսություն ապահովել այդ կարևոր օգտակար հանածոն հասանելիություն այնպես որ դա ոչ միայն ֆինանսապես շահավետ լինել մենք երկիր համար այլև նպաստ նորարարություն այն ցիկլ որ այդքան կարևոր նշանակություն ունենալ դար համար նշել եմ Ռուբիո Հայաստան Ամերիկա միացյալնահանգներըշրջանակայինհուշագիրենստորագրելկարևորագույնհանքանյութերիևհազվագյուտհանածոներիարդյունահանմանևմշակմանոլորտումմատակարարմանապահովմանվերաբերյալ հուշագիրըստորագրվելէամնպետքարտուղարմարկոռուբիոյի երևանկատարածայցիշրջանակներում հայկականկողմիցհուշագիրըստորագրելէհհագնախարարարարատ Միրզոյան ամերիկյանկողմ ԱՄՆպետքարտուղար ՄարկոՌուբիո,11,189
https://armenpress.am/hy/article/1251188,2026-05-26 13:24:00,լիճք թվական սոցիալական տնտեսական և կենսական նշանակություն ծրագիր եմ իրականանալ,գեղարքունիք մարզ Մարտուն համայնք լիճք գյուղ թվական ՀՀ կառավարություն կողմից իրականանալ սուբվենցիոն ու պետական ծրագիր շրջանակ սոցիալական տնտեսական և կենսական նշանակություն ծրագիր եմ իրականանալ որ ուղղություն կատարել կապիտալ ներդրում ընդհանուր գումար կազմել եմ միլիարդ միլիոն հազար դրամ ինչպես Արմենպրես ը տեղեկանալ եմ Մարտունի համայնքապետան սուբվենցիոն ծրագիր ուղղություն կատարել կապիտալ ներդրում կազմել եմ միլիարդ միլիոն դրամ պետական ծրագիր ուղղություն կատարել ներդրում միլիոն հազար դրամ իրականանալ սուբվենցիոն ծրագիր կառուցել եմ մետր երկարություն խմել ջրատար արտաքին ու ներքին ցանց աղբյուրակապ և օր կարգավորիչ ջրամբար մետր ոռոգում ջրատար ցանց մետր արտաքին լուսավորություն ցանց մանկապարտեզ խաղահրապարակ հիմնանորոգվել եմ մշակույթ տուն և գծամետր ներհամայնքային նշանակություն ճանապարհ պետական ծրագիր շրջանակ միլիոն հազար դրամ ներդրում միակողման սալիկապատ մայթ եմ կառուցել Երևան Վարդեն մայրուղի Լիճք բնակավայր անցնել հատված շուրջ մետր երկարություն,10,122
https://armenpress.am/hy/article/1251236,2026-05-26 17:22:00,այստեղ եմ առաջ տանել ԱՄՆ նախագահ և ՀՀ վարչապետ ապագա տեսլական Մարկո Ռուբիո Երևան,Ամերիկա միացյալ նահանգ պետքարտուղար Մարկո Ռուբիո խիզախ ճանապարհ եմ համարել Հարավա Կովկաս խաղաղություն ուղղել Հայաստան ջանք որ աջակցել եմ նաև միացյալ նահանգ Արմենպրես ը փոխանցում այս մասին Ռուբիո հայտարարել Հայաստան կատարել այց ընթացքում ուրախ եմ որ այսօր այստեղ եմ որպեսզի շարունակել առաջ տանել նախագահ Թրամփի և վարչապետ խումբ նկատի ունեմ ՀՀ վարչապետ Նիկոլ Փաշինյան ապագա տեսլական սա խիզախ ճանապարհ եմ խիզախ ճանապարհ դեպի խաղաղություն հարավային Կովկաս որ հաստատել եմ անցյալ տարի օգոստոս Վաշինգտոն ես համար պատիվ եմ այսօր այստեղ միանալ արտաքին գործ նախարար խմբ նկատի ունեմ Հայաստան արտաքին գործ նախարար Արարատ Միրզոյան ստորագրել այս երկկողմ համաձայնագիր միջազգային խաղաղություն և բարգավաճ տանել երթուղի կամ ինչպես նա անվանել եմ մասին այս համաձայնագիր նշանավորել եմ այս պատմական ուղի Հայաստան կյանք կոչել և անկեղծ ասել ողջ տարածաշրջան խաղաղություն առաջ մղել և բարեկեցություն բարձրանալ մենք այսօր մեծ քայլ նշել Ռուբիո Հայաստան հանրապետություն արտաքին գործ նախարար Արարատ Միրզոյան ու Ամերիկա միացյալ նահանգ պետքարտուղար Մարկո Ռուբիոննախաստորագրելեն թրամփիուղ հանունմիջազգայինխաղաղությանևմիջազգայինբարգավաճման նախագծիվերաբերյալռազմավարականհամագործակցությանմասինշրջանակայինհամաձայնագիրը,14,152
https://armenpress.am/hy/article/1251256,2026-05-26 18:22:00,Միրզոյան վերահաստատեց որ ՀՀ եմ ցանկանալ լարվածություն մտցնել Ռուսաստան հետ հարաբերություն,ՀՀ արտաքին գործ նախարար Արարատ Միրզոյան վերահաստատեց որ Հայաստան իշխանություն որևէ ցանկություն ունեմ լարվածություն մտցնել Ռուսաստան հետ հարաբերություն Արմենպրես ը հաղորդում Արարատ Միրզոյան Հայաստան Ռուսաստան հարաբերություն ներկա վիճակ հարց անդրադառնալ եմ մայիս ասուլիս մենք ընդհանրապես որևէ ցանկություն ունեմ լարվածություն մտցնել Հայաստան Ռուսաստան հարաբերություն քաղաքական երկխոսություն մեջ տնտեսական հարաբերություն ոչ ուղիղ ոչ էլ բազմակել հարթակ մենք համագործակցություն մեջ ԵԱՏՄ ԱՊՀ այլուր բոլոր այն խնդիր որ առաջանալ եմ կամ կարող եմ առաջանալ իսկ խնդիր բոլոր հնարավոր հարաբերություն ժամանակ առ ժամանակ առաջանալ եմ հույս ունեմ և տրամադրել եմ առողջ կառուցողական գործընկերային մթնոլորտ քննարկել ու գտնել լուծում ասել Միրզոյան նա դիտարկում հակվածություն կամ Հայաստան Ռուսաստան որոշ ապրանք արտահանում խնդիր կապել երկու երկիր հարաբերություն Հայաստան պրոեվրոպական պրոարևմտյան քաղաքականություն կամ ընտրություն հետ սակայն այդպիսի խնդիր միշտ էլ լինել եմ ըստ Միրզոյան ջանք գործադրել դեպք յուրաքանչյուր կարող եմ գտնել Հայաստան Ռուսաստան միրգ բանջարեղեն կամ ալկոհոլային խմիչք արտահանում խնդիր նաև տարի առաջ արտգործնախար միաժամանակ ընդգծել որ ՀՀ հրապարակային բազմիցս հայտարարել եմ տնտեսական դիվերսիֆիկացում անհրաժեշտություն մասին Դիվերսիֆիկացիա մենք անհրաժեշտ եմ և մենք պետք եմ շարունակական քայլ ձեռնարկել նոր շուկա սպառում շուկա մատակարարում աղբյուր գտնել համար ընդհանրացնել Միրզոյան,11,178
https://armenpress.am/hy/article/1251191,2026-05-26 13:30:00,տնտեսագիտություն արդի հիմնահարց նվիրվել գիտաժող ԳՊՀ,Գավառ պետական համալսարան ամենամյա միջազգային գիտաժողով բաժանմունք տեղ ունենալ քննարկում նվիրել եմ տնտեսագիտություն արդի հիմնահարց ինչպես Արմենպրես ը տեղեկանալ Գավառ պետական համալսարան արտաքին կապ և լրատվություն բաժին գիտաժողով աշխատանք ղեկավարել եմ ԳՊՀ կառավարում և ֆինանս ամբիոն վարիչ տնտեսագիտություն թեկնածու դոցենտ Սամվել Ամիրխանյան ով հանդես եմ գալ հանքարդյունաբեր կազմակերպություն գործունեություն կառավարում գնահատում և բարելավում ուղի Զանգեզուր պղնձամոլիբդենային կոմբինատ ՓԲԸ օրինակ թեմայ ԳՊՀ տնտեսագիտություն բաժին կուրս ուսանողուհի Արմինե Սաֆոյան համահեղինակություն ներկայանալ զեկուց ԳՊՀ հաշվապահական հաշվառում ամբիոն վարիչ տնտեսագիտություն թեկնածու դոցենտ Հակոբ Ղուլոյան անդրադառնալ եմ տարածաշրջանային բարձր ուսումնական հաստատություն դեր և տվյալ տարածաշրջան կանաչ տնտեսություն ու կայուն զարգացում վրա ազդեցություն կանաչ տնտեսություն ընդհանուր բնութագիր և անցում հիմնախնդիր վերաբերյալ բովանդակալ զեկուցում եմ ներկայանալ ԳՊՀ կառավարում և ֆինանս ամբիոն և ՀԱՊՀ դասախոս տնտեսագիտություն թեկնածու դոցենտ Դավիթ Անդրոյան Հայաստան հանրապետություն կանաչ տնտեսություն զարգացում հեռանկար վերաբերյալ համահեղինակություն պատրաստել եմ զեկուցում նաև Սամվել Ամիրխանյան և ԳՊՀ ֆինանս բաժին կուրս ուսանողուհի Անահիտ Ասատրյան Հայաստան հանրապետություն ֆինանսական խարդախություն հիմնախ եմ նվիրել ԳՊՀ հաշվապահական հաշվառում ամբիոն դասախոս տնտեսագիտություն թեկնածու դոցենտ Կարեն Մամիկոնյան զեկուցում կրիպտոակտիվ կարգավորում Հայաստան եմ և ԱՄՆ փորձել համեմատական վերլուծություն թեմայ զեկուցում հանդես եմ գալ ՀՊՏՀ տեղեկատվական համակարգ և տեղեկատվական տեխնոլոգիա բիզնես ամբիոն ասպիրանտ Լևոն Արքելաթյան գիտական հոդված համահեղինակ եմ նույն ամբիոն վարիչ Արմեն Ղազարյան ԳՊՀ կառավարում և ֆինանս ամբիոն դասախոս Աստղիկ Հովեյան անդրադառնալ եմ համայնքային զարգացում հիմնախնդիր վերլուծություն և զարգացում հեռանկար գնահատում արժեշղթա կիրառում մոդելի շրջանակ ՀՀ արդյունաբերություն դա զարգացում միտում եմ նվիրել ԳՊՀ հաշվապահական հաշվառում ամբիոն դասախոս Վալեր Առաքելյան և Սևակ Մարկոսյան համահեղինակություն պատրաստել զեկուցում ամբողջական արդյունքային լուծում մեջ իրականություն նայել հնարավոր տարբերակ մեկը գավառ համայնք Երևան հետ համեմատություն օրինակ թեմայ հանդես եմ գալ ՀՊՏՀ ֆինանս ամբիոն դասախոս տնտեսագիտություն թեկնածու դոցենտ Արմինե Սչանյան զեկուցում ուղեկցել եմ բովանդակալ քննարկում ներկայանալ առաջարկություն օգտակար լինել ձեռնարկություն կազմակերպություն համայնք հետագա գործունեություն ավելի արդյունավետ կազմակերպել կանաչ տնտեսություն անցում հիմնախնդիր գիտականորեն վերլուծել առում ինչպես նաև օգնել բակալավրիատ և մագիստրատուրայի ուսանող գիտահետազոտական աշխատանք կատարելիս նշել եմ գիտաժողով աշխատանք ղեկավարել սամվել Ամիրխանյան,6,307
https://armenpress.am/hy/article/1251204,2026-05-26 15:12:00,Ռուսաստան նպատակամղվել եմ զարգանալ Հայաստան հետ տնտեսական և հումանիտար հարաբերություն զախարովա,Ռուսաստան նպատակամղվել եմ զարգանալ տնտեսական և հումանիտար համագործակցություն Հայաստան հետ Արմենպրես ը փոխանցում լրագրող այդ մասին ասել եմ ՌԴ ԱԳՆ պաշտոնական ներկայացուցիչ Մարիա Զախարովա Ռուսաստան նպատակամղվել եմ զարգանալ տնտեսական և հումանիտար հարաբերություն Հայաստան հետ մենք նպատակամղվել եմ փոխադարձ հարգանք հիմն վրա այս տարածաշրջան անվտանգություն մարտահրավեր հետ կապվել հարց լուծում ասել եմ Մարիա Զախարովա,11,53
https://armenpress.am/hy/article/1251197,2026-05-26 14:45:00,ՀՖՀՀ և միասին հիմնադրամ ծառատունկ իրականանալ Արփի լիճ տարածք հիմք դնել զարգացում նոր ծրագիր,համագործակցություն որ շնորհիվ իրականանալ փոքր քայլ շնորհիվ իրականություն եմ դառնալ մեծ երազանք Հայաստան ֆրանսիական համալսարան ՀՖՀՀ միասին հիմնադրամ հետ համագործակցություն Շիրակ մարզ Արփի լիճ տարածք ծառատունկ իրականանալ մեկնարկ տալ տարածաշրջան զարգացում ուղղել երկարաժամկետ նախաձեռնություն Արմենպրես ը հաղորդում միջոցառում նվիրվել եմ ՀՖՀՀ և համընկել եմ կենսաբազմազանություն միջազգային օր հետ Հայաստան ֆրանսիական համալսարան ռեկտոր Սալվա Նակուզին նշել որ նման նախաձեռնություն կարևոր եմ ուսանող քաղաքացիական պատասխանատվություն ձևավորում համար մենք ակադեմիական շրջանակ դուրս եմ գալ որպեսզի իրականանալ քաղաքացիական պատասխանատվություն գործողություն այսպիսի իրավիճակ նաև ավելի լավ եմ ճանաչել մենք ուսանող բացահայտել եմ որ ունեմ ուսանող որ գիտել ծառ տնկել հասկանալ եմ այգեգործություն և մեծ ներդր եմ ունենալ նման նախաձեռնություն ասել նա ռեկտոր խոսք ծրագիր կարևոր բաղադրիչ մեկը էլ ուսանող Հայաստան տարբեր տարածաշրջան ծանոթանալ եմ կամ Հայաստան մի հատված որ մենք ուսանող լավ եմ ճանաչել այս նախաձեռնություն ևս մեկ անգամ ցույց եմ տալ նման տարածաշրջան զարգացում անհրաժեշտություն որովհետև այս տարածք շատ խոստումնալից ապագա ունեմ մենք ուսանող հետագա կարող եմ դառնալ նախաձեռնող ձեռնարկատեր աշխատել ասոցիացիա և ինքը պետք եմ տեղյակ լինել թե ինչ եմ կատարել ինչ հնարավորություն կամ և հասկանալ որ նման տարածք պետք եմ զարգացում ծրագիր իրականանալ նշել Սալվա Նակուզին նա անդրադառնալ նաև միասին հիմնադրամ հետ համագործակցություն ընդգծել որ հիմնադրամ արդեն մի քանի տարի հյուրընկալ եմ համալսարան պրակտիկանտ Շվեյցարիա մենք նպատակ նույնը եմ երիտասարդ հնարավորություն տալ զարգանալ ինքը հմտություն բացահայտել և սովորել նոր մասնագիտական կարողություն արտասահման որպեսզի հետո դա կիրառել Հայաստան միասին հիմնադրամ հիմնադիր նախագահ Աստղիկ Մառանջյան նույնիսկ ինքը տուն եմ հյուրընկալ մենք ուսանող երբ իմանալ որ նա արփի լիճ տարածք նման նախագիծ եմ իրականանալ ցանկություն հայտնել միանալ ասել ռեկտոր նա նաև նշել որ միջոցառում խորհրդանշական եմ քանի որ անցկացնել եմ կենսաբազմազանություն միջազգային օր մայիս և համընկնել եմ Հայաստան կենսաբազմազանություն տարի նվիրվել միջոցառում հետ միասին հիմնադրամ հիմնադիր նախագահ Աստղիկ Մառանջյան ներկայանալ հիմնադրամ գործունեություն նշել որ այն ստեղծվել եմ թվական համախմբել նույն արժեք կրել մարդ մինչև թվական հիմնականում բարեգործական ծրագիր եմ իրականանալ սակայն ցանկանալ եմ շեշտ դնել այն փաստ վրա որ Հայաստան այլևս հումանիտար օգնություն կարիք ունեմ այլ զարգացում ծրագիր ասել նա Մառանջյան խոսք Շվեյցարիա փորձ գյուղական տուրիզմ և սոցիալական ձեռնարկատիրություն ոլորտ փորձել եմ կիրառել նաև Հայաստան նա պատմել որ թվական ստեղծվել եմ Աշկերտ տուն Գյումրիում որտեղ իրականանալ եմ աշխատանք վրա հիմնվել ուսուցում հացթում խոհարարություն հյուրանոցային բիզնես և այլ մասնագիտություն ուղղություն անդրադառնալ արփի լիճ ծրագիր Մառանջյան նշել որ այն ծնվել եմ պատերազմ տուժել ընտանիք հետ աշխատանք արդյունք տղա մի քանիսը ապրել եմ արփ լիճ շրջակայք և մենք հրավիրել այցելել երբ գալ հասկանալ որ սա աշխարհ կրքոր վայր մեկը եմ բայց չափազանց դժվար պայման այդ ժամանակ որոշել որ պետք եմ ինչ որ բան անել ասել նա Աստղիկ Մառանջյան խոսք ծրագիր նպատակ տարածաշրջան զբոսաշրջային և էկոլոգիական կենտրոն դառնալ եմ մենք գաղափար եմ հայկական Սիբիր դառնալ Լապլանդիա այս տարածաշրջան ցուրտը պետք եմ դառնալ ուժեղ կողմ նախատեսել եմ ստեղծել ցրտադիմացկուն ծառ այգ զարգանալ ձմեռային սպորտ ինչպես նաև կազմակերպել դեղաբույս մշակում և գյուղական կյանք հետ կապվել ուսումնական ծրագիր ձմեռ ցանկանալ եմ այստեղ ստեղծել նաև ձմեռ պապիկ տուն որպեսզի ընտանիք գալ և բացահայտել այս վայր ասել Մառանջյան նա ընդգծել որ Ֆրանսիական համալսարան մասնակցություն կարևոր նշանակություն ունեմ ծրագիր համար սա առաջին լուրջ աջակցություն մեկը եմ և առաջին ներդրող հետո մյուս միանալ ավելի հեշտ եմ լինել շատ շնորհակալ եմ համալսարան որովհետև այս ուսանող շատ երբևէ Շիրակ մարզ եմ լինել ուսանող ևս ընդգծել ծրագիր կարևորություն նշել որ այն հնարավորություն եմ տալ սեփական ներդրում ունենալ Հայաստան գյուղ զարգացում գործ ՀՖՀՀ ուսանողական խորհուրդ փոխնախագահ ինֆորմատիկա և կիրառական մաթեմատիկա ֆակուլտետ կուրս ուսանող Կարապետ Հովհաննիսյան խոսք նման նախագիծ կարևոր եմ ուսանող համար ուսանող ինքը կարևոր եմ զգալ որովհետև հասկանալ եմ որ այս ամենը մի մաս եմ կազմ սա ազգանվեր գործ եմ որ նպաստել եմ որպեսզի մարզ զարգանալ և ավելի ճանաչելի դառնալ Հայաստան մենք մոտ ամեն ինչ հիմնականում կենտրոնանալ եմ Երևան իսկ նման ծրագիր հնարավորություն եմ տալ ուշադրություն դառնալ նաև մարզ ասել նա Հովհաննիսյան նշել որ պատրաստ եմ ապագա ևս ներգրավել նման նախաձեռնություն և տարածել դա մասին տեղեկատվություն տարբեր հարթակ մարքեթինգ կուրս ուսանողուհի լուս Ադամյան որ մասնագիտական պրակտիկա եմ անցնել միասին հիմնադրամ Շվեյցարիա նշել որ այդ փորձառություն մեծ ազդեցություն եմ ունենալ ինքը մասնագիտական զարգացում վրա պրակտիկան մեծ ներդր ունեմ ես ապագա կարիերա շատ կարևոր մասնագիտական կապ և փորձ եմ ձեռք բերել իսկ նման ծրագիր կարևոր եմ ուսանողական կյանք համար որովհետև տարի անց հաճելի եմ հետ նայել ու ասել մենք էլ եմ այս ամենը մի մաս լինել ասել նա,14,697
https://armenpress.am/hy/article/1251245,2026-05-26 17:44:00,ԱԳՆ հրապարակել եմ ՀՀ և ԱՄՆ միջև կարևոր հանքանյութ արդյունահան վերաբերյալ հուշագիր տեքստ,Հայաստան արտաքին գործ նախարարություն հրապարակել եմ Հայաստան հանրապետություն և Ամերիկա միացյալ նահանգ միջև կարևոր հանքանյութ և հազվագյուտ հանածոն արդյունահան և մշակում ոլորտ մատակարարում ապահովում շրջանակային հուշագիր տեքստ հուշագիր ստորագրել եմ ՀՀ արտաքին գործ նախարար Արարատ Միրզոյան և ԱՄՆ պետքարտուղար Մարկո Ռուբիո Երևան մայիս Արմենպրես ը ՀՀ ԱԳՆ հրապարակել տեքստ ամբողջություն ներկայանալ եմ ստորև քանիորկարևորագույն հանքանյութ կենսական նշանակություն ունեմ առաջադեմ տեխնոլոգիա արտադրություն համար ՔանիորՀայաստան հանրապետություն կառավարություն և Ամերիկա միացյալ նահանգ այսուհետ միացյալ նահանգ կամ ԱՄՆ կառավարություն այսուհետ մասնակից նպատակ ունեմ աջակցել մշակվել և մշակվել կարևոր հանքանյութ մատակարարում որ կարևոր եմ երկու երկիր արտադրական և պաշտպանական արդյունաբերություն համար քանիորՄասնակից նախատեսել եմ իրականանալ դա տնտեսական քաղաքականություն գործիք և համակարգել ներդրում միջոցով արագանալ բազմազան իրացվելի և արդար շուկա զարգացում կարևոր հանքանյութ համար քանիորՄասնակից նպատակ աջակցել եմ երկու երկիր ապահովել կարևոր հանքանյութ մատակարարում շղթա դիմակայունություն և անվտանգություն ներառյալ արդյունահանում տարանջատում և մշակում ինքը համապատասխան տարածք քանիորՄասնակից մտադիր եմ օգտվել կարևոր հանքանյութ ներքին արդյունահան և մշակում ինքը ընթացիկ գործունեություն այդ թիվ թվական և դա հետո հասանելի նոր հզորություն ընձեռել հնարավորություն քանիորՄասնակից հասնել եմ կարևոր հանքանյութ արդյունահան և մշակում ոլորտ հետևյալ ընդհանուր քաղաքականություն շրջանակ վերաբերյալ փոխըմբռնում բաժ կարևորագույն հանքանյութ մատակարարում ապահովել մասնակից մտադիր եմ ուսումնասիրել համագործակցություն խորացում ուղի որպեսզի արագանալ առաջադեմ տեխնոլոգիա արտադրություն համար անհրաժեշտ կարևոր հանքանյութ ապահով մատակարարում ինքը համապատասխան արդյունաբերական բազա համար սա ներառել եմ առկա քաղաքականություն գործիքակազմ օգտագործում ինչպես նաև արդյունաբերական պահանջարկ և պահուստավորում ենթակառուցվածք մասնակից նաև ճանաչել եմ Թրամփի ուղի հանուն միջազգային խաղաղություն և բարգավաճում ԹՐԻՓՓ կարևորություն հարավային Կովկաս և կենտրոնական Ասիա կարևոր հանքանյութ տարանցում ապահովել գործ ներդրում արդյունահան մշակում և վերականգում մեջ մասնակից մտադիր եմ մոբիլիզանալ պետական և մասնավոր հատված աջակցություն ներառյալ կապիտալ և գործառնական ծախս երաշխիք վարկ բաժնետիրական ներդրում մատակարարում պայմանագիր վերջնականացում ապահովագրություն կամ կարգավորիչ դյուրացում միջոցով ազգային օրենսդրություն ու կարգավորում համապատասխան եմ ծրագիր ընտրություն մասնակից մտադիր եմ համատեղ կերպ նույնականանալ հետաքրքրություն ներկայանալ նախագիծ մատակարարում շղթա բաց հասցեագրել համար առաջնահերթություն տրվել եմ Հայաստան հանրապետություն տարանջատում վերամշակում ավելանալ արժեք ստեղծել մշակում կարողություն և հանք վերականգում ծրագիր բ Ֆինանսավորել սույն շրջանակային հուշագիր ամսաթ օր սկսած վեց ամիս ընթացքում մասնակից մտադիր եմ ուսումնասիրել միջոց հնարավորություն պարագա խթանել պոտենցիալ նշանակալի ֆինանսավորում տրամադրում յուրաքանչյուր երկիր իրականանալ ծրագիր համար որ արդյունք նախատեսել եմ արտադրել վերջնական արտադրանք միացյալ նահանգ և Հայաստան հանրապետություն գնորդ մատակարարել նպատակով գ ներդրումային աջակցություն մասնակից մտադիր եմ համատեղ աշխատել նոր կամ հատուկ մեխանիզմ ստեղծում վրա կարևոր հանքանյութ և հազվագյուտ հանածոն մատակարարում շղթա ամրապնդել համար դա ներառել եմ մեխանիզմ որ դյուրանալ Հայաստան հանրապետություն կազմակերպություն տեխնոլոգիա փոխանցում արդյունահան և մշակում արդյունավետություն բարձրանալ նպատակով դվական առաջնահերթ դիտարկել թեև յուրաքանչյուր մասնակից կարող եմ որոշել արդյոք որևէ նախագիծ նպատակահարմար եմ ներդր կատարել համար մասնակից ներքին օրենսդրություն համաձայն ակնկալել եմ ունենալ առաջնահերթ հնարավորություն իրականանալ ներդրում այն կարևոր հանքանյութ ակտիվ որ կարող եմ վաճառվել Հայաստան հանրապետություն կամ Հայաստան հանրապետություն գրանցել կամ կենտրոնակայան ունենալ ընկերություն կողմից թույլտվություն մասնակից մտադիր եմ դիտարկել այնպիսի միջոց ձեռնարկում որ ուղղել եմ թույլտվություն տրամադրում ժամկետ և գործընթաց արագացում պարզեցում կամ արդիականացում այդ թիվ կարևոր հանքանյութ և հազվագյուտ հանածոն արդյունահան տարանջատում և վերամշակում համար թույլտվություն ստանալ գործընթաց մաս ինքը համապատասխան ներքին կարգավորիչ համակարգ շրջանակ և կիրառելի օրենք համաձայն գնագոյացում մեխանիզմ մասնակից մտադիր եմ աշխատել պաշտպանել ինքը համապատասխան կարևոր հանքանյութ և հազվագյուտ հանածոն շուկա ոչ շուկայական քաղաքականություն և անարդար առևտրային պրակտիկա սա ներառել եմ ըստ անհրաժեշտություն քաղաքականություն մշակել գնալ շրջանակ ձևավորում համար որ թույլ տալ ունենալ բազմազանել թափանցիկ և դիմակայուն մատակարարում շղթա մասնակից նաև մտադիր եմ համագործակցել միջազգային գործընկեր հետ աջակցել պատասխանատու և դիմակայուն կարևոր հանքանյութ շուկա և հասցեագրել ոչ շուկայական քաղաքականություն համաձայն միջազգային պայմանագիր և այլ պարտադիր իրավական ուժ ունենալ բազմակել փաստաթուղթ շրջանակ ինքը ստանձնել պարտավորություն ակտիվ վաճառք մասնակից մտադիր եմ անցկացնել խորհրդակցություն ձևավորել նոր կամ ամրապնդել ազգային կարողություն և դիվանագիտական գործիք ազգային անվտանգություն հիմք կարևոր հանքանյութ և հազվագյուտ հանածոն ակտիվ վաճառք վերանայել կանխարգել կամ թույլատրել նպատակով թափոն վերամշակ և վերականգնել մասնակից մտադիր եմ խրախուսել ներդրում հանքանյութ վերամշակում տեխնոլոգիա և համատեղ աշխատել ապահովել կարևոր հանքանյութ և հազվագյուտ հանածոն թափոն կառավարում մատակարարում շղթա բազմազանեցում աջակցել նպատակով երրորդ կողմ հետ համագործակցություն մասնակից մտադիր եմ ըստ անհրաժեշտություն համագործակցել երրորդ կողմ հետ մատակարարում շղթա անվտանգություն ապահովել և առկա համագործակցություն մեխանիզմ օգտագործել նպատակով երկրաբանական քարտեզագիր և ինստիտուցիոնալ գործընկերություն մասնակից մտադիր եմ համագործակցել աջակցել Հայաստան հանրապետություն միացյալ նահանգ և փոխադարձաբար համաձայնել այլ վայր հանքային պաշար քարտեզագրում կարևոր հանքանյութ բազմազանել մատակարարում շղթա աջակցել նպատակով եմ կարողություն զարգացում մասնակից մտադիր եմ ստեղծել տեխնիկական գործընկերություն միացյալ նահանգ կառավարություն և Հայաստան հանրապետություն համապատասխան մարմին միջև աջակցել Հայաստան ազգային երկրաբանական ծառայություն ստեղծում և դա կարողություն զարգացում ակնկալել եմ որ այս համագործակցություն կենտրոնանալ հասանելի տվյալ և գիտական լավ փորձել փոխանակում տվյալ հավաքագրում չափանիշ արդիականացում և առաջադեմ երկրաբանական գնահատում մեթոդ անձնակազմ վերապատրաստում վրա բ տվյալ մասնակից մտադիր եմ տնօրինել մասնակից տարածք առնչվել բոլոր վերհանել երկրաբանական տվյալ կիրառելի օրենք համաձայն սույն շրջանակային հուշագիր նպատակ համար նման տվյալ ցանկացած փոխանակ կարգավորվել փոխադարձաբար համաձայնել տվյալ փոխանակում արձանագրություն որ հարգել մասնակից ազգային անվտանգություն և սեփականություն իրավունք աշխատուժ զարգացում սույն շրջանակային հուշագիր նպատակ աջակցել համար մասնակից մտադիր եմ հիմնել փոխանակում ծրագիր և վերապատրաստում նախաձեռնություն բարձրանալ հայ մասնագետ որակավորում ժամանակակից հանքարդյունաբերական ինժեներիա մետաղաձուլություն և շրջակա միջավայր կառավարում ոլորտ բաժ ընդհանուր դրույթ ծրագիր ավարտ հաջորդել վերլուծություն ակնկալել եմ որ մասնակից համապատասխան մարմին իրականանալ ծրագիր ավարտ հաջորդել վերլուծություն և դա իրագործում գնահատել վերլուծություն կոնկրետ բովանդակություն ձևավորվել մասնակից միջև նա համապատասխան ներքին օրենսդրություն համապատասխան հանդիպում մասնակից մտադիր եմ հանդիպել առցնել կամ ֆիզիկական ձևաչափ մյուս մասնակցի գրավոր խնդրանք ստանալ հետո օր ընթացքում կոնտակտային անձինք մասնակից մտադիր եմ ինքը համապատասխան հաստատություն ներս նշանակել կոնտակտային անձ սույն շրջանակային հուշագիր իրականացում համակարգում ապահովել համար դադարեց ցանկացած մասնակից կարող եմ դադարել ինքը մասնակցություն սույն շրջանակային հուշագիր մյուս մասնակց տրամադրել գրավոր ծանուցում եթե այլ բան նշել եմ նման դադարեցում ուժ մեջ մտնել գրավոր ծանուցում ստանալ հետո երեսուներորդ օր ոչ պարտադիր բնույթ սույն շրջանակային հուշագիր սահմանել եմ քաղաքականություն և ծրագրային գործողություն ծրագիր որ եմ ստեղծել կամ եմ հաստատել որևէ իրավունք կամ պարտավորություն ներքին կամ միջազգային իրավունք ներքո եմ առաջանալ որևէ իրավական վարույթ և եմ ստեղծել որևէ իրավաբանորեն պարտադիր կամ կիրառելի պարտավորություն բացահայտ կամ ենթադրյալ,13,947
https://armenpress.am/hy/article/1251224,2026-05-26 16:37:00,Հայաստան ու ԱՄՆ նախաստորագրել ԹՐԻՓՓ նախագիծ վերաբերյալ շրջանակային համաձայնագիր,Հայաստան ու Ամերիկա միացյալ նահանգ նախաստորագրել եմ Թրամփի ուղի հանուն միջազգային խաղաղություն և միջազգային բարգավաճում նախագիծ վերաբերյալ ռազմավարական համագործակցություն մասին շրջանակային համաձայնագիր Արմենպրես ը փոխանցում փաստաթուղթ նախաստորագրում տեղ եմ ունենալ ԱՄՆ պետքարտուղար Մարկո Ռուբիո Հայաստան այց շրջանակ հայկական կողմ փաստաթուղթ ստորագրել ՀՀ արտաքին գործ նախարար Արարատ Միրզոյան ամերիկյան կողմից ԱՄՆ պետքարտուղար Մարկո Ռուբիո,9,53
https://armenpress.am/hy/article/1251198,2026-05-26 14:17:00,հայ աշակերտ բրոնզե մեդալ եմ նվաճել կենսաբանություն միջազգային բաց օլիմպիադայում,Ռուսաստան դաշնություն Սոչի քաղաք Սիրիուս դաշնային տարածք տեղ ունենալ կենսաբանություն երկրորդ միջազգային բաց օլիմպիադայում հայ աշակերտ բրոնզե մեդալ եմ նվաճել Օլիմպիադայի մասնակցել եմ երկիր ավելի աշակերտ Արմենպրես ը փոխանցում այս մասին հաղորդագրություն եմ տարածել ՀՀ ԿԳՄՍ նախարարություն Հայաստան թիմ ներկայանալ եմ ԵՊՀ ՍԹԵՄ ավագ դպրոց դասարան աշակերտ Նարեկ Ղազարյան Մարիամ Գալստյան Նանե Անանիկյան Հերացի ավագ դպրոց դասարան աշակերտ Էդվին Շահինյան և դասարան աշակերտ Վերոնիկա Օհանյան Գյումրու Ֆոտոն վարժարան դասարան աշակերտ Մերի Նիկոլյան թիմ ղեկավարել եմ ԵՊՀ կենսաբանություն գիտահետազոտական ինստիտուտ կրտ գիտաշխատել ԵՊՀ ՍԹԵՄ ավագ դպրոց դասավանդլ Սյուզան Մարության Օլիմպիադան բաղկանալ եմ երեք փուլ տեսական անհատական գործնական անհատական և նախագծային թիմային ԵՊՀ ՍԹԵՄ ավագ դպրոց և Հերացի ավագ դպրոց աշակերտ արժանանալ եմ բրոնզե մեդալ կենսաբանություն առաջին միջազգային բաց օլիմպիադայում ՀՀ թիմ արժանանալ եմ բրոնզե մեդալ,10,124
https://armenpress.am/hy/article/1251251,2026-05-26 18:04:00,Միրզոյան կարևորել եմ Հայաստան դեր կիսահաղորդիչ և կրիտիկական մետաղ մատակարարում նոր շղթա,Հայաստան պատմական հնարավորություն ունեմ դառնալ նոր մատակարարում ճանապարհ և լոգիստիկ ուղի կարևոր հանգույց մեկը Արմենպրես ը հաղորդում լրագրող հետ ճեպազրույց այս մասին ասել եմ արտաքին գործ նախարար Արարատ Միրզոյան պատասխանել լրագրող հարց Հայաստան և ԱՄՆ միջև կարևոր հանքանյութ և հազվագյուտ հանածոն արդյունահան և մշակում ոլորտ համագործակցություն վերաբերյալ նա նշել եմ որ այդ ոլորտ հայ ամերիկյան հարաբերություն նոր ուղղություն եմ ինչ վերաբերել եմ կարևոր հանքանյութ և հազվագյուտ հանածոն արդյունահան և մշակում ոլորտ ապա դուք իրավացի եմ սա միանգամայն նոր ոլորտ եմ որտեղ միացյալ նահանգ և Հայաստան համագործակցություն եմ սկսել ասել եմ Միրզոյան նա խոսք անցնել տարի օգոստոս Վաշինգտոն ստորագրել համագործակցություն հուշագիր հետո տարբեր ուղղություն համագործակցություն սկսել եմ արագ զարգանալ ԱԳ նախարար հիշել եմ ենթակառուցվածք ծրագիր էներգետիկա արհեստական բանականություն և կիսահաղորդիչ ոլորտ ձեռք բերել պայմանավորվածություն մասին առանձնանալ նաև ամերիկյան ընկերություն մասնակցություն գործընթաց որ նա խոսք կարևոր նշանակություն ունեմ ընկերություն համար Միրզոյան նշել եմ նաև որ ավարտվել եմ համաձայնագիր տեքստ շուրջ բանակցություն ինչ հնարավորություն տալ սկսել համագործակցություն միջուկային էներգետիկա ոլորտ նա խոսք այժմ համագործակցություն նոր ուղղություն եմ դառնալ նաև հազվագյուտ մետաղ ոլորտ այս հազվագյուտ մետաղ ծայրահեղ կարևոր եմ շատ կոնկրետ արտադրատեսակ համար օրինակ չիպ կիսահաղորդիչ արտադրություն համար մենք հիմա մի շղթա եմ փորձել ամբողջականանալ ասել եմ նա Միրզոյան գնահատում աշխարհ ներկա ձևավորվել եմ մրցակցություն կրիտիկական մետաղ կիսահաղորդիչ արհեստական բանականություն և նոր մատակարարում շղթա շուրջ Հայաստան հանրապետություն այս պահ ունեմ իսկապես պատմական հնարավորություն հայտնվել այդ նոր մատակարարում ճանապարհ դառնալ այդ ճանապարհ լոգիստիկ ուղի կարևոր հանգույց մեկը հայտարարել եմ նախարար ավելի վաղ Հայաստան և ԱՄՆ շրջանակային հուշագիր եմ ստորագրել կարևոր հանքանյութ և հազվագյուտ հանածոն արդյունահան և մշակում ոլորտ մատակարարում ապահովում վերաբերյալ հուշագիր ստորագրվել եմ ԱՄՆ պետքարտուղար Մարկո Ռուբիո Երևան կատարել այց շրջանակ,12,267
https://armenpress.am/hy/article/1251194,2026-05-26 13:47:00,հունիս գործարկել եմ ապրանք մատակարարում ակնկալում հաստատում համակարգ,Ռուսաստան դաշնություն հունիս գործարկել եմ ապրանք մատակարարում ակնկալում հաստատում համակարգ Արմենպրես ը փոխանցում այս մասին հիշեցնել եմ Հայաստան էկոնոմիկա նախարարություն ընդգծել որ նոր կարգ վերաբերել եմ ԵԱՏՄ անդամ պետություն այդ թիվ ՀՀ դեպի ՌԴ ավտոմոբիլային տրանսպորտ ներմուծել ապրանք համակարգ շրջանակ հիմնական պարտավորություն կրել եմ ռուսաստանյան ներմուծող սակայն նոր կարգ կարևոր եմ նաև ՀՀ արտահանող և բեռնափոխադրող համար քանի որ առանց ռուսաստանյան գործընկեր կողմից ձևավորվել համապատասխան փաստաթուղթ և դա հիմն վրա ստանալ կոդի բեռ մուտք ՌԴ տարածք կարող եմ թույլատրել ՀՀ արտահանող պետք եմ ապահովել որ մինչև բեռ ուղարկում ռուսաստանյան ներմուծող կամ գործակալ էլեկտրոնային առևտուր հարթակ ձևավորել լինել մատակարարում ակնկալում հաստատում փաստաթուղթ ներկայանալ լինել ռուսաստանյան ներմուծող կամ գործակալ էլեկտրոնային առևտուր հարթակ կողմից ոչ ուշ քան սահման հատում ժամ առաջ եթե վճարվել եմ ներմուծում ԱԱՀ ապահովում վճար կամ ոչ ուշ քան սահման հատում ժամ առաջ եթե նման վճար եմ իրականանալ ռուսաստանյան կողմ փոխանցել լինել համապատասխան փոխադրող կոդ ունենալ մինչև ՌԴ սահման մոտենալ բեռ ուղեկցել փաստաթղթ նշել տվյալ համապատասխանել նշել տվյալ ռուսաստանյան գործընկեր պետք եմ ժամանակին տրամադրել ապրանք անվանում քանակ և արժեք ԱՏԳ աա ծածկագիր հաշիվ ապրանքագիր պայմանագիր և այլ ուղեկցել փաստաթուղթ տվյալ փոխադրող և տրանսպորտային միջոց վերաբերյալ տեղեկատվություն ՌԴ տարածք մուտք գործել նախատեսել ամսաթիվ ՀՀ էկոնոմիկա նախարարություն հորդորել եմ արտահանող նախապես քննարկել նոր կարգ ռուսաստանյան գործընկեր և փոխադրող հետ բեռ ուշացում լրացուցիչ ծախս և մուտք հնարավոր սահմանափակում խուսափել նպատակով,8,217
https://armenpress.am/hy/article/1251244,2026-05-26 17:42:00,ԱՄՆ պետքարտուղար աջակցություն եմ հայտնել Հայաստան կառավարություն երկիր համար ավելի լուսավոր և անկախ ապագա հարթել գործ,Ամերիկա միացյալ նահանգ պետական քարտուղար Մարկո Ռուբիո աջակցություն եմ հայտնել Հայաստան վարչապետ Նիկոլ Փաշինյան և Հայաստան կառավարություն երկիր ավելի լուսավոր և անկախ ապագա հարթել գործ Արմենպրես ը փոխանցում այս մասին Ռուբիո հայտարարել եմ Հայաստան կատարել այց ընթացքում ես աջակցել եմ նա քաջություն ես աջակցել եմ նա տեսլական ես աջակցել եմ նա նվիրվածություն ես աջակցել եմ նա պատրաստակամություն ինքը երկիր ապագա համար անել այն ինչ անհրաժեշտ եմ դա հասնել համար և մենք շատ ուրախ և հպարտ եմ որ դա մի մաս եմ և անհամբեր սպասել եմ միասին ավելի անել նշել Ռուբիո ԱՄՆ պետքարտուղար Մարկո Ռուբիո Հայաստան եմ այցելել մայիս այց ընթացքում ՀՀ արտաքին գործ նախարար Արարատ Միրզոյան հետ ստորագրվել եներկ միջևհամապարփակռազմավարականգործընկերությանկանոնադրությունը կարևորագույնհանքանյութերիևհազվագյուտհանածոներիարդյունահանմանևմշակմանոլորտումմատակարարմանապահովմանվերաբերյալշրջանակային հուշագիր և նախաստորագրել թրամփիուղ հանունմիջազգայինխաղաղությանևմիջազգայինբարգավաճման նախագծիվերաբերյալռազմավարականհամագործակցությանմասինշրջանակայինհամաձայնագիրը,16,117
https://armenpress.am/hy/article/1251242,2026-05-26 17:31:00,Ժաննա Անդրեասյան ու Սեդրակ Մամուլյան հուշագիր եմ ստորագրել ազգային խոհանոց և խոհարարական կրթություն զարգացում ուղղություն համագործակցություն մասին,Հայաստան կրթություն գիտություն մշակույթ և սպորտ նախարարություն և հայ խոհարարական ավանդույթ զարգացում և պահպանում ասոցիացիա միջև ստորագրվել եմ փոխըմբռնում հուշագիր խոհարարություն ոլորտ մասնագիտական կրթություն և ուսուցում հմտություն և կարողություն զարգացում ուղղություն համագործակցություն մասին հուշագիր ստորագրել եմ ԿԳՄՍ նախարար Ժաննա Անդրեասյան և ասոցիացիա նախագահ Սեդրակ Մամուլյան ներկա եմ լինել նաև ԿԳՄՍ նախարար տեղակալ Արաքսիա Սվաջյան ոլորտային այլ ներկայացուցիչ ինչպես Արմենպրես ը տեղեկանալ եմ ԿԳՄՍ նախարարություն տարածել հաղորդագրություն համագործակցություն շրջանակ կողմ համատեղ ներդրում կատարվել Երևան արհեստ պետական քոլեջ խոհարարություն ոլորտ կրթություն և ուսուցում որակ բարձրացում անհրաժեշտ ուսումնագործնական միջավայր ապահովում մանկավարժական անձնակազմ պատրաստում ու վերապատրաստում զարգացում այլ ծրագիր իրականացում նպատակով ողջունել հյուր և կարևորել ձևավորվել համագործակցություն Ժաննա Անդրեասյան նշել եմ որ խոհարարություն մասնագիտություն նկատմամբ ձևավորվել եմ մեծ պահանջարկ պայմանավորվել ինչպես զբոսաշրջային հոսք աճ որ նախորդ տարի համեմատ ավելանալ եմ ը այնպես էլ սպասարկում ոլորտ ակտիվ ընդլայնում ԿԳՄՍ նախարար խոսք տարբեր ուսումնական հաստատություն որ դասավանդվել եմ խոհարարություն արձանագրել եմ դիմորդ թու աճ ուստի շատ կարևոր եմ կրթական ծրագիր բովանդակություն որակ խոհարարական կրթական ծրագիր ավելի մեծ շեշտադրել կատարել ազգային խոհանոց վրա նպաստել խոհարարություն մասնագիտություն և հայկական խոհանոց զարգացում սա կարևոր եմ համարել նաև մենք երկիր մշակույթ հանրահռչակում տեսանկյուն որովհետև խոհանոց մենք ազգային մշակույթ կարևոր բաղադրիչ եմ երիտասարդ սերունդ ինքը մասնագիտական գործունեություն պետք եմ կարողանալ պահպանել և զարգանալ հայկական խոհանոց ինչպես նաև այն ներկայանալ թե Հայաստան քաղաքացի թե երկիր այցելել զբոսաշրջիկ նշել եմ Ժաննա Անդրեասյան Ժաննա Անդրեասյան հույս եմ հայտնել որ համագործակցություն արդյունք հնարավոր լինել պատրաստել ազգային խոհանոց տիրապետել մասնագետ որ ինքը աշխատանք նպաստել հայկական խոհանոց զարգացում ու ճանաչելիություն բարձրացում նա խոսք մեկնարկել կրթական ծրագիր կարող եմ հիմք դառնալ նաև հետազոտական նոր ծրագիր և ազգային խոհանոց շարունակական զարգացում համար ԿԳՄՍ նախարար բարձր եմ գնահատել հայ խոհարարական ավանդույթ զարգացում և պահպանում ասոցիացիա ասոցիացիա ներդրում հայկական խոհանոց զարգացում գործ ինչպես նաև համագործակցություն ՄկՈՒ հաստատություն հետ հայ խոհարարական ավանդույթ զարգացում և պահպանում ասոցիացիա նախագահ Սեդրակ Մամուլյան շնորհակալություն եմ հայտնել նախաձեռնություն համար այն գնահատել որպես հայկական խոհարարական կրթություն զարգացում ուղղել կարևոր քայլ Սեդրակ Մամուլյան դիտարկում հայկական խոհանոց կարող եմ դառնալ այն կարևոր հարթակ որ կապել կրթություն մշակույթ գյուղատնտեսություն ու զբոսաշրջություն նպաստել նաև ազգային ինքնություն պահպանում ու միջազգային ճանաչելիություն բարձրացում ԿԳՄՍ նախարար տեղակալ Արաքսիա Սվաջյան հույս եմ հայտնել Արհեստ քոլեջ ձևավորվել փորձ ու մասնագիտական ներուժ հնարավոր լինել փոխանցել և կիրառել նաև այլ ուսումնական հաստատություն անդրադարձ եմ կատարել նաև հայկական ազգային խոհանոց որպես ամբողջական մշակութային երևույթ արժևորում և հանրահռչակում հարց այս համատեքստ Ժաննա Անդրեասյան կարևորել եմ ազգային ուտեստ շտեմարան ստեղծում և պարբերաբար արդիականացում աշխատանք ինչպես նաև հայկական խոհանոց որպես մշակութային արժեք ճանաչում հեռանկար քննարկվել եմ նաև ազգային խոհանոց դասավանդում զարգացում ուսումնական հաստատություն համապատասխան ծրագիր ընդլայնում վերապատրաստում և վարպետություն դաս անցկացում միջին մասնագիտական ուսումնական հաստատություն միջև փորձել փոխանակում վերաբերել հարց,17,427
https://armenpress.am/hy/article/1251231,2026-05-26 16:58:00,Հայաստան ու ԱՄՆ թևակոխել եմ հարաբերություն պատմականորեն աննախադեպ փուլ Արարատ Միրզոյան,Հայաստան և միացյալ նահանգ ռազմավարական գործընկերություն բարձրանալ եմ նոր մակարդակ այն վերանվանել համապարփակ ռազմավարական գործընկերություն Արմենպրես ը հաղորդում այս մասին հայտարարել եմ ՀՀ արտաքին գործ նախարար Արարատ Միրզոյան միացյալ նահանգ պետքարտուղար Մարկո Ռուբիո հետ համատեղ հայտարարություն ընթացքում Միրզոյան նշել եմ որ Երևան կատարել այց վկայել եմ երկու երկիր միջև հարաբերություն հետևողականորեն ամրապնդել հանձնառություն մասին մենք երկու երկիր միջև համապարփակ ռազմավարական հարաբերություն այսօր առավել ամուր եմ քան երբևէ չափազանցություն եմ լինել ասել որ մենք թևակոխել եմ պատմականորեն աննախադեպ մի փուլ հաշիվ առնել մենք երկկողմ օրակարգ հաճախակ պարբերական զարգացում ասել եմ Միրզոյան նա խոսք առանցքային իրադարձություն մեկը լինել եմ թվական օգոստոս Վաշինգտոն կայանալ խաղաղություն գագաթնաժողով որ հյուրընկալել եմ ԱՄՆ նախագահ Դոնալդ Թրամփ Միրզոյան խոսք այդ գագաթնաժողով հնարավոր եմ դառնալ հաստատել խաղաղություն Հայաստան և Ադրբեջան միջև ինչպես նաև ձեռք բերել պայմանավորվածություն տարածաշրջանային հաղորդակցություն ապաշրջափակում վերաբերյալ ԱԳ նախարար ընդգծել եմ նաև որ թվական հունվար Վաշինգտոն ինքը և պետքարտուղար Ռուբիո ստորագրել եմ նախագիծ իրականացում շրջանակ վերաբերյալ փաստաթուղթ իսկ այժմ Երևան նախաստորագրվել եմ արդեն միջպետական համաձայնագիր այս տարի արդեն հունվար սկիզբ ես և ես հարգելի գործընկեր պետքարտուղար Ռուբիո Վաշինգտոն ստորագրել նախագիծ իրականացում շրջանակ մասին մի նոր փաստաթուղթ և կրկին ընդամենը մի քանի ամիս անց այսօր մայիս Երևան մենք կարողանալ նախաստորագրել արդեն միջպետական համաձայնագիր ծրագիր վերաբերյալ նշել եմ Միրզոյան նա խոսք Հայաստան ու ԱՄՆ արդեն ունեմ ստորագրել և ստանձնել հանձնառություն արհեստական բանականություն կիսահաղորդիչ և միջուկային էներգետիկա ոլորտ ինչպես նաև նոր փաստաթուղթ եմ ստորագրվել հանքանյութ և կրիտիկական միներալ վերաբերյալ Միրզոյան հատուկ ընդգծել եմ նաև ռազմավարական գործընկերություն ձևաչափ փոփոխություն մենք պետքարտուղար Ռուբիո հետ միասին քիչ առաջ մենք ռազմավարական գործընկերություն բարձրանալ նոր մակարդակ վերանվանել այն համապարփակ ռազմավարական գործընկերություն ասել եմ նա ԱԳ նախարար խոսք նոր փաստաթուղթ հարստանալ եմ նոր հնարավորություն մասնավորապես արհեստական բանականություն և այլ ոլորտ համագործակցություն մաս Միրզոյան նաև բարձր եմ գնահատել ԱՄՆ նախագահ վարչակազմ դերակատարություն հարավային Կովկաս խաղաղություն հաստատում գործընթաց ուզել եմ մեկ անգամ ևս սա կարևորել և բարձր գնահատել նախագահ Թրամփի և նա ամբողջ վարչակազմ պետքարտուղար Ռուբիո բոլոր մյուս դեր և նվիրվածություն հարավային Կովկաս խաղաղություն հաստատում գործընթաց և Հայաստան համար ոչ միայն անվտանգային այլև տնտեսական նոր հնարավորություն ստեղծում հարց ասել եմ նա,11,335
https://armenpress.am/hy/article/1251260,2026-05-26 19:00:00,բաքվել պահվել գերի և պատանդառված հարց մենք երկխոսություն մաս եմ Միրզոյան ԱՄՆ հետ քննարկում մասին,բաքվել պահվել հայ գերի և պատանդառել անձ հարց մշտապես Հայաստան և Ամերիկա միացյալ նահանգ զրույց կետ մաս եմ Արմենպրես ը փոխանցում այս մասին լրագրող հետ զրույց հայտնել ՀՀ արտաքին գործ նախարար Արարատ Միրզոյան մենք ամերիկյան գործընկեր էլ մշտապես անկեղծ հետաքրքրություն եմ ցուցաբերել այս հարց նկատմամբ և ջանք եմ գործադրել այդ ջանք հաջողություն եմ ունենալ մեծ հույս ունեմ որ այս հարց առաջիկա նոր հաջողություն ունենալ ասել Միրզոյան մայիս Հայաստան եմ այցելել ԱՄՆ պետքարտուղար Մարկո Ռուբիո այց ընթացքում ՀՀ արտաքին գործ նախարար Արարատ Միրզոյան հետ ստորագրվել եմ երկիր միջև համապարփակ ռազմավարական գործընկերություն կանոնադրություն կարևոր հանքանյութ և հազվագյուտ հանածոն արդյունահան և մշակում ոլորտ մատակարարում ապահովում վերաբերյալ շրջանակային հուշագիր և նախաստորագրել Թրամփի ուղի հանուն միջազգային խաղաղություն և միջազգային բարգավաճում նախագիծ վերաբերյալ ռազմավարական համագործակցություն մասին շրջանակային համաձայնագիր,15,122
https://armenpress.am/hy/article/1251252,2026-05-26 18:09:00,ԱԳՆ հրապարակել եմ համապարփակ ռազմավարական գործընկերություն կանոնադրություն տեքստ,Հայաստան հանրապետություն արտաքին գործ նախարարություն հրապարակել եմ Հայաստան հանրապետություն և Ամերիկա միացյալ նահանգ միջև համապարփակ ռազմավարական գործընկերություն կանոնադրություն տեքստ Արմենպրես ը ՀՀ ԱԳՆ տարածել կանոնադրություն տեքստ ամբողջություն ներկայանալ եմ ստորև նախաբան Հայաստան հանրապետություն և Ամերիկա միացյալ նահանգ վերահաստատել եմ մենք հարաբերություն կարևորություն որպես բարեկամ և ռազմավարական գործընկեր և արտահայտել եմ մենք համատեղ հանձնառություն էլ ավելի խորանալ մենք գործընկերություն ի շահ մենք պետություն և ընդլայնել մենք համագործակցություն համատեղ առաջնահերթություն հանդիսանալ հարց լայն շրջանակ շուրջ ընդգծել եմ որ մենք երկու ժողովրդավարական երկիր միջև այս համագործակցություն հիմնվել եմ համատեղ շահ վրա ինչպիսի եմ քաղաքական և կրոնական ազատություն խթանում տնտեսական ազատություն ապահովում ինքնիշխանություն և տարածքային ամբողջականություն պաշտպանություն օրենք գերակայություն ու անօտարելի իրավունք նկատմամբ հարգանք ամրապնդում աջակցություն նորարարություն ու տեխնոլոգիական առաջընթաց ինչպես նաև էներգետիկ անվտանգություն ամրապնդում ճանաչել եմ ԱՄՆ նախագահ Դոնալդ Թրամփի հյուրընկալել օգոստոս Վաշինգտոն խաղաղություն գագաթնաժողով առանցքային նշանակություն հարավային Կովկաս խաղաղություն և բարգավաճում նոր դարաշրջան հաստատել գործ ընդունել եմ որ Թրամփի ուղի հանուն միջազգային խաղաղություն և բարգավաճում նախագիծ ԹՐԻՓՓ և դա թվական հունվար ընդունվել իրականացում շրջանակ կենսական եմ այս նպատակ համար ողջունել եմ Հայաստան հանրապետություն վարչապետ Նիկոլ Փաշինյան և միացյալ նահանգ նախագահ Դոնալդ Թրամփի կողմից ստորագրել փոխըմբռնում հուշագիր մասնավորապես խաղաղություն խաչմերուկ նախաձեռնություն կարողություն զարգացում գործընկերություն ԱԲ և կիսահաղորդիչ նորարարություն գործընկերություն և էներգետիկ անվտանգություն գործընկերություն վերաբերյալ և հաստատել եմ որ այս կանոնադրություն հանդիսանալ եմ դա իրականացում համապարփակ շրջանակ շեշտել եմ մենք փոխադարձ ցանկություն ամրապնդել հարաբերություն դիվանագիտական տնտեսական էներգետիկ կարևոր հանքանյութ և հազվագյուտ հանածոն կարևոր և նորարարական տեխնոլոգիա կրթական գիտական մշակութային իրավական պաշտպանություն և անվտանգություն ոլորտ բաժ գործընկերություն սույն կանոնադրություն հիմնվել եմ երկու կողմ համար ընդհանուր հիմնարար սկզբունք և համոզմունք վրա միմյանց ինքնիշխանություն անկախություն և տարածքային ամբողջականություն աջակցություն երկկողմ հարաբերություն հիմք եմ մենք բարեկամություն բխել եմ ընդհանուր արժեք նկատմամբ մենք հանձնառություն և այն համոզմունք որ ժողովրդավարական և թափանցիկ կառավարում օժտալ եմ քաղաքական լեգիտիմություն և հետևաբար կայունություն ժողովրդավար գործընկեր միջև համագործակցություն նպաստել եմ խաղաղություն և կայունություն խթանում ուժեղ անկախ ինքնիշխան տեխնոլոգիապես զարգանալ բարգավաճ տարածաշրջան ինտեգրել և ժողովրդավարական Հայաստան որ ի զորու եմ պաշտպանել ինքը ինքնիշխանություն տարածքային ամբողջականություն և միջազգայնորեն ճանաչված սահման անխախտելիություն առանցքային եմ տարածաշրջանային տևական անվտանգություն և բարգավաճում համար Հայաստան շարունակական ժողովրդավարական և տնտեսական բարեփոխում կարող եմ լիարժեքորեն բացահայտել ինքը աշխատասեր քաղաքացի ողջ ստեղծագործական ներուժ դա իսկ խթանել բարգավաճում տարածաշրջան մեկ և դա դուրս միացյալ նահանգ ողջունել եմ Հայաստան ջանք խորանալ ինքը քաղաքական տնտեսական անվտանգություն և սոցիալական կապ եվրաատլանտյան համայնք այլ երկիր և ազատ հասարակություն լայն համայնք հետ թվական օգոստոս Վաշինգտոն կայանալ պատմական գագաթնաժողով հետո միացյալ նահանգ ակնկալել եմ Հայաստան հանրապետություն և Ադրբեջան հանրապետություն միջև խաղաղություն և միջպետական հարաբերություն հաստատում մասին նախաստորագրել համաձայնագիր ստորագրում և վավերացում Հայաստան և Ադրբեջան կողմից ինչպես նաև միջպետական սահման վերջնական սահմանազատում հիմնվել թվական ալմա Աթայ հռչակագիր վրա և բոլոր հումանիտար հարց հանգուցալուծում տևական խաղաղություն կենսական եմ հարավային Կովկաս առավել կայուն և բարգավաճ ապագա համար ԹՐԻՓՓ նախաձեռնություն ռազմավարական կապակցվածություն նպատակ համաձայն կողմ դիտարկել եմ Գյումրի Կարս երկաթգ վերակառուցում և վերականգնում որպես խթանել քայլ տարածաշրջան տնտեսական ներուժ լիարժեք իրացում տեսլական համար միացյալ նահանգ աջակցել եմ հարավային Կովկաս տրանսպորտային էներգետիկ և վստահելի տեղեկատվական և հաղորդակցություն ենթակառուցվածք կառուցում հիմնվել Հայաստան ինքնիշխանություն տարածքային ամբողջականություն և իրավազորություն վրա հաշիվ առնել որ ապրանք և մարդ տեղաշարժ երկիր սահման դուրս խթանալ եմ հարևան միջև փոխկախվածություն և փոխադարձ օգուտ միացյալ նահանգ նպատակադրել եմ շարունակել աջակցել տարածաշրջանային տնտեսական համագործակցություն բաժ տնտեսական առևտրային էներգետիկ տիեզերք և հանքաարդյունաբերական ոլորտ համագործակցություն Հայաստան և միացյալ նահանգ մտադիր եմ ընդլայնել համագործակցություն նպաստել աշխատատեղ ստեղծում ու տնտեսական աճ աջակցել բարեփոխում և ազատականացում խթանել տրանսպորտային համագործակցություն և բարելավել երկկողմ գործարար միջավայր մենք գիտակցել եմ որ արդար և փոխադարձ առևտուր առանցքային նշանակություն ունեմ դիմակայուն մատակարարում շղթա խրախուսում տնտեսական զարգացում և բարգավաճում համար միացյալ նահանգ սատարել եմ Հայաստան համաշխարհային տնտեսություն ինտեգրել և ինքը տնտեսական գործընկերություն ընդլայնել ուղղել ջանք վկայակոչել նախորդիվ հիշատակել ԹՐԻՓՓ իրականացում շրջանակ և փոխըմբռնում հուշագիր Հայաստան և միացյալ նահանգ մտադիր եմ հասնել առևտուր և ներդրում փոխադարձ հետաքրքրություն ներկայանալ նպատակ ինչպես և ամրագրել եմ այդ փաստաթղթ Հայաստան և միացյալ նահանգ մտադիր եմ բացահայտել այն ոլորտ որտեղ Հայաստան կարող եմ բարելավել ինքը իրավական և կանոնակարգել նորմ Հայաստան գործարար միջավայր բարելավել ուղղություն աշխատել նպատակով հաշիվ առնել կենսունակ դիմակայուն և անվտանգ շուկայակենտրոն էներգետիկ ոլորտ կարևորություն Հայաստան և միացյալ նահանգ մտադիր եմ ուսումնասիրել Հայաստան էներգիա արտադրություն ու մատակարարում բազմազանեցում և աճ հնարավորություն սա ներառել եմ քաղաքացիական միջուկային էներգիա ծրագիր հետագա զարգացում միջուկային ապահովություն անվտանգություն և չտարածում բարձր չափանիշ համաձայն որ ներպետական համաձայնեցում և վավերացում ընթացակարգ քաղաքացիական միջուկային համագործակցություն համաձայնագիր ստորագրում և ուժ մեջ մտնել հետո կարող եմ ներառել փոքր մոդուլային ռեակտոր հնարավոր տեղակայում և հասանելիություն ԱՄՆ վառելիք և տեխնոլոգիա էներգետիկ անվտանգություն և արդյունավետություն բարելավում ջանք այդ թիվ Հայաստան ԱՄՆ միջուկային տեխնոլոգիա հասանելիություն տրամադրել տարածաշրջանային և եվրոպական շուկա հետ Հայաստան էներգետիկ կապակցվածություն աճ միջոց և ԱՄՆ քաղաքացիական միջուկային այլ ծառայություն և ենթակառուցվածք հասանելիություն Հայաստան և միացյալ նահանգ մտադիր եմ ամրապնդել էներգետիկ դիմակայունություն և կարևորագույնթառուցթառուցվառուցթառուցվ անկախություն և խթանել ներդրում Հայաստան էներգետիկ ոլորտ առաջնահերթ ուղղություն ներառել եմ էլեկտրահաղորդում գիծ և բաշխիչ ցանց արդիականացում էներգիա կուտակիչ կայան զարգացում և կիբեռանվտանգություն բարելավում և աշխատուժ կարողություն զարգացում երկու երկիր մտադիր եմ աշխատել նաև Հայաստան առավել լայն կարևոր ենթակառուցվածք դիմակայունություն զարգացում ուղղություն հատկապես արհեստական բանականություն հեղափոխություն հիմք ընկնել ոլորտ ինչպիսի եմ հեռահաղորդակցություն և ֆինանս Հայաստան և միացյալ նահանգ մտադիր եմ համագործակցել կարևոր հանքանյութ զարգացում հետազոտություն արդյունահան վերամշակում և առևտուր արագացում ուղղություն լավ փորձ համահունչ արդար դիմակայուն և բազմազանել մատակարարում շղթա ապահովել համար այս նպատակով Հայաստան և միացյալ նահանգ մտադիր եմ խրախուսել համագործակցություն ԱՄՆ ինստիտուտ և ՀՀ համապատասխան և ապագա ինստիտուտ միջև Հայաստան և միացյալ նահանգ մտադիր եմ հասցեագրել ինքը կիսահաղորդիչ մատակարարում շղթա և արհեստական բանականություն զարգացում առաջնահերթություն ներառյալ ընդլայնել արտահանում վերահսկում լավ փորձել շուրջ երկկողմ քննարկում ընդունել առևտուր բազմազանեցում կարևորություն պարենային անվտանգություն խնդիր ապահովում և տնտեսական աճ խթանում հարց Հայաստան և միացյալ նահանգ պետք եմ համատեղ ուսումնասիրել գյուղատնտեսական ապրանք արտահանում ավելացում ուղղություն և ընդլայնել գյուղատնտեսական արդյունավետություն այդ թիվ ԱՄՆ նոր և նորարարական գյուղատնտեսական տեխնոլոգիա կիրառմամբ ընդունել որ հուսալի մատակարարում շղթա անփոխարինելի եմ մենք համատեղ տնտեսական անվտանգություն համար Հայաստան և միացյալ նահանգ մտադիր եմ խորանալ փոխգործակցություն զարգանալ կիսահաղորդչային ապահով մատակարարում շղթա խրախուսել մասնավոր հատված ներդրում խթանել կիսահաղորդիչ և մատակարարում շղթա դիմակայունություն ոլորտ համատեղ ակադեմիական և հետազոտական գործընկերություն ամրապնդել արտահանում արդյունավետ վերահսկողություն արհեստական բանականություն ԱԲ կիրարկում և մոդելի զարգացում նկատմամբ ամրապնդել համագործակցություն ԱԲ ռեսուրս շեղում կանխարգել հարց և պատրաստել աշխատուժ ԱԲ կիրառություն արդյունավետ կերպ օգտագործել և յուրանալ նպատակով Հայաստան և միացյալ նահանգ մտադիր եմ խթանել համագործակցություն և նորարարություն խրախուսել կարգավորում շրջանակ թվային տնտեսություն այդ թիվ տվյալ անդրսահմանային վստահելի հոսք միջոցով որ դյուրանալ էլեկտրոնային առևտուր թվային ֆինանսական ծառայություն տեխնոլոգիական գործարարություն միաժամանակ աշխատել բարելավել Հայաստան հասանելիություն թվային վճարում հարթակ և խթանել երկկողմ առևտուր ֆինանսական ծառայություն ոլորտ հաշիվ առնել Հայաստան աճել տեխնոլոգիական ոլորտ ներուժ երկու երկիր նորարարություն ու տնտեսական աճ խթանել հարց ընդունել տիեզերական ոլորտ զարգացում կարևորություն որպես ազգային անվտանգություն տեխնոլոգիական նորարարություն և տնտեսական աճ հենասյուն Հայաստան և միացյալ նահանգ մտադիր եմ ուսումնասիրել ինքը համագործակցություն արտեմիսյան արձանագրություն անդին ընդլայնել հնարավորություն ներառել առավել ռազմավարական և շոշափելի նախաձեռնություն քաղաքացիական տիեզերական համագործակցություն ոլորտ սա կարող եմ ներառել քննարկում ապագա Արտեմիս առաքելություն շրջանակ հավանական հնարավորություն մասին կամ ը լուսնային կայանալ Հայաստան հնարավոր ներդրում վերաբերյալ առևտրային տիեզերական համագործակցություն ոլորտ սա կարող եմ ներառել համատեղ առևտրային նախագիծ երկրագունդ հետազոտություն և արբանյակային կապիոլորտ ԹՐԻՓՓ նախաձեռնություն ռազմավարական կապակցվածություն նպատակ համահունչ կողմ մտադիր եմ ուսումնասիրել վստահելի հուսալի և անվտանգ տիզերքային հիմք իներնետ կապ շուրջ առավել խորը համագործակցություն բաժ պաշտպանությունևանվտանգություն միացյալ նահանգ սատարել եմ անկախ ինքնիշխան և ժողովրդավարական Հայաստան հարավային Կովկաս խաղաղություն հիմնարար նշանակություն ունեմ Հայաստան և տարածաշրջան շարունակական տնտեսական աճ և ժողովրդավարական զարգացում համար պաշտպանություն և անվտանգություն ոլորտ Հայաստան և միացյալ նահանգ միջև համագործակցություն շահավետ եմ ինչպես երկու երկիր այնպես էլ տարածաշրջան գիտակցել համաշխարհային խաղաղություն ու կայունություն սպառնալիք տևականություն Հայաստան և միացյալ նահանգ մտադիր եմ ամրապնդել ինքը պաշտպանական և անվտանգային համագործակցություն որ ուղղել եմ սակայն եմ սահմանափակվել օտարերկրյա ռազմական վաճառք ծրագիր միջոցով Հայաստան ամերիկյան արտադրություն պաշտպանական նշանակություն արտադրանք և օժանդակ սարքավորում վաճառք ինչպես նաև հայկական զինել ուժ հնարավոր ներդրում մասնագիտական ռազմական կրթություն ու վերապատրաստում դասընթաց ներառյալ միջազգային ռազմական կրթություն և վարժանք ծրագիր մասնակցել միջոցով այս նպատակով Հայաստան ու միացյալ նահանգ մտադիր եմ անցկացնել երկկողմ կանոնավոր պաշտպանական խորհրդակցություն միացյալ նահանգ գնահատել եմ Հայաստան կարևոր ներդրում համաշխարհային անվտանգություն այդ թիվ Աֆղանստան Իրաքում Կոսովուում Լիբանան և Մալի գործողություն աջակցել ուժ տեղակայում Հայաստան և միացյալ նահանգ մտադիր եմ ուսումնասիրել համագործակցություն ընդլայնում հնարավորություն Հայաստան փոխգործակցելիություն զարգանալ ու պաշտպանական կարողություն ամրապնդել ուղղություն միացյալ նահանգ նաև խրախուսել եմ Հայաստան ջանք զարգանալ ներքին ռազմաարդյունաբերական կարողություն և համագործակցություն ԱՄՆ և Հայաստան ռազմաարդյունաբերական համալիր միջև հաշիվ առնել զանգվածային ոչնչացում զենք տարածում բխել սպառնալիք Հայաստան և միացյալ նահանգ նպատակադրել եմ իրականանալ զանգվածային ոչնչացում զենք և վտանգավոր տեխնոլոգիա տարածում դեմ պայքար ուղղություն նախաձեռնություն միջազգային չտարածում չափանիշ հարգում արտահանում վերահսկողություն արդյունավետ կիրառում և այդ վերահսկողություն ուժեղանալ կիրարկում միջոցով այդ նպատակով միացյալ նահանգ մտադիր եմ աշխատել Հայաստան սահմանապահ զորք պետական եկամուտ կոմիտե և այլ պատկան մարմին հետ հաշիվ առնել սահման կարևորություն և Հայաստան խաղաղություն խաչմերուկ ծրագիր և Թրամփի ուղի հանուն միջազգային խաղաղություն և բարգավաճում հաջողել նպաստել համատեղ շահագրգռվածություն Հայաստան և միացյալ նահանգ ծրագիր եմ խթանել համագործակցություն Հայաստան անկախ ու արդյունավետ անվտանգային գործակալություն ամրապնդում և բարելավում ուղղություն այդ գործակալություն կողմից Հայաստան սահման նկատմամբ ամբողջական պատասխանատվություն ստնանձնել նպատակով գիտակցել կառավարություն ժողովրդավարական ինստիտուտ բիզնես կարևորագույնթառույցուծք և հանրություն դեմ ուղղել չարամիտ կիբեռդերակատար կողմից տևական և ընդհանուր ինչպես նաև խառնածին սպառնալիք Հայաստան և միացյալ նահանգ մտադիր եմ աշխատել նորարարական անվտանգ և դիամակայուն թվային միջավայր ուղղություն Հայաստան և միացյալ նահանգ ծրագիր եմ շարունակել կանոնավոր խորհրդակցություն գոյություն ունենալ և ի հայտ գալ կիբեռսպառնալիք վերաբերյալ Հայաստան ընդհանուր կիբեռդիմակայություն և անվտանգություն բարելավել այդ թիվ առաջանցիկ տեխնիկական աջակցություն միջոցով որ կարող եմ ներառել նման մարտահրավեր կանխարգել և դա արձագանքել նպատակով տեխնոլոգիա փոխանց Հայաստան և միացյալ նահանգ նաև մտադիր եմ համագործակցել ապօրի ֆինանսական հոսք կանխարգելում ուղղություն միացյալ նահանգ մտադիր եմ շարունակել փոխգործակցել Հայաստան հետ վերազգային կազմակերպել հանցավորություն և կոռուպցիա դեմ պայքար այդ թիվ վերապատրաստում տեխնիկական աջակցություն և սարքավորում միջոցով Հայաստան և միացյալ նահանգ ծրագիր եմ համագործակցել վերազգային ընդհանուր սպառնալիք ինչպիսի եմ ահաբեկչություն կազմակերպել հանցավորություն փող լվացում կիբեռհանցագործություն թմրանյութ շրջանառություն և մարդ թրաֆիքինգ հասցեագրել նպատակով այդ թիվ վերապատրաստում տեխնիկական աջակցություն և սարքավորում տրամադրում միջոցով Հայաստան և միացյալ նահանգ մտադիր եմ ստեղծել անվտանգ և գործուն մեխանիզմ զգայուն տեղեկատվություն փոխանակում համար բաժ ազատություն ամրապնդել արտաքին չարամիտ քարոզչություն հակազդել և պայքար մարդ թրաֆիքինգ դեմ ճանաչել Հայաստան մինչ օրս ունենալ նշանակալի ձեռքբերում Հայաստան և միացյալ նահանգ մտադիր եմ համագործակցել ազատություն և անաչառ լրատվություն և տեղեկատվություն հասանելիություն խթանում ուղղություն ներառյալ արտաքին չարամիտ քարոզչություն հակազդել նպատակով միացյալ նահանգ աջակցել եմ Հայաստան մարդ թրաֆիքինգ բոլոր ձև ինչպես նաև միգրացիա այլ բացասական հետևանք կանխարգելում և դա դեմ պայքար ծրագիր իրականացում բաժ մարդ միջև շփում մշակութային և գիտական փոխանակում խթան մշակութային ժառանգություն պահպանություն Հայաստան և միացյալ նահանգ կիսել եմ տնտեսական բարգավաճում ու նորարարություն նպաստել նպատակով մենք մարդ միջև շփում խթանել և գիտական կրթական ու մասնագիտական փոխանակում ծրագիր ընդլայնել ցանկություն հաշիվ առնել Հայաստան և միացյալ նահանգ ժողովուրդ միջև շփում ավելացում կարևորություն երկու կողմ նախատեսել եմ խթանել հետագա կրթական և մասնագիտական փոխանակում և գործունեություն այնպիսի նախաձեռնություն միջոցով ինչպիսի եմ Ֆուլբրայթ ծրագիր ԲրիջԱՄՆ միջազգային այցելու առաջնորդական ծրագիր ամերիկյան անգլերենի դասավանդում և ուսուցում ծրագիր սպորտային դիվանագիտություն և փոխանակում ծրագիր ինչպես նաև դուրանանալ ակադեմիական փոխանակում և ակադեմիական որակավորում փոխադարձ ճանաչում ըստ նպատակահարմարություն կողմ մտադիր եմ նաև ուսումնասիրել տեխնիկական և մասնագիտական կրթություն ոլորտ համագործակցություն ընդլայնում հնարավորություն առաջնահերթ ոլորտ որակյալ աշխատուժ զարգացնելունպատակով Հայաստան և միացյալ նահանգ մտադիր եմ խթանել համատեղ ակադեմիական և հետազոտական փոխգործակցություն այդ թիվ Հայաստան ԱՄՆ երկպետական գիտական հիմնադրամ հնարավոր ստեղծում միջոցով կիսահաղորդիչ և մատակարարում շղթա դիմակայունություն ուղղություն աջակցել նորարարություն աշխատուժ զարգացում գիտելիք և տեխնոլոգիա փոխանցում ընդգծել նորարարություն և դինամիզմ անհրաժեշտություն մենք երկու երկիր ապագա համար Հայաստան և միացյալ նահանգ նախատեսել եմ խթանել բարձր կրթություն բիզնես և գիտական հետազոտություն ոլորտ ընդլայնել համագործակցություն Հայաստան և միացյալ նահանգ գնահատել եմ Հայաստան ակադեմիական քաղաք ներուժ որպես ակադեմիական համագործակցություն և նորարարություն հանգույց որ առաջ եմ մղել կրթություն և հետազոտություն ոլորտ ընդհանուր նպատակ Հայաստան և միացյալ նահանգ մտադիր եմ սատարել հայկական մշակութային և կրոնական ժառանգություն պահպանություն համատեղ նախաձեռնություն բաժ համապարփակ ռազմավարական գործընկերություն կանոնադրություն իրականացում սույն կանոնադրություն դրույթ իրականացում նպատակով ձևավորվել եմ համապարփակ ռազմավարական գործընկերություն հանձնաժողով,8,1896
https://armenpress.am/hy/article/1251201,2026-05-26 14:52:00,նոր ուժ կուսակցություն քարոզարշավ եմ անցկացնել Սյունիք մարզ,նոր ուժ կուսակցություն Հայաստան կայանալ խորհրդարանական ընտրություն քարոզարշավ շրջանակ Սյունիք մարզ եմ Արմենպրես ը փոխանցում քարոզարշավ շրջանակ կուսակցություն նախընտրական ցուցակ առաջին համար Հայկ Մարության և կուսակցություն ներկայացուցիչ շփվել եմ քաղաքացի հետ ներկայանալ կուսակցություն նախընտրական ծրագիր քարոզչական թռուցիկ բաժանել քաղաքացի բոլորը հորդորել գնալ ընտրություն և քվեարկել նոր ուժ կուսակցություն օգտին որ քվեաթերթիկ եմ հայաստանումհում ինտեղիկունենանխորհրդարանականհերթականընտրությունները նախընտրական քարոզարշավ իցևկշարունակվիչ Նորուժ կուսակցություն վարչապետիթեկնածունԵրևանինախկինքաղաքապետՀայկՄարությաննէ կուսակցություն հայտարարելէ որիրնախընտրականծրագրիհիմքումյոթհիմնականուղղություններեն դրանցթվում եվրոպական ինտեգրացի անորպեսարտաքին քաղաքականություն ևզարգացմանառաջնահերթություն օնլայնխաղատնեհումումգերումգահերումումգահերումումգա բազմազավակընտանիքներիհամարարտոնություններիտրամադրումը անվճարբարձրագություն ապահովում հարկայինբեռիթեթևացում կոռուպցիոնհանցանքներիհամարվաղեմությանժամկետիվերացումըևազգայինարժեքներինվերադարձը Նորուժ կուսակցություն ինկայանալի,8,78
https://armenpress.am/hy/article/1251237,2026-05-26 17:22:00,ՀՀ ԱԳՆ հրապարակել եմ վերաբերյալ ռազմավարական համագործակցություն մասին շրջանակային համաձայնագիր տեքստ,Հայաստան հանրապետություն արտաքին գործ նախարարություն հրապարակել եմ Հայաստան հանրապետություն և Ամերիկա միացյալ նահանգ միջև Թրամփի ուղի հանուն միջազգային խաղաղություն և բարգավաճում նախագիծ թրիփփ վերաբերյալ ռազմավարական համագործակցություն մասին շրջանակային համաձայնագիր տեքստ համաձայնագիր ստորագրել եմ ՀՀ արտաքին գործ նախարար Արարատ Միրզոյան և ԱՄՆ պետքարտուղար Մարկո Ռուբիո Երևան մայիս Արմենպրես ը ՀՀ ԱԳՆ տարածել տեքստ ամբողջություն ներկայանալ եմ ստորև հիմք ընդունել որ թվական օգոստոս Ամերիկա միացյալ նահանգ նախագահ վկայություն Հայաստան հանրապետություն վարչապետ և Ադրբեջան հանրապետություն նախագահ ստորագրել եմ Հայաստան հանրապետություն վարչապետ և Ադրբեջան հանրապետություն նախագահ համատեղ հռչակագիր Ամերիկա միացյալ նահանգ Վաշինգտոն քաղաք տեղ ունենալ ինքը հանդիպում արդյունք վերաբերյալ համատեղ հռչակագիր հարավային Կովկաս տևական խաղաղություն առաջմղում համար հիմք ընդունել որ Ամերիկա միացյալ նահանգ և Հայաստան հանրապետություն ցանկանալ եմ ունենալ տևական գործընկերություն ինքը երկու ժողովուրդ և կառավարություն միջև հիմք ընդունել որ Ամերիկա միացյալ նահանգ և Հայաստան հանրապետություն նպատակ եմ որ Թրամփի ուղի հանուն միջազգային խաղաղություն և բարգավաճում նախագիծ թրիփփ նպաստ տարածաշրջանային խաղաղություն կայունություն բարգավաճում և ինտեգրման ինչպես նաև ստեղծել առանցքային առևտրային ուղի ինչպես Հայաստան հանրապետություն այնպես էլ Ամերիկա միացյալ նահանգ համար նոր շուկա բացել համար և տնտեսական օգուտ ստեղծել հայաստանյան ընկերություն համար ԹՐԻՓՓ կառուցում և գործարկում ընթացքում հիմք ընդունել որ Ամերիկա միացյալ նահանգ և Հայաստան հանրապետություն ճանաչել եմ որ Հայաստան հանրապետություն և Ադրբեջան հանրապետություն միջև խաղաղություն հետագա ինստիտուցիոնացում այդ թիվ միջպետական սահման սահմանազատում ու սահմանագծում Հայաստան Թուրքիա հարաբերություն կարգավորում ԱՄՆ կայուն ներգրավվածություն և տարածաշրջանային համագործակցություն ու կայունություն նպաստել ԹՐԻՓՓ հաջողություն հիմք ընդունել որ Ամերիկա միացյալ նահանգ պետական քարտուղար և Հայաստան հանրապետություն արտաքին գործ նախարար թվական հունվար հրապարակել եմ Թրամփի ուղի հանուն միջազգային խաղաղություն և բարգավաճում թրիփփ նախագիծ Հայաստան ԱՄՆ իրականացում շրջանակ եշ հրապարակում վերաբերյալ համատեղ հայտարարություն թվական օգոստոս սպիտակ տուն ձեռք բերել հանձնառություն կյանք կոչել և Հայաստան և Ադրբեջան բարգավաճում ու անվտանգություն ամրապնդել ինչպես նաև ԱՄՆ առևտուր խթանել համար հիմք ընդունել որ կողմ ճանաչել եմ որ Հայաստան լիակատար ինքնիշխանություն տարածքային ամբողջականություն և իրավազորություն եմ պահպանել Հայաստան ինքնիշխան տարածք ԹՐԻՓՓ իրականացում բոլոր գոտի նկատմամբ և հաստատել եմ որ սույն համաձայնագիր և ԹՐԻՓՓ նպատակ ունեմ ծառայել որպես առանցքային մեխանիզմ հանուն խաղաղ և ինքնիշխան Հայաստան հիմք ընդունել որ ԹՐԻՓՓ միտել եմ Հայաստան տարածք անխոչընդոտ բազմամոդալ տարանցիկ փոխկապակցվածություն ստեղծում նպաստել տարածաշրջանային խաղաղություն կայունություն և ինտեգրման պետություն ինքնիշխանություն տարածքային ամբողջականություն և իրավազորություն հարգանք հիմն վրա միևնույն ժամանակ կապել Ադրբեջան հիմնական մաս ինքը Նախիջևան ինքնավար հանրապետություն հետ և ստեղծել տրանսկասպյան առևտրային երթուղի կենսական հանգույց ակնկալել եմ որ ԹՐԻՓՓ միջազգային և ներպետական փոխկապակցվածություն փոխադարձ առավելություն ստեղծել Հայաստան հանրապետություն համար վկայակոչել Ամերիկա միացյալ նահանգ կառավարություն և Հայաստան հանրապետություն կառավարություն միջև թվական ապրիլ Վաշինգտոն ստորագրել ներդրում խրախուսում համաձայնագիր թվական դեկտեմբեր Երևան ստորագրել Ամերիկա միացյալ նահանգ կառավարություն և Հայաստան հանրապետություն կառավարություն միջև համագործակցություն վերաբերյալ մարդասիրական և տեխնիկատնտեսական օգնություն վերահսկում հեշտացնել մասին համաձայնագիր ինչպես նաև Ամերիկա միացյալ նահանգ և Հայաստան հանրապետություն միջև թվական սեպտեմբեր Վաշինգտոն ստորագրել ներդրում խրախուսում և փոխադարձ պաշտպանություն մասին համաձայնագիր վերոշարադրյալ հիմն վրա Ամերիկա միացյալ նահանգ միացյալ նահանգ և Հայաստան հանրապետություն Հայաստան յուրաքանչյուր առանձին կողմ իսկ միասին կողմ սույն կնքել եմ ԹՐԻՓՓ մասին սույն շրջանակային համաձայնագիր համաձայնագիր ինչպես սահմանել եմ ստորև հոդված սահմանում սույն համաձայնագիր նպատակ բաժնետեր նշանակել եմ ԹԶԸ ԱՄՆ և Հայաստան բաժնետիրական համաձայնագիր նշանակել եմ միացյալ նահանգ և նյու Յորք նահանգ օրենք կարգավորվել առևտրային գործիք որ կարգավորել եմ ԹԶԸ բաժնետեր որոշակի իրավունք և պարտավորություն և ԹԶԸ կառավարում և ղեկավարում հետ կապվել հարց հատուկ նշանակություն կազմակերպություն ՀՆԿ նշանակել եմ դուստր կազմակերպություն որ պետք եմ ԹԶԸ կողմից ստեղծվել ԹՐԻՓՓ առանձին բաղադրիչ իրականացում նպատակով ԹԶԸ նշանակել եմ ԹՐԻՓՓ զարգացում ընկերություն ԹԶԸ ԱՄՆ և Հայաստան միջև համատեղ ձեռնարկություն որ Հայաստան պետք եմ հիմնադրել որպես բաժնետիրական ընկերություն ԹԶԸ ԱՄՆ նշանակել եմ առևտրային կազմակերպություն որ պետք եմ հիմնադրել Դելավեր նահանգ որպես միացյալ նահանգ գործակալություն հանդիսանալ միացյալ նահանգ միջազգային զարգացում ֆինանսական կորպորացիա ԶՖԿ ամբողջություն պատկանել դուստր ձեռնարկություն ԹԶԸ կանոնադրություն նշանակել եմ Հայաստան օրենսդրություն կարգավորվել առևտրային գործիք որ հիմնադրել եմ ԹԶԸ ԹՐԻՓՓ իրականացում գոտի նշանակել եմ Հայաստան այն հողատարածք որ պետք եմ օգտագործել ԹՐԻՓՓ կոնկրետ նախագիծ համար և որ կողմ համատեղ կորոշել ԹԶԸ հետ խորհրդակցություն անցկացում դա հիմնադրում հետո հաշիվ առնել այնպիսի գործոն ինչպիսի եմ ի թիվ այլն իրագործելիություն և նախագծային ուսումնասիրություն ինչպես նաև քաղաքական նկատառում միասին ԹՐԻՓՓ իրականացում գոտի ԹՐԻՓՓ նախագիծ նշանակել եմ Հայաստան իրականանալ կոնկրետ նախագիծ որ կողմ փոխադարձ հաստատում ԹՐԻՓՓ շրջանակ եմ այդ թիվ բայց սահմանափակվել ԹՐԻՓՓ հետևյալ բաղադրիչ երկաթուղային ճանապարհային նավթատար և գազատար խողովակաշար օպտիկամանրաթելային և էներգետիկ նախագիծ միասին ԹՐԻՓՓ նախագիծ հոդված համաձայնագրինպակակ սույն համաձայնագիր նպատակ և կողմ քաղաքականություն եմ խորանալ կողմ միջև տնտեսական համագործակցություն ԹՐԻՓՓ իրականացում և դա հաջողություն ապահովում նպատակով հոդված կետ նշել գործիք ներդրում կողմ պետք եմ համագործակցել ԹՐԻՓՓ իրականացում հնարավոր դառնալ ուղղություն միջազգային միջպետական և ներպետական տրանսպորտային փոխկապակցվածություն տարածաշրջանային և համաշխարհային առևտուր ընդլայնում ինչպես նաև տարածաշրջան խաղաղություն կայունություն և բարգավաճում ամրապնդում նպատակով հոդված համատեղձեռնարկությունստեղծելուհնարավորության ապահովում կողմ քաղաքականություն եմ միասին աշխատել ԹՐԻՓՓ ստեղծում ուղղություն և երկու կողմ ուղղակիորեն շահագրգռվել եմ ԹՐԻՓՓ հաջողություն կողմ մտադրություն եմ որ ԹԶԸ ԱՄՆ և Հայաստան կողմից հիմնադրել համատեղ ձեռնարկություն ԹԶԸ անվանմամբ որ ԱՄՆ պատկանել եմ վերահսկել բաժնեմասնակցություն իսկ Հայաստան բաժնեմասնակցություն կողմ նախատեսել եմ որ ԹԶԸ աջակցել ԹՐԻՓՓ իրականացում ԹԶԸ ստեղծում նպատակով կողմ նախատեսել եմ որ ԹԶԸ ԱՄՆ և Հայաստան ստորագրել երկու առանձին փաստաթուղթ եմ թույր կանոնադրություն և բ բաժնետիրական համաձայնագիր կողմ նախատեսել եմ որ բաժնետեր նախնական ժամկետ ավարտ հետո հնարավորություն ունենալ փոխադարձ համաձայնություն երկարաձգել հոդված կետ նշել իրավունք ևս տարի այդ դեպք Հայաստան բաժնեմասնակցություն պետք եմ ավելանալ մինչև իսկ ժամկետ երկարաձգում պետք եմ լինել Հայաստան կողմից միակ հատուցում Հայաստան բաժնեմասնակցություն նշել ավելացում համար Հայաստան բաժնեմասնակցություն ավելացում պետք եմ լինել ԹԶԸ ԱՄՆ կողմից միակ հատուցում ժամկետ երկարաձգում համար կողմ նախատեսել եմ որ բաժնետեր ըստ անհրաժեշտություն ԹԶԸ կանոնադրություն մեջ և բաժնետիրական համաձայնագիր պետք եմ սահմանել որոշում կայացում հատուկ մեխանիզմ փոխադարձ համաձայնություն պահանջել և կողմ վերապահել հարց համար որ պետք եմ մանրամաս ներկայանալ ԹԶԸ կանոնադրություն մեջ և կամ բաժնետիրական համաձայնագիր կողմ վերապահել հարց վերաբերել եմ հետևյալ սակայն եմ սահմանափակվել դա բաժնետեր մասնակցություն այդ թիվ վերահսկողություն փոփոխություն բաժնետոմ փոխանցում հաԿ հիմնադրում և դա նկատմամբ սեփականություն խոշոր պայմանագրային և ֆինանսական գործարք կնքել մասին որոշում կոնցեսիոն իրավունք շնորհ և կոնցեսիոն համաձայնագիր վերջնական պայման սահմանել և համատեղ հռչակագիր ազգային անվտանգություն վերաբերել և քաղաքական բնույթ այլ հարց հաԿ մակարդակ համանման հարց նույնպես պետք եմ դիտարկել որպես փոխադարձ համաձայնություն պահանջել կողմ վերապահել հարց որ պետք եմ մանրամաս ներկայանալ ԹԶԸ կանոնադրություն մեջ և կամ բաժնետիրական համաձայնագիր ԹԶԸ կամ դա հաԿ կողմից անհրաժեշտ գործարք կնքոն աջակցել նպատակով Հայաստան համաձայնել եմ բացառություն նախատեսել բաժնետիրական ընկերություն գնում և պետություն մասնավոր գործընկերություն ձևավորում վերաբերյալ Հայաստան օրենսդրություն Հայաստան համաձայնել եմ որ այդ բացառություն ըստ անհրաժեշտություն պետք եմ նշել բաժնետիրական համաձայնագիր և կամ ԹԶԸ կանոնադրություն մեջ կողմ նախատեսել եմ որ ԹԶԸ ԱՄՆ շարունակել եմ մշտապես հանդիսանալ միացյալ նահանգ սեփականություն և գտնվել նա վերահսկողություն ներքո և որ որևէ երրորդ կողմ եմ կարող ձեռք բերել ԹԶԸ ԱՄՆ նկատմամբ սեփականություն իրավունք հոդված կողմ ակնկալել եմ որ գործել եմ որպես ԹԶԸ դուստր ձեռնարկություն ԹՐԻՓՓ բաղադրիչ յուրաքանչյուր որպես ԹՐԻՓՓ նախագիծ իրականանալ նպատակով հոդված և կետ համապատասխան կողմ նախատեսել եմ որ ԹԶԸ յուրաքանչյուր ՀՆԿ ստեղծում և դա ունենալ ինքը բաժնեմասնակցություն միջոցով ինքը վերապահել եմ որոշակի հարց առնչություն որոշում կայացում լիազորություն որ որոշել եմ ԹԶԸ կողմից Հայաստան համաձայնել եմ որ ԹԶԸ լիազորվել լինել ընտրել երրորդ կողմ հաԿ կողմից ստեղծվել յուրաքանչյուր ԹՐԻՓՓ ծրագիր իրականացում աջակցել համար այդ թիվ այն երրորդ կողմ որ հանդես գալ որպես կոնցեսիոներ հովանավոր օպերատոր կապալառու ինչպես նաև տվյալ ԹՐԻՓՓ նախագիծ նգշ նախագծում գնում և շինարարական ծառայություն մատուցող յուրաքանչյուր հակ ստեղծում հետո ԹԶԸ կողմից ծանուցել հետո Հայաստան հոդված կետ համապատասխանել և ԹԶԸ կողմից հաստատել հակ հետ կնքել կոնցեսիո կամ այլ համաձայնագիր համաձայն հոդված և կետ հոդված իհամակարգում ևԹԶԸ իգործունեություն ապահովում Հայաստան նշանակել պատասխանատու բարձրաստիճան կոնտակտային անձ առաջնորդել Հայաստան կառավարություն մասնակցություն սույն համաձայնագիր ԹԶԸ կանոնադրություն և բաժնետեր համաձայնագիր կատարում ու իրականացում գործընթաց Հայաստան պետական մարմին միջև արդյունավետ համակարգում ապահովել նպատակով սույն համաձայնագիր նպատակ իրականացում համար Հայաստան կառավարություն պետք եմ ապահովել եմ համապատասխան օրենսդրություն ընդունում փոփոխություն պահպանում ու կիրարկում բ ԹԶԸ և դա հաԿ համար լիցենզիա թույլտվություն հաստատում ժամանակին տրամադրում և կարգավորել գործընթաց իրականացում միացյալ նահանգ համաձայնել եմ որ նշանակել բարձրաստիճան կոնտակտային անձ ԹՐԻՓՓ հետ կապվել քաղաքականություն ցանկացած հարց քննարկել նպատակով միացյալ նահանգ մտադիր եմ ձեռնարկել քայլ Հայաստան հետ համատեղ ԹԶԸ հիմնադրում համար թույլտվություն ստանալ նպատակով ինչ ներառել եմ Կոնգրես ծանուցում և ԶՖԿ տնօրեն խորհուրդ անհրաժեշտ հաստատում ստացում Հայաստան հաստատել եմ որ ինքը սահմանադրություն համապատասխան Հայաստան օրենսդրություն հետ որևէ հակասություն դեպք կիրառվել սույն համաձայնագիր միացյալ նահանգ մտադիր եմ տրամադրել ֆինանսավորում և կամ աջակցել ԹՐԻՓՓ նախագիծ համար ֆինանսավորում ապահովում ֆինանսական միջոց առկայություն դեպք ու կիրառելի պահանջ համապատասխան կամ առևտրային պայման պետական և ոչ պետական ներդրող կողմից հոդված Հայաստան ձեռնարկել Հայաստան օրենսդրություն համապատասխանել բոլոր անհրաժեշտ միջոց և հնարավորինս սեղմ ժամկետ որպեսզի եմ ապահովել որ ԹՐԻՓՓ իրականացում գոտի երկայնություն գտնվել հողամաս Հայաստան սեփականություն եմ կամ կարող եմ դառնալ Հայաստան սեփականություն և բ ապահովել որ այդ հողամաս զերծ լինել ցանկացած ծանրաբեռնվածություն կամ երրորդ անձ իրավունք ինչպես նաև կրի այդ գործընթաց հետ կապվել բոլոր ֆինանսական ծախս ԹԶԸ հիմնադրում և ԹՐԻՓՓ իրականացում յուրաքանչյուր գոտի որոշել հետո Հայաստան տրամադրել եմ քառասունի տարի նախնական ժամկետ հողօգտագործում բացառիկ իրավունք կառուցապատում իրավունք հարակ թույլտվություն և մյուս բոլոր իրավունք որ համատեղ կորոշվել Հայաստան կառավարություն և ԹԶԸ կողմից համապատասխան ԹՐԻՓՓ ծրագիր արդյունավետ զարգացում շահագործում և կամ պահպանում համար ըստ կիրառելիություն և այդ իրավունք լրիվություն փոխանցելի լինել Հայաստան համաձայնել եմ որ թույլատրել եմ մշակել կոնցեսիա մանրամաս պայման որ կիրազեկել կոնցեսիո ընտրություն հոդված կետ սահմանել կարգ Հայաստան համաձայնել եմ որ եմ մնալ ցանկացած կոնցեսիա միակ տրամադրող և հետևաբար եմ համարել որ ԹԶԸ ամբողջություն կամ մասամբ ստանձնել եմ Հայաստան պարտավորություն բ եմ համար որ ԹԶԸ կոնցեսիո եմ կամ որևէ կոնցեսիոն պայմանագիր ստանձնել եմ հաԿ կամ կոնցեսիոներ որևէ պարտավորություն կողմ ակնկալել եմ որ կառուցապատում իրավունք գործողություն ժամկետ ավարտ հետո կամ այն դեպք երբ ԹԶԸ որևէ պատճառ դադարել ինքը գործունեություն կամ բաժնետեր փոխադարձ համաձայնություն ԹԶԸ ունենալ մնացորդային ցանկացած իրավունք վերադարձել եմ Հայաստան առանց Հայաստան կողմից որևէ վճար կամ հատուցում սույն համաձայնագիր ոչինչ եմ խոչընդոտ Հայաստան ինքնիշխան տարածք որևէ անձ կողմից այնպիսի ենթակառուցվածք կառուցում և շահագործում որ ԹՐԻՓՓ նախագիծ եմ հոդված արտակարգիրավիճակ նարձագանքումըևք անվտանգություն կողմ հաստատել եմ որ Հայաստան պահպանել եմ լիակատար իշխանություն Հայաստան ինքնիշխան տարածք և որ Հայաստան իշխանություն գործել նախապատվություն ունեմ ԹՐԻՓՓ իրականացում գոտի արտակարգ բոլոր իրավիճակ առաջացում դեպք կողմ մտադիր եմ որ Հայաստան ունենալ ԹՐԻՓՓ իրականացում գոտի ենթակառուցվածք անվտանգություն պլան հաստատել իրավունք եթե այդ պլան ներառել մասնավոր անվտանգություն աշխատակից աշխատանք ընդունել ապա այդ աշխատակից պետք եմ ենթակա լինել Հայաստան կողմից լիցենզավորում հոդված մաքսայինհսկողություն կողմ ընդունել եմ որ Հայաստան պահպանել եմ լիակատար ինքնիշխանություն և իրավազորություն ինքը սահման և մաքսային գործառնություն նկատմամբ պարտավորվել եմ ապահովել սահման արդյունավետ կառավարում և ունեմ ինքը սահմանային հսկողություն բոլոր կետ ֆիզիկական ներկայություն պահպանել իրավունք Հայաստան ինքը ներպետական օրենսդրություն և միջազգային համաձայնագիր համապատասխան շարունակել եմ պատասխանատու լինել և տրամադրել համապատասխան ենթակառուցվածք հետևյալ համար եմ անվտանգություն և իրավապահ գործունեություն բ սահմանային հսկողություն և սահմանային անվտանգություն գ մաքսային և միգրացիոն հսկողություն դ հարկ և տուրք փոխանց պետական բյուջե ե պետական տեղեկատվական համակարգ և զ պետական վարչարարություն և վերահսկողություն Հայաստան գործադրել ինքը լավ ջանք սահմանային անվտանգություն և մաքսային հսկողություն ժամանակակից ընթացակարգ ընդունել պահպանել և դա օպտիմալացնել համար միաժամանակ պահպանել Հայաստան ինքնիշխանություն ու իրավազորություն կօգտագործ թվային գործիք ԹԶԸ և դա հաԿ արդյունավետ աշխատանք և ԹՐԻՓՓ փոխգործակցելիություն տարածաշրջանային տարանցիկ ցանց հետ դուրացնել համար սա կարող եմ ներառել այնպիսի քայլ ձեռնարկ որ անհրաժեշտ եմ ԹՐԻՓՓ նախագիծ մաքսային և միգրացիոն գործառություն ֆրոնտ օֆի բեք օֆի ընդունարան գրասենյակ գործառական մոդելի իրականացում համար և համատեղ հռչակագիր սկզբունք համապատասխան Հայաստան համաձայնել եմ օգտվել մասնավոր օպերատոր ֆրոնտ օֆի ծառայություն ԹՐԻՓՓ իրականացում գոտի համապատասխան սահմանային անցակետ հաճախորդ առերես սպասարկում ծառայություն մատուցել համար Հայաստան և ԹԶԸ փոխադարձ համաձայնություն միացյալ նահանգ մտադիր եմ համագործակցել Հայաստան սահմանային անվտանգություն բարելավում ուղղություն ինչպես ամրագրել եմ խաղաղություն խաչմերուկ նախագիծ կարողություն զարգացում ոլորտ գործընկերություն վերաբերյալ Ամերիկա միացյալ նահանգ կառավարություն և Հայաստան հանրապետություն կառավարություն միջև թվական օգոստոս Վաշինգտոն ստորագրել փոխըմբռնում հուշագիր կողմ մտադիր եմ միասին գործել ապահովել որ ԹՐԻՓՓ իրականացում գոտի սահմանային անվտանգություն առնչվել բոլոր գործընթաց ու ընթացակարգ իրականանալ ԹՐԻՓՓ բարեհաջող իրագործում նպաստել եղանակ Հայաստան օրենսդրություն թույլատրել կարգ հոդված հարկում Հայաստան համաձայնել եմ որ ԹԶԸ կողմից որպես Հայաստան ռեզիդենտ ԱՄՆ որպես միացյալ նահանգ ռեզիդենտ բաշխվել շահաբաժին Հայաստան ազատվել եմ հարկում պայման որ ԹԶԸ ԱՄՆ վերջնական սեփականատ միացյալ նահանգ կառավարություն եմ Հայաստան համաձայնել եմ որ ԹԶԸ հաԿ կողմից բաշխվել շահութաբաժին մաս Հայաստան հարկ եմ վճարել Հայաստան համաձայնել եմ որ ԹԶԸ ԹԶԸ կամ ՀՆԿ բաժնետոմ օտարում դեպք Հայաստան կապիտալի հավելաճ հարկ վճարել Հայաստան համաձայնել եմ որ ԹԶԸ և Հայաստան որևէ հարկ եմ վճարել հոդված կետ սահմանել Հայաստան կառավարություն կողմից կամ ԹԶԸ կողմից իրավունք փոխանցում գործարք համար հոդված վեճերիկարգավում կողմ կձգտել համաձայնություն հասնել սույն համաձայնագիր մեկնաբանում և կիրառում վերաբերյալ և բոլոր հնարավոր ջանք գործադրել համագործակցություն ու խորհրդակցություն միջոցով դա իրականացում վրա հնարավոր ազդեցություն ունենալ ցանկացած հարց փոխադարձաբար ընդունելի լուծում հասնել նպատակով սույն համաձայնագիր մեկնաբանում կամ կիրառում առնչություն վեճ ծագել դեպք այն պետք եմ արգավորվել փոխադարձ խորհրդակցություն միջոցով հոդված տեխնիկականդրույթ սույն համաձայնագիր ուժ մեջ մտնել դա ուժ մեջ մտնել համար անհրաժեշտ բոլոր ներքին ընթացակարգ ավարտել մասին կողմ միջև փոխանակել վերջին հայտագիր ստացում օր սույն համաձայնագիր կարող եմ փոփոխվել կողմ փոխադարձ գրավոր համաձայնություն սույն համաձայնագիր գործողություն կարող եմ դադարել կողմ ցանկացած կողմից մյուս կողմ գրավոր ծանուցում ուղարկել միջոցով սույն համաձայնագիր գործողություն դադարեցում ուժ մեջ եմ մտնել այդ գրավոր ծանուցում ուղարկել օր տարի հետո,11,2085
https://armenpress.am/hy/article/1251230,2026-05-26 16:57:00,վերահսկողություն եմ իրականանալ երեխա նաև տարեց և հաշմանդամություն ունենալ անձ շուրջօրյա խնամք իրականանալ հաստատություն,Հայաստան սննդամթերք անվտանգություն տեսչական մարմին վերահսկողություն եմ իրականանալ ՀՀ աշխատանք և սոցիալական հարց նախարարություն ենթակայություն գործել երեխա շուրջօրյա և ճգնաժամային խնամք ու դաստիարակություն ինչպես նաև տարեց և հաշմանդամություն ունենալ անձ շուրջօրյա խնամք իրականանալ մի շարք հաստատություն վերահսկողական միջոցառում հետևել եմ նաև տեսչական մարմին ղեկավար Տիգրան Պետրոսյան Արմենպրես ը փոխանցում ՍԱՏՄ տարածել հաղորդագրություն մեջ նշել եմ որ վերհսկողական այց նպատակ նշել կազմակերպություն սննդամթերք անվտանգություն պահանջ պահպանում մոնիթորինգ եմ ուսումնասիրվել եմ սնունդ կազմակերպում պատրաստում պահպանում սանիտարահիգիենիկ պայման ապահովում ինչպես նաև սննդամթերք ընդունում և պահում գործընթաց Տիգրան Պետրոսյան հաստատություն ղեկավար հետ քննարկել եմ ռիսկ կանխարգելում խոհանոցային գործառույթ պատշաճ կազմակերպում և անձնակազմ իրազեկվածություն բարձրացում հարց նա ուշադրություն եմ հրավիրել կտանգ վերլուծություն և հսկում կրիտիկական կետ համակարգ սկզբունք հիշեցնել որ այդ ընթաց կարգ ներդրում պարտադիր եմ և սատմ ստուգում թիրախում ՀՀ սննդամթերք անվտանգություն տեսչական մարմին կարևորել եմ երեխա տարեց և խնամք կարիք ունենալ անձ համար վերահսկել անվտանգ սնունդ ապահովում որպես հանրային առողջություն պահպանում կարևոր բաղադրիչ և շարունակել եմ հետևողական աշխատանք այդ ուղղություն ասել եմ ՍԱՏՄ տարածել հաղորդագրություն մեջ,14,163
https://armenpress.am/hy/article/1251203,2026-05-26 14:59:00,Փաշինյան հայտարարել եմ որ մայիս զորահանդես հայկական բանակ ներկայանալ նոր համազգեստ,Հայաստան վարչապետ Նիկոլ Փաշինյան հայտարարել եմ որ մայիս Երևան հանրապետություն հրապարակ նախատեսել կայանալիք զորահանդես ընթացքում Հայաստան բանակ ներկայանալ նոր դաշտային և տոնական համազգեստ Արմենպրես ը հաղորդում Կոտայք մարզ ծաղկաձոր քաղաք բնակիչ հետ հանդիպում ընթացքում Փաշինյան նշել եմ որ թվական հանրապետություն օր ինքը գնահատում առանձնահատուկ կերպ եմ նշել մենք ժողովուրդ այդ զորահանդես հետո խնջույք անել տրամադրություն եմ ունենալ որովհետև տեսնել եմ ինքը նոր բանակ նոր համազգեստ ռազմական նոր տեխնիկա ընդ որ ցուցադրել ռազմական տեխնիկա մի մաս օտարերկրյա արտադրություն եմ բայց շատ կարևոր մի հատված էլ Հայաստան հանրապետություն արտադրություն եմ հայտարարել եմ Փաշինյան,11,91
https://armenpress.am/hy/article/1251214,2026-05-26 15:59:00,Հայաստան դաշինք ներկայացուցիչ շարունակել եմ քարոզարշավ Սյունիք մարզ,Հայաստան դաշինք ներկայացուցիչ դաշինք առաջնորդ և նախընտրական ցուցակ առաջին համար Ռոբերտ Քոչարյան գլխավորություն շարունակել եմ Հայաստան կայանալ խորհրդարանական ընտրություն նախընտրական քարոզարշավ Սյունիք մարզ Արմենպրես ը հաղորդում քարոզարշավ շրջանակ քաջարան բնակիչ հետ հանդիպում ժամանակ Ռոբերտ Քոչարյան հորդորել եմ բոլորը գնալ ընտրություն և քվեարկել ինքը ուժ օգտին կարող եմ միանշանակ ասել որ եմ փոշմանել Հայաստան արդյունաբերական երկիր դառնալ մենք ծրագիր եմ և մինչև արդյունաբերական երկիր դառնալ տարածաշրջան դերակատարում եմ ունենալ ասել եմ Քոչարյան խոստանալ նաև լուծել տալ քաջարանցի հուզել ընթացիկ մյուս հարց դաշինք ներկայացուցիչ մայիս հանդիպել եմ նաև մեղք քաղաք բնակիչ հետ ժամ էլ դաշինք հանրահավաք եմ հրավիրել կապան քաղաք մայիս մեկնարկել եմ Հայաստան հունիս կայանալ խորհրդարանական ընտրություն նախընտրական քարոզարշավ որ շարունակվել մինչև հունիս ընտրություն մասնակցել համար գրանցել եմ քաղաքական ուժ դաշինք և կուսակցություն Հայաստան դաշինք խորհրդարանական ընտրություն մասնակցել եմ համար ներքո միասին կարող եմ կարգախոս դաշինք կազմ միավորվել եմ հայ հեղափոխական դաշնակցություն և առաջ կուսակցություն դաշինք ԿԸՀ եմ ներկայանալ թեկնածու բաղկանալ ցուցակ և ազգային փոքրամասնություն թեկնածու բաղկանալ ցուցակ,8,157
https://armenpress.am/hy/article/1251223,2026-05-26 16:35:00,հակակոռուպցիոն կոմիտե ընտրական հանցագործություն վերաբերյալ նախաձեռնվել եմ ընդհանուր քրեական վարույթ,թվական փետրվար մայիս ընկնել ժամանակահատված Հայաստան հակակոռուպցիոն կոմիտե ընտրական հանցագործություն վերաբերյալ նախաձեռնվել եմ ընդհանուր քրեական վարույթ Արմենպրես ը փոխանցում այս մասին հաղորդագրություն եմ տարածել Կոմիտե մանրամասնել որ նշել վարույթ ձերբակալվել եմ անձ քրեական հետապնդել եմ հարուցել անձ նկատմամբ մեղադրյալ նկատմամբ հայտարարել եմ հետախուզել մեղադրյալ նկատմամբ ընտրել եմ անազատություն հետ կապվել կալանք և տնային կալանք խափանում միջոց իսկ նկատմամբ այլընտրանքային խափանում միջոց քրեական վարույթ իրականանալ եմ բազմաթիվ վարութային գործողություն այդ թիվ հարցաքննվել եմ ավելի անձ խուզարկություն եմ կատարել մի շարք գրասենյակ վարույթ նախաքննություն անձ վերաբերյալ մեղադրական եզրակացություն և դատարան ուղարկել նպատակով հանձնվել եմ հսկել դատախազ հակակոռուպցիոն կոմիտե կրկին հորդորել եմ ընտրական գործընթաց բոլոր մասնակից դրսևորել օրինապահ վարքագիծ և զգուշանալ որ կոռուպցիոն բնույթ ընտրական հանցագործություն գտնվել եմ Կոմիտե ամենօրյա ուշադրություն կենտրոն,10,119
https://armenpress.am/hy/article/1251222,2026-05-26 16:30:00,Հայաստան ու ԱՄՆ համագործակցել կարևոր հանքանյութ և հազվագյուտ հանածոն արդյունահան և մշակում ոլորտ,Հայաստան ու Ամերիկա միացյալ նահանգ շրջանակային հուշագիր եմ ստորագրել կարևոր հանքանյութ և հազվագյուտ հանածոն արդյունահան և մշակում ոլորտ մատակարարում ապահովում վերաբերյալ Արմենպրես ը փոխանցում հուշագիր ստորագրվել եմ ԱՄՆ պետքարտուղար Մարկո Ռուբիո Երևան կատարել այց շրջանակ հայկական կողմ հուշագիր ստորագրել եմ ՀՀ ագ նախարար Արարատ Միրզոյան ամերիկյան կողմից ԱՄՆ պետքարտուղար Մարկո Ռուբիո,13,51
https://armenpress.am/hy/article/1251200,2026-05-26 14:35:00,Հայաստան անվտանգություն և խաղաղություն երաշխիք ուժեղ և պաշտպանունակ բանակ եմ Փաշինյան,Հայաստան վարչապետ Նիկոլ Փաշինյան հայտարարել եմ որ Հայաստան անվտանգություն ու խաղաղություն երաշխիք ուժեղ և պաշտպանունակ բանակ եմ Արմենպրես ը փոխանցում Նիկոլ Փաշինյան այդ մասին ասել եմ Կոտայք մարզ Հրազդան քաղաք բնակիչ հետ հանդիպում ունենալ ելույթ ժամանակ մենք բանակ մենք առաջին հերթ խաղաղություն համար եմ պետք մենք պատրաստվել եմ խաղաղություն որովհետև հասկանալ եմ որ ուժեղ և պաշտպանունակ բանակ շատ կարևոր եմ խաղաղություն համար ուժեղ և պաշտպանունակ բանակ ունենալ երկիր կարող եմ գայթակղիչ լինել ագրեսիա համար հետևաբար մենք միշտ պետք եմ ունենալ ուժեղ և պաշտպանունակ բանակ բայց որ խնդիր պետք եմ լինել Հայաստան միջազգայնորեն ճանաչված տարածք պաշտպանություն և սա եմ անվտանգություն և խաղաղություն երաշխիք սա եմ երաշխիք որ մենք մենք պետություն սերնդեսերունդ փոխանալ ասել եմ Փաշինյան,11,114
https://armenpress.am/hy/article/1251170,2026-05-26 12:00:00,Ուջան ունենալ հիմնանորոգել ճանապարհ,արագածոտին մարզ Ուջան բնակավայր մեկնարկել եմ շուրջ երկարություն ճանապարհահատված հիմնանորոգում Արմենպրես ը փոխանցում ճանապարհային դեպարտամենտ հիմնադրամ տարածել հաղորդագրություն մեջ նշել եմ որ հիմնանորոգվել ճանապարհ տեղական նշանակություն եմ սկսվել եմ անցնել եմ Ուջան գյուղ և կրկին հասնել միջպետական ճանապարհ կապալառու կազմակերպություն իրականանալ եմ առկա ասֆալտբետոնե ծածկ ֆրեզման աշխատանք նախագիծ շրջանակ տեղադրել ասֆալտբետոնե նոր ծածկ կառուցել մայթ կողնակ կնորոգել իջատեղեր ու մուտք տեղադրել ջրահեռացում վաք բազրիք ճանապարհ կահավորվել անվտանգություն տարր կատարվել նախագիծ նախատեսել այլ աշխատանք նույնպես հիմնանորոգում իրականանալ եմ ՀՀ պետական բյուջե միջոց,4,81
https://armenpress.am/hy/article/1251137,2026-05-25 21:59:00,Մարտուն քաղաք փողոց ընթանալ եմ ճանապարհ հիմնանորոգում և մայթ կառուցում աշխատանք,գեղարքունիք մարզ Մարտուն քաղաք Դավիթ անհաղթ Ալաշկերտ Մխիթար Հերացի Հրաչյա Ներսիսյան Նարեկացի և Չարենց փողոց ՀՀ կառավարություն կողմից թվական իրականանալ սուբվենցիոն ծրագիր շրջանակ ընթանալ եմ ճանապարհ հիմնանորոգում և մայթ կառուցում ու սալարկում աշխատանք ինչպես Արմենպրես ը տեղեկանալ Մարտունի համայնքապետարան աշխատակազմ Մարտուն քաղաք վերոնշյալ փողոց հիմնանորոգում ծրագիր պայմանագրային արժեք կազմ եմ միլիոն հազար դրամ որ տոկոս հատկացնել եմ ՀՀ կառավարություն տոկոս Մարտունի համայնքապետարան ծրագիր նախատեսել եմ Մարտուն քաղաք Դավիթ անհաղթ Ալաշկերտ Մխիթար Հերացի Հրաչյա Ներսիսյան Նարեկացի և Չարենց փողոց երթևեկելի մաս ասֆալտապատ մետր ընդհանուր երկարություն և շուրջ հազար քառակուսի մետր մակերես և ջրահեռացում և ոռոգում առուն տեղադուր շինարարական աշխատանք մեկնարկել եմ թվական մարտ ամիս և կավարտել թվական աշուն Մարտուն քաղաք Դավիթ անհաղթ Ալաշկերտ Մխիթար Հերացի Հրաչյա Ներսիսյան Նարեկացի և Չարենց փողոց մայթ կառուցում ու սալարկում ծրագիր ընդհանուր պայմանագրային արժեք կազմ եմ միլիոն դրամ որ տոկոս հատկացնել եմ ՀՀ կառավարություն տոկոս Մարտունի համայնքապետարան ծրագիր նախատեսել եմ վերոնշյալ փողոց մայթ կառուցում ու սալարկ շուրջ քառակուսի մետր մակերես շինարարական աշխատանք մեկնարկ Դավիթ անհաղթ Ալաշկերտ և Նարեկացի փողոց տրել եմ թվական սեպտեմբեր Մխիթար Հերացի Հրաչյա Ներսիսյան և Չարենց փողոց թվական մարտ ամիս մայթ կառուցում ու սալարկում աշխատանք նախատեսել եմ ավարտել թվական դեկտեմբեր Դավիթ անհաղթ Նարեկացի Չարենց փողոց թվական մայիս դրություն շինարարական աշխատանք ավարտել եմ շուրջ Հրաչյա Ներսիսյան փողոց շուրջ տոկոս մխիթար Հերացի և Ալաշկերտ փողոց աշխատանք մեկնարկ նոր եմ տրել Մարտուն քաղաք փողոց ճանապարհ երթևեկելի մաս հիմնանորոգում և մայթ կառուցում ու սալարկում ծրագիր վրա ծախսվել ընդհանուր գումար կազմել միլիոն հազար դրամ կենսական կարևոր նշանակություն այս ծրագիր իրականացում արդյունք Մարտուն քաղաք Դավիթ անհաղթ Ալաշկերտ Մխիթար Հերացի Հրաչյա Ներսիսյան Նարեկացի և Չարենց փողոց հազարավոր բնակիչ պատմություն մեջ առաջին անգամ ասֆալտապատ ճանապարհ ու սալակապ մայթ օգտվել հնարավորություն ունենալ հիմնովին ազատվել տասնամյակ ի վեր գոյություն ունենալ ճանապարհ անբարեկարգ ու անհրապույր վիճակ բեռ Խոսրով Խլղաթյան,11,285
https://armenpress.am/hy/article/1251155,2026-05-26 09:59:00,ԱՄՆ պետդեպ հրապարակել եմ Մարկո Ռուբիո Երևան այց օրակարգ,Ամերիկա միացյալ նահանգ պետքարտուղարություն հրապարակել եմ պետքարտուղար Մարկո Ռուբիո մայիս աշխատանքային օրակարգ Արմենպրես ը փոխանցում պետքարտուղարություն հայտնել եմ որ մայիս Երևան ժամանակ ժամ պետքարտուղար Մարկո Ռուբիո Երևան հանդիպել Հայաստան արտաքին գործ նախարար Արարատ Միրզոյան հետ Երևան ժամանակ ժամ Մարկո Ռուբիո Հայաստան արտաքին գործ նախարար Արարատ Միրզոյան հետ մասնակցել փոխըմբռնում հուշագիր ստորագրում արարողություն պետքարտուղարություն ստորագրել հուշագիր բովանդակություն եմ բացահայտել մայիս ՀՀ ԱԳՆ մամուլ խոսնակ Անի Բադալյան հայտնել եմ որ մայիս Երևան ժամանել ԱՄՆ պետքարտուղար Մարկո Ռուբիո Երևան Զվարթնոց օդանավակայան կայանալ Հայաստան արտաքին գործ նախարար Արարատ Միրզոյան և ԱՄՆ պետքարտուղար Մարկո Ռուբիո հանդիպում ԱԳՆ մամուլ խոսնակ հայտնել եմ որ ծրագրել եմ փաստաթուղթ ստորագիր որ հետո Արարատ Միրզոյան և Մարկո Ռուբիո հանդես գալ մամուլ համար հայտարարություն,9,113
https://armenpress.am/hy/article/1251165,2026-05-26 10:58:00,ուժեղ Հայաստան ը գորիս պատասխանատուն ընտրակաշառք եմ բաժանել հակակոռուպիո Կոմիտե ձայնագրություն եմ հրապարակել,Հայաստան հանրապետություն հակակոռուպցիոն կոմիտե ծառայող կողմից իրականանալ օպերատիվ հետախուզական միջոցառում արդյունք փաստական տվյալ եմ ստանալ այն մասին որ ուժեղ Հայաստան կուսակցություն Սյունիք մարզ Գորիս համայնք տարածքային պատասխանատուն կուսակցություն օգտին քվեարկել պայման նույն համայնք մի շարք ընտրող խոստանալ ինչպես նաև տալ եմ ընտրակաշառք Արմենպրես ը փոխանցում Կոմիտե տարածել հաղորդագրություն մեջ նշել եմ որ դեպք առթիվ ՀՀ հակակոռուպցիոն կոմիտե նախաձեռնվել եմ քրեական վարույթ կատարել եմ խուզարկություն և վարութային այլ գործողություն,13,68
https://armenpress.am/hy/article/1251184,2026-05-26 13:17:00,դատախազ դատարան եմ հանձնել պետական գույք օտարում գործընթաց չարմշահել թույլ տալ նախկին պաշտոնյա վերաբերյալ քրեական վարույթ նյութ,դատախազ թվական մայիս հաստատել մեղադրական եզրակացություն իրավասու դատարան եմ հանձնել Երևան քաղաք ծիծեռնակաբերդի խճուղի շենք թիվ հասցե գտնվել քմ մակերես հասարակական նշանակություն տարածք և դա հարակ հա կառուցապատվել հողամաս թվական Հայաստան հանրապետություն օտարել գործընթաց թույլ տրել չարաշահում վերաբերյալ քրեական վարույթ նյութ ինչպես Արմենպրես ը տեղեկանալ եմ դատախազություն տարածել հաղորդագրություն քրեական վարույթ պարզել եմ որ Հ թվական մայիս մինչև թվական ապրիլ զբաղվել ՀՀ վարչապետ գլխավոր խորհրդական պաշտոն և հանդիսանալ բարձրաստիճան պաշտոնատար անձ ապօրի մասնակցել եմ ձեռնարկատիրական գործունեություն հովանավորել ինքը և Վ պ պատկանել ու ինքը կողմից փաստացի ղեկավարվել դի ընդ էյջ գրուպ սպ ընկերություն մասնավորապես Հ ը մի խումբ անձ հետ հանցակցություն խաբեություն եղանակ խուսափել եմ Հայաստան հանրապետություն նկատմամբ դի ընդ էյջ գրուպ սպ ընկերություն ունենալ վարկային պարտավորություն մասնակի մարում պետություն պատճառել առանձնապես խոշոր չափ միլիոն հազար դրամ վնաս ինչպես նաև դնդել եմ պաշտոնատար անձ պաշտոնեական լիազորություն չարաշահել քրեական վարույթ հիմնավորվել եմ նաև որ սուրբ ը թվական հունիս մինչև թվական մայիս զբաղվել ՀՀ ամ պետական գույք կառավարում վարչություն պետ պաշտոն հետ ունենալ հարաբերություն պայմանավորվել վերջին օգտին գործողություն կատարել շահադիտական դրդում և խմբային շահ ելնել ինքը իշխանական լիազորություն և դա պայմանավորվել ազդեցություն օգտագործել եմ ծառայություն շահ հակառակ որ էական վնաս եմ պատճառել պետություն օրինական շահ պետություն համար անզգուշություն առաջանալ միլիոն հազար դրամ չափ ծանր հետևանք անհատական անհատական թվական զբաղվել ՀՀ աշխատանք և սոցիալական հարց նախարար պաշտոն ՀՀ կառավարություն նիստ ընթացքում եմ ներկայանալ առարկություն և համաձայնություն եմ տալ պետական կարիք համար ձեռք բերել այնպիսի գույք որ եմ համապատասխանել սահմանել չափորոշիչ այդպիսով նպաստել դի ընդ էյջ Գրուպ սպ ընկերություն գույքային դրություն բարելավում վերոնշյալ գործողություն հետևանքով պետություն զրկվել եմ դի ընդ էյջ Գրուպ սպ ընկերություն տրամադրել միլիոն ԱՄՆ դոլար բյուջետային վարկ ընդհանուր միլիոն հազար դրամ ստանալ հնարավորություն թվական ապրիլ հսկել դատախազ հանրային քրեական հետապնդել եմ հարուցել ը նկատմամբ ձեռնարկատիրական գործունեություն ապօրի մասնակցել խարդախություն և պաշտոնեական լիազորություն չարաշահում դրդել համար սուրբ ը և նկատմամբ պաշտոնեական լիազորություն չարմշահել համար որ անզգուշություն առաջանալ եմ ծանր հետևանք երկու այլ անձ Կ ը և անհատական թու նկատմամբ դատախազ հարուցել եմ հանրային քրեական հետապնդել խարդախություն կատարել օժանդակել փաստաթուղթ կեղծել և պաշտոնեական լիազորություն չարաշահում օժանդակել համար դատախազ թվական մայիս քրեական վարույթ նյութ հաստատել մեղադրական եզրակացություն հանձնել եմ հակակոռուպցիոն դատարան ըստ էություն քննություն,17,350
https://armenpress.am/hy/article/1251163,2026-05-26 10:52:00,Նիկոլ Փաշինյան շնորհավորական ուղ եմ հղել Վրաստան վարչապետ,Հայաստան հանրապետություն վարչապետ Նիկոլ Փաշինյան շնորհավորական ուղ եմ հղել Վրաստան վարչապետ Իրակլ Կոբախիձե ազգային տոն պետական անկախություն վերականգում օր առթիվ Արմենպրես ը փոխանցում ՀՀ վարչապետ աշխատակազմ տարածել ուղերձ ասել եմ Հայաստան հանրապետություն կառավարություն և անձամբ ես անուն սրտանց շնորհավորել եմ Դուք Վրաստան ազգային տոն պետական անկախություն վերականգում օր առիթ Վրաստան հետ եղբայրական հարաբերություն առավել ամրապնդում մենք կառավարություն արտաքին քաղաքականություն գլխավոր նպատակ եմ որ արդեն կրել եմ գործնական և ինստիտուցիոնալ ռազմավարական գործընկերություն բնույթ առանձնահատուկ գոհունակություն եմ ընդգծել Դուք գլխավորել պատվիրակություն մասնակցություն Երևան անցկացնել եվրոպական քաղաքական համայնք գագաթնաժողով մենք բարձր եմ գնահատել նաև տարածաշրջանային փոխգործակցություն ուղղել Վրաստան կառավարություն և անձամբ Դուք ջանք կրկին շնորհավորել եմ անկախություն օր կապակցությամբ և մաղթել եմ Դուք արդյունավետ գործունեություն իսկ Դուք երկիր խաղաղություն և բարգավաճել,8,118
https://armenpress.am/hy/article/1251143,2026-05-25 19:40:00,Հայաստան անցկացնել եվրոպական հնագիտություն օր միջոցառում,հունիս Հայաստան իրականանալ եվրոպական հնագիտություն օր միջոցառում ինչպես Արմենպրես ը ը տեղեկանալ ՀՀ ԿԳՄ եռօրյա միջոցառում կանցկացնել ՀՀ տարբեր հնագիտական վայր արգելոց թանգարան թանգարան և մշակութային այլ վայր միջոցառում միանալ եմ Հայաստան հնագիտություն զբաղվել մի շարք կազմակերպություն ՀՀ գաա հնագիտություն և ազգագրություն ինստիտուտ պատմամշակութային ժառանգություն գիտահետազոտական կենտրոն Հայաստան պատմություն թանգարան Լոռի Փամբակ Դիլիջան Եղեգնաձոր երկրագիտական թանգարան Երևան պատմություն թանգարան միջոցառում նախատեսել եմ բոլոր տարիքային խումբ և հնագիտություն հետաքրքրվող համար եվրոպական հնագիտություն օր միջոցառում Հայաստան մասնակցել եմ տարի միջոցառում ընթացքում հանրություն հնարավորություն եմ ընձեռել ծանոթանալ հնագիտություն ոլորտ այցելել պեղավայր հնագիտական հետազոտական կազմակերպել եմ հանդիպում հնագետ և հնագիտական գտածու վերականգնող հետ տեղ եմ ունենալ մի շարք կրթական և ճանաչողական միջոցառում պեղում ցուցադրություն դասընթաց քայլարշավ և այլն թվական Ֆրանսիա մշակույթ նախարարություն եվրոպական հնագիտություն օր միջոցառում համակարգում ու խթանում հանձնել եմ կանխարգելիչ հնագիտական հետազոտություն ազգային ինստիտուտ,6,132
https://armenpress.am/hy/article/1251105,2026-05-26 09:00:00,սուրբ Վ Մալայան անուն ակնաբուժական կենտրոն տարեկան վիրահատություն թիվ մի քանի անգամ աճել եմ կենտրոն զարգանալ եմ նաև գիտական ուղղություն,սուրբ Վ Մալայան անուն ակնաբուժական կենտրոն վերջին տարի զգալիորեն ընդլայնել եմ ինքը գործունեություն ավելանալ ինչպես բուժառու հոսք այնպես էլ վիրահատություն ծավալ կենտրոն պահպանել ինքը հիմնական առաքելություն վերականգնել տեսողություն նույնիսկ կրքոտ դեպք շարունակել եմ զարգանալ տեխնոլոգիական գիտական և կրթական ուղղություն միջազգային համագործակցություն ակտիվ ներգրավում սուրբ Վ Մալայան անուն ակնաբուժական կենտրոն տնօրեն Հովսեփ Միրոյան Արմենպրես ը հետ զրույց ներկայանալ եմ ոլորտ զարգացում ուղղություն տարի ձեռքբերում ու առկա մարտահրավեր ի՞նչհիմնականժւռ իկենտրոննայսօր ևինչպել ենդրանքարտացոլվումձերառօրյաաշխատանքում մենք կենտրոն ունեմ ավելի քան տարի պատմություն և Հայաստան միակ մոնոպրոֆիլ ակնաբուժական կենտրոն եմ մենք հիմնական առաքելություն եմ ապահովել բարձրորակ ակնաբուժական ծառայություն և հնարավորություն սահման վերադառնալ տեսողություն նույնիսկ կրքոտ դեպք այդ թիվ միակ աչք կամ այլ հաստատություն մերժվել պացիենտ համար կենտրոն գործել եմ ութ մասնագիտանալ բաժանմունք ախտորոշիչ մանկական գլաուկոմա լազերային շտկում վնասվածքաբանական պլաստիկ վիտրեոռետինալ ու բորբոքային ուղղություն մենք մոտ եմ գործել նաև Երևան պետական բժշկական համալսարան ակնաբուժություն ամբիոն և մենք կարևորել եմ ինչպես բուժական այնպես էլ կրթական ու գիտական աշխատանք բացի տեսական կրթություն մեծ ուշադրություն եմ դառնալ պրակտիկ հմտություն զարգացում կենտրոն գործել եմ միկրովիրաբուժական ուսուցում լաբորատորիա որտեղ երիտասարդ բժիշկ կենսաբանական մոդել վրա զարգանալ եմ միկրովիրաբուժական հմտություն նման մեթոդ լայնորեն կիրառվել եմ աշխարհ առաջատար ակնաբուժական կենտրոն եթե նախկին տարեկան սպասարկել եմ մոտ հազար բուժառու ապա առողջապահական ապահովագրություն ներդրում հետո պացիենտ հոսք մի քանի անգամ աճել եմ այսօր օրական իրականանալ եմ միջին վիրահատություն իսկ շաբաթական շուրջ վիրահատություն առանց լազերային միջամտություն հաշվառում կենտրոն գործել եմ վիրասրահ և այդ ծավալ պահանջել եմ բարձր կազմակերպվածություն ու մեծ նվիրվածություն բնականաբար ցանկացած բժշկական հաստատություն լինել եմ և գոհ և դժգոհ պացիենտ հատկապես երբ գործ ունեմ բարդ ու ուշանալ դեպք հետ սակայն մենք միշտ փորձել եմ անել առավելագույն որպեսզի պահպանել կամ վերականգնել մարդ տեսողություն վերջինտարի ի՞նչկարևորզարգացումներկամբարեփոխումներենիրականացվելկենտրոնում կենտրոն իրականանալ եմ լայնածավալ ոչ թե կոսմետիկ այլ հիմնարար վերանորոգել զուգահեռաբար ձեռք եմ բերել նոր սարքավորում որ որոշ եզակի եմ հանրապետություն մենք ակտիվորեն ներգրավել եմ գիտական գործունեություն մեջ ներկա իրականանալ եմ մի քանի միջազգային հետազոտություն համագործակցել ԱՄՆ Ֆրանսիա և Իսրայել գործընկեր հետ կենտրոն նաև ճանաչել ունեմ միջազգային գիտական հարթակ ինչ նպաստել եմ մենք հեղինակություն բարձրացում հետազոտություն վերաբերել եմ ցանցաթաղանթ հիվանդություն միկրովիրաբություն գլաուկոմա վաղ ախտորոշում և նոր վիրաբուժական մեթոդ գիտական այս համագործակցություն կարևոր եմ ոչ միայն կենտրոն այլև ամբողջ Հայաստան համար որո՞նքենայնծայուն կամտեխնոլոգիա էՀայաստան մենք կարևորել եմ ոչ միայն տեխնոլոգիա այլև առաջին հերթ մասնագետ պացիենտ գալ եմ բժիշկ մոտ և հենց բժիշկ եմ կատարել ախտորոշում ու բուժում իսկ սարքավորում միայն օգնել գործիք եմ մենք մասնագետ մեծ մաս վերապատրաստվել եմ արտերկիր Ֆրանսիա Ռուսաստան և այլ երկիր բացի այդ համագործակցել եմ նաև տարածաշրջանային գործընկեր հետ մասնավորապես Վրաստան ակնաբույժ հետ որ արդեն ինքը երիտասարդ մասնագետ ուղարկել եմ մենք կենտրոն վերապատրաստում կադրային քաղաքականությանառումովինչպե՞սեքներգրավումևզարգացնումերիտասարդմասնագետներին քանի որ կլինիկական օրդինատոր սովորել եմ հենց մենք կենտրոն մենք հնարավորություն ունեմ հետևել նա առաջընթաց վերջին տարի լավագույն ընտրել եմ շուրջ երիտասարդ բժիշկ որ համալրել եմ մենք թիմ գործել եմ նաև էթիկա կոմիտե որ գնահատել եմ թեկնածու մասնագիտական և մարդկային որակ մենք կարևորել եմ ոչ միայն գիտելիք այլ նաև աճել ձգտում արդյոքհամագործակցո՞ւմեքմիջազգայինկառույցներիհետ այո համագործակցել եմ մի շարք երկիր հետ ինչպես գիտական այնպես էլ մասնագիտական ուղղություն այդ համագործակցություն նպաստել եմ նոր մեթոդ ներդրում և նույնիսկ բժշկական տուրիզմ զարգացում լինել եմ դեպք երբ արտասահմանցի բժիշկ ինքը պացիենտ ուղղորդել եմ բուժում նպատակով Հայաստան որ ենայսօրակնաբուժությանոլորտումհիմնականմարտահրավերները Հայաստան թեժ մարտահրավ գիտություն զարգացում եմ միայն սարքավորում ձեռք բերել կամ բժիշկ վերապատրաստել հնարավոր եմ հասնել բարձր արդյունք եթե եմ զարգանալ գիտական միտք մենք փորձել եմ այդ բաց լրանալ ակտիվորեն ներգրավել հետազոտություն ինչպիսի՞դերունինորագույնտեխնոլոգիաների ներդրում ձերռազմավարությանմեջ նոր տեխնոլոգիա ներառյալ արհեստական բանականություն մեծ դեր ունեմ հատկապես ախտորոշում ոլորտ արհեստական բանականություն կարող եմ օգնել բժիշկ ավելի արագ և ճշգրիտ գնահատել տվյալ սակայն այն եմ կարող փոխարինել բժիշկ վերջնական որոշում միշտ կայանալ եմ մասնագետ աշխարհ զարգանալ եմ նաև ռոբոտային վիրաբուժություն և մենք արդեն առաջարկ եմ ստանալ այդ ուղղություն գիտական ծրագիր իրականանալ համար առողջապահականապություն ինչպիսի փոփոխություն եմ բերել առողջապահական ապահովագրություն ներդրում զգալիորեն փոխել եմ իրավիճակ եթե նախկին միայն սոցիալապես անապահով խավ եմ օգտվել անվճար ծառայություն ապա այժմ շատ ավելի մեծ թիվ մարդ հնարավորություն ունեմ ստանալ անհրաժեշտ բուժում մենք այս տարի ընթացքում տեսնել մեծ թիվ պացիենտ որ ունեմ վերականգնել կուրություն սակայն տարի շարունակ եմ դիմել բուժօգնություն ժամանակ իրականանալ վիրահատություն հետո մարդ կրկին վերականգնել եմ տեսողություն որ ենկենտրոնիզգաց առաջիկածրագիր շարունակել եմ զարգանալ երեք հիմնական ուղղություն շինարարություն բժշկություն և գիտություն միաժամանակ մեծ ուշադրություն եմ դառնալ երիտասարդ մասնագետ պատրաստում քանի որ նա եմ համակարգ ապագան ի՞նչխորհուրդկտաքմարդկանց որոնքհետաձգումենաչքերիհետազոտությունը թրքոր խորհուրդ ժամանակին դիմել բժիշկ շատ դեպք ուշացում կարող եմ բերել անդառնալի հետևանք նույնիսկ ֆինանսական խնդիր դեպք այսօր հնարավոր եմ լուծում գտնել ուստի պետք եմ հետաձգել բուժում Կլինիկա տնօրեն Հովսեփ Միրոյան նախաձեռնություն և ջանք կենտրոն ստեղծվել եմ փոքրիկ թանգարան որտեղ հավաքվել եմ ակնաբուժական հին սարքավորում թանգարան ուսանող և ինչու եմ նաև կլինիկա այցելու հնարավորություն եմ տալ ծանոթանալ այն սարքավորում ու հնարավորություն որ տարի առաջ աշխատել եմ կենտրոն հիմնադիր ու ավագ սերունդ միաժամանակ թանգարան շրջել կարելի եմ տեսնել ակնաբուժություն զարգացում և էվոլյուցիա ամբողջ ուղի,20,769
https://armenpress.am/hy/article/1251133,2026-05-25 18:17:00,Գորիս նախկին տնօրեն կողմից լիազորություն չարմշահել և փող լվացում կատարել վերաբերյալ քրեական վարույթ նախաքննություն ավարտվել եմ,ՀՀ քննչական կոմիտե հատուկ հանձնարարություն գլխավոր վարչություն ավարտվել եմ Գորիս Յոլյան անուն հիվանդանոց ՓԲ ընկերություն նախկին տնօրեն կողմից օրենսդրություն ինքը վերապահել լիազորություն ի վնաս ընկերություն շահ օգտագործել վերջին և նա կին ու քույր կողմից առանձնապես խոշոր չափ փող լվացում կատարել վերաբերյալ քրեական վարույթ նախաքննություն ինչպես Արմենպրես ը տեղեկանալ ՀՀ քննչական կոմիտե նախաքննություն ձեռք բերել տվյալ համաձայն սուրբ թվական մինչև թվական ընկնել ժամանակահատված զբաղվել հիշյալ ընկերություն տնօրեն պաշտոն սեփականություն իրավունք ընկերություն պատկանել Գորիս քաղաք գր Տաթևացու հասցե գտնվել ընդհանուր մակերես վարչական շենք և մակերես ավտոտնակ թվական փետրվար շուկայական գին էականորեն ցածր միլիոն հզր ՀՀ դրամ ոչ իրավաչափ եղանակ օտարել եմ քույր այնուհետև վերոհիշյալ անշարժ գույք ակնհայտ հանցավոր ծագում թաքչել նպատակով թվական դեկտեմբեր նվիրատվություն եղանակ փոխանցել եմ սուրբ կին հիշյալ ձևական նվիրատվություն պայմանագիր հիմն վրա թվական դեկտեմբեր նշել գույք նկատմամբ սեփականություն իրավունք գրանցում հետո ը անվամ թվական մայիս իրավասու մարմին ներկայանալ դիմում հիմն վրա Գորիս քաղաք գր տաթևացի փողոց թիվ հասցե գտնվել հիշյալ անշարժ գույք բաժանվել եմ երկու առանձին միավոր գր տաթևացի վարչական շենք և ավտոտնակ գր տաթևացի վարչական շենք հասցե այնուհետև Գորիս քաղաք գր տաթևացի փողոց հասցե գտնվել վարչական շենք և ավտոտնակ հանցավոր ծագում քողարկել դիտավորություն ավարտ հասնել նպատակով սուրբ ը ը միջոցով թվական օգոստոս դա գրավադրել եմ բանկ և ստանալ միլիոն հզր ՀՀ դրամ գումար սակայն պայմանագրային պարտավորություն կատարել ուղղել որևէ վճարել եմ կատարել ինչ արդյունք հիշյալ գույք թվական նոյեմբեր միլիոն հզր ՀՀ դրամ օտարվել եմ բանկին սուրբ նկատմամբ հարուցել եմ հանրային քրեական հետապնդել թվական ընդունվել քրեական օրենսգիրք հոդված մաս մասնավոր ոլորտ ծառայողական լիազորություն կամ դա պայմանավորվել ազդեցություն չարաշահել և քրեական օրենսգիրք հոդված մաս կետ առանձնապես խոշոր չափ փող լվացում իսկ սուրբ կին և քույր նկատմամբ ՀՀ քրեական օրենսգիրք հոդված մաս կետ առանձնապես խոշոր չափ փող լվացում քրեական վարույթ նախաքննություն ընթացքում պատճառել վնաս վերականգնել նպատակով արգելանք եմ կիրառվել Գորիս համայնք գր տաթևացի վարչական շենք վրա քրեական վարույթ մեղադրական եզրակացություն ուղարկվել եմ հսկել դատախազ ծանուցում հանցագործություն համար մեղադրվող համարել եմ անմեղ քանի դեռ նա մեղավորություն ապացուցել եմ քրեական դատավարություն օրենսգիրք սահմանել կարգ դատարան օրինական ուժ մեջ մտնել դատավճռ,16,327
https://armenpress.am/hy/article/1251174,2026-05-26 12:20:00,մենք զրո բանակ եմ ստեղծել Նիկոլ Փաշինյան,Հայաստան վարչապետ Նիկոլ Փաշինյան հայտարարել եմ որ մայիս հանրապետություն հրապարակ կայանալ զորահանդես ներկայանալ Հայաստան կողմից թվական հետո ձեռք բերել սպառազինություն Արմենպրես ը հաղորդում Կոտայք մարզ Մեղրաձոր բնակավայր բնակիչ հետ հանդիպում ընթացքում Փաշինյան նշել եմ որ զորահանդես լինել եմ հաշվետվություն զորահանդել այնքան բամբասել թե բանակ քանդել եմ մենք ոչ թե բանակ քանդել եմ այլ ինքը բանակ կոչվել ավերակ մի կողմ եմ դնել և զրո ստեղծել եմ բանակ գալ հանրապետություն հրապարակ և տեսնել այդ բանակ ասել եմ վարչապետ նա խոսք զորահանդես ներկայանալ զինտեխնիկա շուրջ տոկոս ձեռք եմ բերել թվական հետո Փաշինյան նշել եմ նաև որ Հայաստան բանակ հրետանի հիմնական միջոց համարել հրետանային համակարգ Հայաստան գործարանային արտադրություն տարբերակ առաջին անգամ ստանալ եմ թվական առաջին օգտագործող մենք եմ գործարան դուրս եմ գալ և գալ եմ Հայաստան հանրապետություն ասել եմ նա վարչապետ նաև անդրադառնալ եմ նախկին Հայաստան սպառազինություն վիճակին նշել որ բանակ զինատեսակ մեծ մաս լինել եմ արտադրություն մենք բանակ զենք տոկոս լինել եմ զենք հայտարարել եմ Փաշինյան նա խոսք Հայաստան և Ադրբեջան կողմից միմյանց տարածքային ամբողջականություն ճանաչում հետո միջազգային շուկա Հայաստան համար նոր հնարավորություն եմ ստեղծվել զինտեխնիկա ձեռքբերում հարց երբ մենք ճանաչել եմ մենք հարևան տարածքային ամբողջականություն մենք հարևան էլ մեր զենք շուկ մենք համար բացվել եմ որովհետև լեգիտիմ իրավունք եմ սեփական տարածք անվտանգություն և անձեռնմխելիություն պաշտպանել ասել եմ Փաշինյան,7,206
https://armenpress.am/hy/article/1251164,2026-05-26 10:54:00,ԶՈՒ ավիացիա թռիչք կատարել Երևան կենտրոն զորահանդես կազմակերպչական աշխատանք շրջանակ,Հայաստան զինել ուժ ավիացիա Երևան կենտրոն քիչ անց թռիչք կատարել մայիս Երևան հանրապետություն հրապարակ կայանալ զորահանդես կազմակերպչական աշխատանք շրջանակ Արմենպրես ը փոխանցում այս մասին հաղորդագրություն եմ տարածել ՀՀ պաշտպանություն նախարարություն նշել որ քիչ առաջ զորահանդես կազմակերպչական աշխատանք շրջանակ Երևան կենտրոն թնդանոթ երեկ համազարկ հնչել,10,44
https://armenpress.am/hy/article/1251141,2026-05-25 21:40:00,Վարդեն համայնք կայանալ եմ դպրոցական աղջիկ մին ֆուտբոլ բաց առաջնություն,գեղարքունիք մարզ Վարդեն քաղաք թիվ մարզադպրոց կայանալ եմ դպրոցական աղջիկ մին ֆուտբոլ բաց առաջնություն որ կազմակերպել եմ Հայաստան ֆուտբոլ ֆեդերացիա գեղարքունիք մարզ ներկայացուցիչ Վարդան Դավթյան ինչպես Արմենպրես ը տեղեկանալ Վարդենիս համայնքապետարան աշխատակազմ մրցաշար ներկա եմ լինել Հայաստան աղջիկ առաջնորդություն սպորտ կրթական հիմնադրամ ներկայացուցիչ առաջնություն մասնակցել եմ գեղամասար Սոթք փոքր Մասրիկ և Ծակքար միջնակարգ դպրոց հավաքական թիմ մրցաշար վերջնական արդյունք առաջին տեղ գրավել եմ գեղամասար միջնակարգ դպրոց թիմ երկրորդ տեղ գրավել եմ Սոթք միջնակարգ դպրոց թիմ տեղ ծակքար միջնակարգ դպրոց թիմ լավ ֆուտբոլիստուհի եմ ճանաչվել Սոթք միջնակարգ դպրոց աշակերտ Միլենա Ավետյան ծակքար միջնակարգ դպրոց աշակերտ Մերի Ղուկասյան և գեղամասար միջնակարգ դպրոց աշակերտ Միլենա Հարությունյան մասնակից թիմ շնորհավորանք և շնորհակալական խոսք ողջունել եմ Վարդենիս համայնքապետարան աշխատակազմ կրթություն մշակույթ սպորտ երիտասարդություն և սոցիալական աջակցություն բաժին պետ Աննա Վարդանյան Խոսրով Խլղաթյան,10,127
https://armenpress.am/hy/article/1251142,2026-05-25 20:00:00,դասընթաց հնդկաստան տեխնիկական և տնտեսական համագործակցություն ծրագիր շրջանակ,հնդկաստան հանրապետություն արտաքին գործ նախարարություն առաջարկել եմ հնդկաստան տեխնիկական և տնտեսական համագործակցություն ծրագիր շրջանակ թվական համար նախատեսել ոլորտային դասընթաց ցանկ կցվել եմ ինչպես Արմենպրես ը տեղեկանալ ԿԳՄ դասընթաց իրականանալ եմ ամբողջ տարի կտրվածք դա վերաբերյալ տեղեկատվություն մշտապես հասանելի եմ տվյալ ժամանակաշրջան համար առաջարկել դասընթաց պահանջ համապատասխանել թեկնածու կարող եմ գրանցվելհետևյալհղմամբ առցնել գրանցում զատ անհրաժեշտ եմ ներբեռնել ու լրանալ դիմում ամբողջական փաթեթ ներառյալ անձնագիր պատճեն բժշկական տեղեկանք լեզու մասին տեղեկանք ու տվյալ թեկնածու գերատեսչություն կողմից տրել երաշխավորագիր դասընթաց մասնակցություն համար լրանալ հայտադիմում այդ թիվ բնօրինակ ներկայանալ գերատեսչություն կողմից տրել երաշխավորագիր ուղեկցություն անհրաժեշտ եմ ներկայանալ ՀՀ ԱԳՆ համապատասխան հայտագիր փաթեթ ՀՀ հնդկաստան դեսպանություն փոխանցել նպատակով հայտադիմում ՀՀ ԱԳՆ միջոցով պետք եմ փոխանցել ՀՀ հնդկաստան դեսպանություն դասընթաց մեկնարկ առնվազն օր առաջ ուշ դիմել հետևանքով հատկացնել տեղ անհասանելիություն խուսափել նպատակով դասընթաց վերաբերել լրացուցիչ տեղեկատվություն ստանալ համար բովանդակային տեխնիկական ինչպես նաև դիմում ձև լրացնել հետ կապվել հարց անհրաժեշտ եմ կապ հաստատել ՀՀ հնդկաստան դեսպանություն աշխատակց հետ հետևյալ էլ փոստ միջոցով,8,155
https://armenpress.am/hy/article/1251168,2026-05-26 11:48:00,Տավուշ մարզ իջևան քաղաք գործարկել եմ էլեկտրական շչակ,Տավուշ մարզ իջևան քաղաք մայիս ժամ ընկնել ժամանակահատված անցկացնել եմ օդային տագնապ ազդանշան դեպք բնակչություն ազդարարում պատսպարում և տարհանում աշխատանք կազմակերպում թեմայ վարժանք Արմենպրես ը փոխանցում այս մասին հայտնել եմ փրկարար ծառայություն նշել որ վարժանք ընթացքում ժամ գործարկել եմ էլեկտրական շչակ,8,41
https://armenpress.am/hy/article/1251162,2026-05-26 10:15:00,ԱԺ նիստ մեկնարկել քվորում բացակայություն պատճառով,ազգային ժողով նիստ մեկնարկել քվորում բացակայություն պատճառով Արմենպրես ը փոխանցում նիստ մասնակցել համար գրանցել եմ ընդամենը պատգամավոր ՀՀ ԱԺ փոխնախագահ Հակոբ Արշակյան հայտարարել որ ԱԺ կանոնակարգ սահմանադրական օրենք համաձայն գրանցում շարունակվել եմ մինչև անհրաժեշտ թիվ պատգամավոր գրանցում բայց ոչ ավելի քան ժամ հայտարարել Արշակյան հիշել որ մայիս Հայաստան մեկնարկել եմ խորհրդարանական հերթական ընտրություն նախընտրական քարոզարշավ որ շարունակվել մինչև հունիս խորհրդարանական քաղաքացիական պայմանագիր և Հայաստան խմբակցություն քարոզարշավ եմ մասնակցել,6,68
https://armenpress.am/hy/article/1251148,2026-05-25 22:45:26,շիրակց մի բան ունեմ շահագրգռվել դա խաղաղություն եմ ու թասիբ որ հնարավոր եմ ոչ մի բան գնել մարզպետ,վերջին տարի ընթացքում ՀՀ կառավարություն Շիրակ մարզ շուրջ միլիոն դոլար ներդր եմ կատարել Արմենպրես ը փոխանցում այս մասին հայտարարել Շիրակ մարզպետ Դավիթ Առուշանյան Գյուրիի Վարդանանց հրապարակ քաղաքացիական պայմանագիր կուսակցություն հանրահավաք ժամանակ Շիրակ մարզ և Գյումրիում այս տարի ընթացքում բազմաթիվ աշխատանք եմ անել մոտ միլիոն դոլար ներդրում եմ լինել Շիրակ մարզ դպրոց եմ կառուցել ու շարունակել եմ դեռ կառուցել վրքար գյուղ նույնիսկ մանկապարտեզ եմ կառուցել և շարունակել եմ կառուցել Գյումրիում և հեռավոր գյուղ վստահեցնել եմ կամ մի գյուղ Շիրակ մարզ որտեղ կառավարություն միջամտություն որևէ աշխատանք կատարել լինել այս տարի նշել մարզպետ Առուշանյան անդրադառնալ նաև գյուղատնտեսություն ոլորտ կատարել ներդրում մանրամասնել որ կառավարություն աջակցություն ձեռք եմ բերել նաև գյուղատնտեսական տեխնիկա Շիրակ մարզ միլիարդ դրամ աջակցություն եմ տալ կառավարություն որ տրել եմ գյուղատնտես լիզինգ տեխնիկա ձեռքբերում մինչև խելացի անասնագոմ և շատ ու շատ այլ գյուղատնտեսական աշխատանք համար Գյումրի և Շիրակ մարզ բազում գործարան կառավարություն միլիարդ դրամ աջակցություն եմ ցուցաբերել լիզինգ նոր սարքավորում ձեռքբերել մաքսատուրք ազատում կամ ավելացում արժեք հարկ ազատում մաս կառավարություն աջակցություն ընդհանուր առում միլիարդ դրամ Գյումրի և Շիրակ մարզ գործարար և ֆերմեր աջակցություն եմ տրել որ վստահ եմ բազում աշխատատեղ եմ բացել նշել նա ընդգծել որ այս քարոզարշավ այն բացառիկ դեպք եմ երբ գործել իշխանություն ոչ թե խոստում եմ տալ այլ կատարել աշխատանք եմ ներկայանալ Մարզպետ նկատել Գյումրի քաղաքայ պետկեր թվական սկսած շատ եմ փոխվել մենք ցավոք մինչև թվական լինել եմ հետերկրաշարժյան Գյումրի հետերկրաշարժյան շիրակ հիմա մենք գյումրեցի երիտասարդ աչք ժպիտ կամ նա հույս եմ կապել Գյումրու հետ հույս եմ կապել Շիրակ մարզ հետ և ինքը դեմք անհոգություն կամ ուզել եմ դիմել մարդ ով դուրս գալ ուզել եմ շիրակցի ինչ որ բան շահագրգռել շիրակց մի բան ունեմ շահագրգռվել դա խաղաղություն եմ ու թասիբ եմ որ հնարավոր եմ ոչ մի բան գնել մենք ցույց եմ տալ թե ինչ ձև եմ վարվել այն կառավարություն հետ որ մեջք եմ մենք դառել լինել բայց այսօր Գյումրիում ու Շիրակ մարզ բազում աշխատանք եմ անել մենք երկիր կառավարություն ընդունել եմ երկիր համաչափ զարգացում մոդել լինել Երևան թե Հայաստան հեռավոր գյուղ բոլորը արժանի եմ լավ պայման ապրել ելույթ եզրափակել Շիրակ մարզպետ մայիս մեկնարկել եմ Հայաստան հունիս կայանալ խորհրդարանական ընտրություն նախընտրական քարոզարշավ որ շարունակվել մինչև հունիս ընտրություն մասնակցել համար գրանցել եմ քաղաքական ուժ դաշինք և կուսակցություն քաղաքացիական պայմանագիր կուսակցություն ընտրություն մասնակցել եմ համար ներքո տեր կանգնիր խաղաղություն կարգախոս քաղաքացիական պայմանագիր կուսակցություն ԿԸՀ եմ ներկայանալ թեկնածու կազմվել ընտրական ցուցակ ինչպես նաև ազգային փոքրամասնություն թեկնածու բաղկանալ ցուցակ կուսակցություն վարչապետ թեկնածուն Նիկոլ Փաշինյան եմ,18,391
https://armenpress.am/hy/article/1251132,2026-05-25 18:04:00,անցկացնել եմ փայտփորիկ սոլֆեջոյ երկրորդ հանրապետական օլիմպիադա առաջին փուլ,ԿԳՄՍ նախարարություն աջակցություն և Երևան Սայաթ Նովայ անուն երաժշտական դպրոց նախաձեռնություն մեկնարկել եմ սոլֆեջոյ փայտփորիկ երկրորդ հանրապետական օլիմպիադա առաջին փուլ ինչպես Արմենպրես ը տեղեկանալ ԿԳՄ նախարար տեղակալ Դանիել Դանիելյան օլիմպիադա ընթացք հետևել նպատակով այցելել եմ Երևան Սայաթ Նովայ անուն երաժշտական դպրոց մինչ ստուգատեսի մեկնարկ նա զրուցել եմ մասնակից հետ և նա հաջողություն մաղթել վստահ եմ դուք կարող եմ կարևորել օլիմպիադա անցկացում նախարար տեղակալ ընդգծել եմ որ Սոլֆեջո առարկա տիրապետել երաժշտական կրթություն շարունակել մասնագիտական բարձր պատրաստվածություն ունենալ նախապայման եմ նախարարություն անչափ կարևորել եմ երաժշտական կրթություն որակ բարձրացում միտել ծրագիր այս առարկա ուսուցում զարգացում եմ միտել նաև նոր գրականություն ստեղծում ու հրատարակում նոր մեթոդաբանություն ներմուծում անցնել տարի նախարարություն նոր ձեռնարկ եմ ստեղծել որոնցել երեխա համար առավել ուսուցողական հասանելի և մատչելի վարժություն եմ ներառել թվական հրատարակվել տեսական առարկա նոր ծրագիր ինչպես նաև ուսումնամեթոդական գրականություն նորաստեղծ գրականություն ստեղծում ուղղել եմ ոլորտ ուսուցում մակարդակ որակ բարձրացում ու նորարարություն խթանում այս համատեքստ հատկանշական եմ որ փայտփորիկ սոլֆեջոյ հանրապետական օլիմպիադային մասնակցել եմ բարձր պատրաստվածություն ունենալ մեծ թիվ երեխա նշել եմ նախարար տեղակալ այս տարի օլիմպիադան ընդգրկել եմ երեխա առավել մեծ մասնակցություն առաջին փուլ մասնակցել եմ ՀՀ երաժշտական և արվեստ դպրոց ուստար և կրթություն ավարտական դասարան աշակերտ շարունակել ոլորտ ընթանալ բարեփոխում և մասնագիտական դաշտ ակտիվացում թեմ նախարար տեղակալ Դանիել Դանիելյան ընդգծել եմ որ իրականանալ եմ նաև դասատու վերապատրաստում ծրագիր օլիմպիադային ընդառաջ ԿԳՄՍ նախարարություն աջակցություն Երևան Սայաթ Նովայ անուն երաժշտական դպրոց իրականանալ եմ սեմինար խորհրդակցություն փորձել փոխանակում որ մասնակցել եմ Երևան և մարզ երաժշտական և արվեստ դպրոց շուրջ տնօրեն սոլֆեջոյ մանկավարժ նախարար տեղակալ ոլորտ բովանդակային զարգացան զուգահեռ անդրադառնալ եմ նաև երաժշտական և արվեստ դպրոց վերանորոգում ու վերազինում կարևորություն ըստ նա քննարկել եմ ՀՀ կառավարություն առաջիկա ծրագիր ներառել երաժշտական և արվեստ դպրոց ենթակառուցվածք վերանորոգում և վերազինմանում աշխատանք Երևան Սայաթ Նովայ անուն երաժշտական դպրոց տնօրեն Գարիկ Նազարյան նշել եմ որ փայտփորիկ սոլֆեջոյ հանրապետական օլիմպիադան տարեցտար զարգանալ մեծ միտի ունեմ ընդգրկել գեղարվեստական կրթություն նոր բնագավառ նա խոսք ստուգատեսի ամենամյա անցկացում ծառայել եմ ինքը նպատակ երաժշտական կրթություն հենք հանդիսանալ Սուլֆեջո առարկա կրթություն որակ և դասավանդում արդյունավետություն բարձրացում Գարիկ Նազարյան տեղեկացում բացի վերապատրաստում մանկավարժ շրջան հայտարարել եմ լավ մեթոդական աշխատանք ընտրություն մրցույթ արդեն հայտ ստանալ եմ և կազմկոմիտե շուտ քննարկել և հաղթող ճանաչել մեկ աշխատանք որ ներդնել եմ երաժշտական և արվեստ դպրոց որպես մեթոդական ձեռնարկ փայտփորիկ սոլֆեջոյ երկրորդ հանրապետական օլիմպիադա շրջանակ ՀՀ գործել երաժշտական և արվեստ դպրոց սովորող մրցակցային պայման ներկայանալ եմ Սոլֆեջո առարկա գիտելիք ու դասավանդում արդյունք Օլիմպիադան անցկացնել եմ երկու փուլ մարզային և եզրափակիչ առաջին փուլ մասնակցություն համար հայտագրել եմ աշակերտ այն անցկացնել եմ միաժամանակ Երևան և ՀՀ մարզ նույն օր և նույն ժամ թեստա առաջադրանք առավելագույն միավոր ստանալ սովորող հունիս մասնակցել Երևան կայանալ եզրափակիչ փուլ,9,424
https://armenpress.am/hy/article/1251134,2026-05-25 18:45:00,Նիկոլ Փաշինյան դատել տալ սամվել Կարապետյան Կանադայ տուն ունենալ վերաբերյալ հայտարարություն համար,ՀՀ վարչապետ Նիկոլ Փաշինյան արձագանքել եմ ուժեղ Հայաստան կուսակցություն նախագահ Սամվել Կարապետյան հայտարարություն թե Փաշինյան Կանադայ տուն ունեմ Փաշինյան ասել եմ որ դատել եմ տալ սամվել Կարապետյան Կալուգացի հայտարարել եմ թե ես Կանադայ տուն ունեմ բնականաբար այդ անհեթեթ հայտարարություն համար ես նա դատել եմ տալ և նա ներողություն եմ խնդրել ուրիշ տարբերակ ունեմ պարզապես պատերազմ եռագլուխ կուսակցություն և կալուգանալ այդպես էլ եմ հասկանալ որ ես մի տուն ունեմ և այդ տուն Հայաստան հանրապետություն եմ ես երբեք ուրիշ տուն ոչ փնտրել եմ ոչ էլ փնտրել Արմենպրես ը փոխանցում Ֆեյսբուք ինքը էջ հրապարակել տեսանյութ ասել եմ Փաշինյան,12,95
https://armenpress.am/hy/article/1251172,2026-05-26 12:06:00,ՀՀ գլխավոր դատախազ տեղակալ ընդունել եմ Կանադա նյու բրանսվիկ նահանգ գերագույն դատարան նախագահ,Հայաստան հանրապետություն գլխավոր դատախազ տեղակալ Էդգար Արսենյան թվական մայիս ընդունել եմ աշխատանքային այց Հայաստան գտնվել Կանադա նյու բրանսվիկ նահանգ գերագույն դատարան նախագահ Մարկ Ռիչարդ գլխավորել պատվիրակություն ինչպես Արմենպրես ը տեղեկանալ եմ ՀՀ դատախազություն տարածել հաղորդագրություն պատվիրակություն Հայաստան եմ ժամանել ՀՀ բարձր դատական խորհուրդ և Կանադա դաշնային դատական գործ հանձնակատար գրասենյակ հետ համատեղ իրականանալ թվական տեխնիկական աջակցություն ծրագիր շրջանակ Էդգար Արսենյան ողջունել եմ կանադացի գործընկեր գլխավոր դատախազություն և կարևորել բարձրագույն դատական խորհուրդ հետ իրականանալ ծրագիր Կանադա նյու բրանսվիկ նահանգ գերագույն դատարան նախագահ Մարկ Ռիչարդ ներկայանալ եմ ծրագիր շրջանակ իրականանալ աշխատանք արդյունք կանադական փորձ ու դա հնարավոր կիրառելիություն Հայաստան արդարադատություն համակարգ գլխավոր դատախազ տեղակալ ու Կանադա նյու բրանսվիկ նահանգ գերագույն դատարան նախագահ քննարկել եմ երկուստեք հետաքրքրություն ներկայանալ մի շարք հարց,13,118
https://armenpress.am/hy/article/1251136,2026-05-25 19:22:00,միջազգային աստղագիտական միություն համաժողով աշխատանք եմ սկսել Երևան,մայրաքաղաք մայիս մեկնարկել միջազգային աստղագիտական միություն աստղագիտություն հանրայնացում միջազգային համաժողով Արմենպրես ը փոխանցում մասնակցել եմ աստղագիտություն հանրայնացում ոլորտ մասնագետ գրեթե բոլոր աշխարհամաս որ Հայաստան եմ ժամանել փորձել փոխանակում մասնագիտական հմտություն զարգացում և համագործակցություն նոր հնարավորություն ստեղծում մղում արծարծել թեմա հիմնականում վերաբերել եմ գիտական լրագրություն աստղագիտություն հանրայնացում մեջ արհեստական բանականություն կիրառման սոցիալական մեդիա աստղագիտական հանրային կրթական ծրագիր և գիտություն հանրայնացում ժամանակակից գործիք Երևան համաժողով ներկա եմ երկիր պատվիրակ բայց գրեթե եռակ շատ եմ հեռավար ձևաչափ մասնակից այդ հաշվարկ համաժողով ընդհանուր առում ներգրավել եմ պատվիրակ երկիր մասնակից ողջունել և արգասաբեր աշխատանք մաղթել Բյուրական աստղադիտարան տնօրեն Արեգ Միքայելյան որ նաև անդրադառնալ աստղագիտություն հանրային նշանակություն և ոլորտ հանրայնացում կարևորություն հատկապես տեխնոլոգիա բուռ զարգացում ներկա ժամանակաշրջան նա նշել որ Հայաստան առաջին անգամ եմ հյուրընկալել այսպիսի ուղղվածություն համաժող որ անցկացնել եմ երկամյա պարբերականություն աստղագիտություն հանրայնացում ներառել եմ մասնագիտական գործունեություն տարբեր ոլորտ գիտական մասնավորապես աստղագիտական լրագրություն գիտական տուրիզմ կրթական ծրագիր և այլն ըստ այդմ համաժողով մասնակցել եմ ոչ միայն աստղագետ այլև ուրիշ ոլորտ մասնագետ քննարկել թեմա գերազանցապես առնչվել եմ աստղագիտություն հանրայնացում ժամանակակից տեխնոլոգիա այդ թիվ արհեստական բանականություն կիրառմամբ ներկայանալ եմ տարբեր հավելված և հարթակ կիրառվել հեռավար շփում հարթակ թույլ եմ տալ միաժամանակ հետևել երեք տարբեր դահլիճ ծավալվել իրադարձություն և քննարկում Արմենպրես ը թղթակց հայտնել նա առաջին օր զեկույց Արեգ Միքայելյան առանձնանալ Պամելա Գեյի ԱՄՆ ելույթ նվիրվել գիտություն հանրայնացում ոլորտ արհեստական բանականություն մեթոդ կիրառման մենք զրուցակից նշել նաև որ առաջիկա աշխատանք եմ իրականանալ տարբեր աստվեր հայ երևելի գիտնական անուն կամ աստղագիտություն առնչվել տեղավայր անվանում պաշտոնապես անվանակոչել ուղղություն հայկական կողմ այդ նպատակով դիմել եմ միջազգային աստղագիտական միություն համապատասխան հանձնաժողով միջազգային համաժողով ամփոփել եմ մայիս նախկին Հայաստան անցկացնել եմ միջազգային աստղագիտական միություն գիտաժողով նվիրվել տարբեր թեմա,8,266
https://armenpress.am/hy/article/1251149,2026-05-25 22:55:00,հունիս ընտրություն հետո Գյումրիում պետք եմ տեղ ունենալ ավագանու արտահերթ ընտրություն Նիկոլ Փաշինյան,Գյումրի վարդանա հրապարակ առանձին առանձին դիմել Շիրակ մարզ բոլոր համայնք բնակիչ արձակուրդում գտնվել ՀՀ վարչապետ քաղաքացիական պայմանագիր կուսակցություն վարչություն նախագահ Նիկոլ Փաշինյան հայտարարել որ Շիրակ մարզ ինքը այցելություն առաջին օր տեղ ունենալ շատ կարևոր իրադարձություն Հայաստան արտահանում և Հայաստան ներմուծում համար բացվել ախալքալաք կարս երկաթուղի այսպիսով Հայաստան երկաթուղային հասանելիություն ստանալ դեպի Եվրամիություն երկիր Եվրոպա եմ հանդիսանալ երկիր ինչպիսի եմ Մակեդոնիա Մոնտենեգիոն մեծ Բրիտանիա հասանելիություն ստանալ Թուրքիա Սիրիա արաբական հանրապետություն շուկա սա շատ կարևոր իրադարձություն եմ որովհետև մենք այսպիսով հաղթահարել Հայաստան ապաշրջափակում առաջին փուլ հիմա մենք երկաթուղային կապ ունեմ դեպի արևմուտք և դեպի արևելք սա առաջին բայց ոչ ամբողջական փուլ եմ առջևել մենք սպասել եմ մեծ իրադարձություն Արմենպրես ը փոխանցում ընդգծել նա հիշեցնել որ առջևել նախագիծ իրագործում եմ որ վերաբացնել մեղրի անցնել երկաթուղի և նախագիծ սկսել գործել Հայաստան տարածքային ամբողջականություն իրավազորություն սահման անխախտելիություն սկզբունք հիմն վրա Փաշինյան նկատել Հայաստան տնտեսական զարգացում ամենախոստումնալից նախագիծ եմ բոլոր նա ով մենք մեղադրել եմ միջանցք տալ միջանցք խոստանալ լինել Հայաստան տարածքային ամբողջականություն և իրավազորություն նսեմացնել մեջ նա կանգնել եմ ֆիասկո առաջ նախագիծ Հայաստան տարածքային ամբողջականություն ինքնիշխանություն իրավազորություն և ապաշրջափակում կրքոր խորհրդանիշ եմ և Հայաստան տնտեսական զարգացում ամենախոստումնալից նախագիծ և հիմա շատ կարևոր եմ թե այս ամեն ինչ ինչպես եմ արձագանքել Սյունիք մարզ Սյունիք մարզ և մեղրի անշարժ գույք և հող գին աճել եմ որովհետև մարդ հասկանալ եմ որ Հայաստան հանրապետություն Սյունիք և Մեղրի դառնալ եմ խաղաղություն խաչմերուկ Մեղրի Սյունիք ծայրամաս վեր եմ ածվել կենտրոն Հայաստան հանրապետություն պատերազմ փակուղուց վեր եմ ածվել խաղաղություն խաչմերուկ ասել Փաշինյան Նիկոլ Փաշինյան հայտել նաև Շիրակ մարզ սպասել նորություն մասին ընդգծել որ շիրակ ևս մեծ իրադարձություն եմ սպասել առաջիկա մենք մեկնարկել եմ Ախուրիկ երկաթուղային հանգույց նորոգում և պատրաստվել եմ Ախուրիկ Աքյաքա երկաթուղի վերաբացում նաև ասել մենք եմ նկատել բայց միջազգային փորձագետ թվական օգոստոս հետո համակ ուշադրություն հետևել եմ Հայաստան և Հայաստան տեղ ունենալ պրոցես նկատել եմ որ արևմուտք արևելք կամ արևելք արևմուտք կարճ ճանապարհ անցնել եմ Հայաստան հանրապետություն Տավուշ Լոռիի և Շիրակ մարզ հիմա միջազգային ներդնող մենք մոտ եմ գալ նոր առաջարկ կառուցել արևելք արևմուտք նոր մայրուղ որ ինչպես հյուսիս հարավ նույնպես անցնել եմ Շիրակ Տավուշ Լոռիի մարզ առաջիկա տարի երկաթուղի զուգահեռ մենք սկկսել նաև ավտոճանապարհ կառուցում որ կլծառա արևելք արևմուտք ճանապարհ և լինել կենտրոնական Ասիա արևմուտք կապել կարճ ճանապարհ հայտարարել Փաշինյան նկատել որ այս նախագիծ շնորհիվ միլիոավոր դոլար կներդրել Հայաստան վարչապետ խոսք Հայաստան հանրապետություն այդկերպ դառնալ եմ ծաղկուն զարգանալ բարեկեցիկ որովհետև Հայաստան հանրապետություն այդ թիվ Շիրակ մարզ դառնալ եմ խաղաղություն խաչմերուկ այսօր ոմն անուն եմ դնել ժողովուրդ կողմից այսքան սիրել այս խորհրդանիշ ցույց եմ տալ ՀՀ քարտեզ խումբ որ խորհրդանշել եմ Հայաստան պետություն Հայաստան հանրապետություն միջազգայնորեն ճանաչված միջազգայնորեն սահմանել տարածք նա մենք մեղադրել եմ թե մենք ինչու ծով ծով Հայաստան քարտ եմ կպչել մենք կուրծք իսկ դա պատճառ մեկը եմ որովհետև այդ գաղափարաբանություն նշանակել եմ նոր պատերազմ Հայաստան համար նոր պատերազմ որոնցել պատերազմ եռագլուխ կուսակցություն զավակ ոչ մեկը եմ մասնակցել և առավել ևս եմ զոհվել ավելին ասել այդ մարդ ով այսօր խոսել եմ ծով ծով Հայաստան մասին նա բոլորը ունեմ բնակարան վիլա կղզի Հայաստան հանրապետություն դուրս ՀՀ նա համար ապրել վայր եմ ՀՀ նա համար խոպան եմ որտեղ նա գալ եմ ժողովուրդ հարստահարել հունաստան դուբայն եվրոպա ամերիկա տուն առնել նա մենք ուզել եմ ներքաշել նոր կռիվ նոր պատերազմ մեջ հայրենասիրական կեզղծ կոչ բայց մենք ասել եմ և ասել եմ հայրենիք պետություն եմ մենք սիրել եմ մենք հայրենիք Հայաստան հանրապետություն և այլևս թույլ եմ տալ որ այն դառնալ կոնֆլիկտ և պատերազմ կոխա մենք ուզել եմ որ Հայաստան հանրապետություն մենք սերունդ ապրել դարեդար ապրել ազատ և երջանիկ հավելել Փաշինյան ընդգծել թվական հետո Գյումրիում քաղաքային իշխանություն բոլորովին ուրիշ օրակարգ եմ ունենալ նա խնդիր եմ լինել Գյումրի ժողովուրդ հանել կառավարություն դեմ հիասթափություն տարածել կառավարություն նկատմամբ և կառավցարություն էլ համոզել թե Գյումրիում ամեն ինչ այնպես եմ ինչպես պետք եմ ընթանալ ես հիմա հասկանալ եմ որ մենք Գյումրի վերադարձնել շատ մեծ պարտք ունեմ նշել Նիկոլ Փաշինյան հայտարարել որ այս պահ սկսած Գյումրիում տեղ ունենալ բոլոր պրոցես համար քաղաք բարեկեցություն ու վերակառուցում համար անձամբ ինքը եմ կրել պատասխանատվություն և պարտավորություն Նիկոլ Փաշինյան հայտարարել թվական հունիս ընտրություն հետո Գյումրիում պետք եմ տեղ ունենալ ավագանու արտահերթ ընտրություն ժողովրդական իշխանություն պետք եմ հաստատել Գյումրիում որպեսզի Գյումրին ծաղկ ինչպես Հայաստան հանրապետություն մյուս քաղաք հեղափոխություն ի վերջ պետք եմ բերել ինքը օգուտ Գյումրի քաղաք եզրափակել Փաշինյան մայիս մեկնարկել եմ Հայաստան հունիս կայանալ խորհրդարանական ընտրություն նախընտրական քարոզարշավ որ շարունակվել մինչև հունիս ընտրություն մասնակցել համար գրանցել եմ քաղաքական ուժ դաշինք և կուսակցություն քաղաքացիական պայմանագիր կուսակցություն ընտրություն մասնակցել եմ համար ներքո տեր կանգնիր խաղաղություն կարգախոս քաղաքացիական պայմանագիր կուսակցություն ԿԸՀ եմ ներկայանալ թեկնածու կազմվել ընտրական ցուցակ ինչպես նաև ազգային փոքրամասնություն թեկնածու բաղկանալ ցուցակ կուսակցություն վարչապետ թեկնածուն Նիկոլ Փաշինյան եմ,13,743
https://armenpress.am/hy/article/1251185,2026-05-26 13:22:00,Հայաստան օդի որակ բարելավում ուղղություն իրականանալ եմ համակարգային բարեփոխում նախարար,Հայաստան մթնոլորտային օդի պահպանություն ոլորտ իրականանալ եմ լայնածավալ և համակարգային բարեփոխում նպատակ ունենալ ձևավորել գիտահեն կանխատեսելի և միջազգային չափանիշ համապատասխան կառավարում համակարգ որ ուղղել եմ օդի որակ արդյունավետ վերահսկում և բնակչություն առողջություն պաշտպանություն Արմենպրես ը հաղորդում այս մասին ասել եմ ՀՀ շրջակա միջավայր նախարար Համբարձում Մաթևոսյան նա նշել եմ որ Հայաստան վերջին տարի մթնոլորտային օդի պահպանություն ոլորտ իրականանալ եմ խորքային և համակարգային փոփոխություն նպատակ ունենալ երկարաժամկետ լուծում տալ օդի աղտոտվածություն նվազեցում խնդիր այս նպատակով մշակվել եմ մթնոլորտային օդի պահպանություն հնգամյա ծրագիր որ սահմանել եմ հստակ քայլ գործողություն հաջորդականություն և պատասխանատու կառույց ոլորտ արդյունավետ կառավարում համար զուգահեռաբար վերանայվել եմ օդի որակ գնահատում ամբողջ համակարգ այն համապատասխանել միջազգային ստանդարտ փոխվել եմ չափում և վերլուծություն մեթոդ ինչ հնարավորություն եմ տալ ապահովել ավելի ճշգրիտ վստահելի և համադրելի տվյալ օդի վիճակ վերաբերյալ նոր մոտեցում օդ որակ գնահատել եմ նաև տարածքային սկզբունք հաշիվ առնել յուրաքանչյուր տարածաշրջան առանձնահատկություն և բնապահպանական խնդիր միաժամանակ երկիր համալրվել եմ ժամանակակից դիտակայան որ հնարավորություն եմ տալ իրական ժամանակ հետևել օդի որակ փոփոխություն ապահովել տվյալ առավել հասանելիություն և թափանցիկություն հանրություն համար խստալ եմ նաև վերահսկողություն շինարարական և հանքարդյունաբերական ոլորտ գործել կազմակերպություն նկատմամբ սահմանվել եմ պարտադիր պահանջ փոշի արտանետում նվազեցում նպատակով իսկ դա չկատարում դեպք նախատեսել եմ պատասխանատվություն հստակ մեխանիզմ իրականանալ բարեփոխում նպատակ եմ ապահովել ավելի մաքուր օդ առողջ շրջակա միջավայր և կյանք որակ բարձրացում Հայաստան հանրապետություն քաղաքացի համար ասել եմ նախարար,10,218
https://armenpress.am/hy/article/1251147,2026-05-25 21:23:00,Ալյան կուսակցություն դուրս եմ գալ ընտրապայքար,Ալյան կուսակցություն դիմել եմ ԿԸՀ ընտրություն մասնակցություն չեղարկել համար Արմենպրես ը հաղորդում այս մասինհայտն Հայաստան հանրային ռադիո ԿԸՀ դռնբաց նիստ քննարկել կուսակցություն ներկայանալ ընտրացուցակ գրանցում չեղարկել դիմում մայիս մեկնարկել եմ Հայաստան հունիս կայանալ խորհրդարանական ընտրություն նախընտրական քարոզարշավ որ շարունակվել մինչև հունիս ընտրություն մասնակցել համար գրանցել եմ քաղաքական ուժ դաշինք և կուսակցություն,6,51
https://armenpress.am/hy/article/1251129,2026-05-25 17:57:00,Քոչարյան հայտարարել եմ որ իշխանություն գալ պարագա շարունակել եմ գործել կառավարություն կառուցողական ծրագիր,Հայաստան դաշինք ներկայացուցիչ Հայաստան կայանալ խորհրդարանական ընտրություն նախընտրական քարոզարշավ շրջանակ Վայոց ձոր մարզ եմ Վայք համայնք բնակիչ հետ հանդիպում ժամանակ ելույթ եմ ունենալ դաշինք առաջնորդ նախընտրական ցուցակ առաջին համար Ռոբերտ Քոչարյան խոսել արտաքին քաղաքականություն ուղղություն դաշինք ծրագիր Քոչարյան ասել եմ որ արտաքին քաղաքականություն Հայաստան պետք եմ առաջին հերթ սպասարկել ինքը անվտանգային ու տնտեսական շահ գնահատել առկա ռիսկ ու հասկանալ թե ինչպես կարելի եմ չեզոքանալ այդ ռիսկ սեփական անվտանգություն ամրանալ համար պետք եմ ձեռք բերել բարեկամ Հայաստան պետք եմ գնահատել թե ինչ ուղղություն ավելի շահեկան լինել զարգանալ հարաբերություն այլ երկիր հետ Ռուսաստան Թուրքիա և Իրան հարյուրամյակ շարունակ մրցակցել եմ կովկասյան տարածաշրջան Ռուսաստան միակ երկիր եմ որ կարող եմ հակակշռել Թուրքիա ազդեցություն այս տարածաշրջան վրա իսկ Հայաստան պետք եմ բալանսավոր այդ ուժ ներկայություն այստեղ զսպել Թուրքիա ազդեցություն հարավային Կովկաս վրա ինչ առանց Ռուսաստան աջակցություն հնարավոր եմ Արմենպրես ը փոխանցում կարծիք եմ հայտնել Քոչարյան նա դիտարկում Ռուսաստան նաև տնտեսական առում Հայաստան հիմնական գործընկեր եմ Քոչարյան խոսք մենք բնակչություն տոկոս բարեկեցություն զգալիորեն կախվել եմ ՌԴ հետ տնտեսական հարաբերություն ինչ նա պնդում անժխտելի փաստ եմ աշխարհ կամ երեք գերտերություն ԱՄՆ Չինաստան և Ռուսաստան մեծ պետություն տարբեր առևտրային ռեժիմ եմ սահմանել տարբեր երկիր հետ կախվել այն հանգամանք թե ինչպիսի հարաբերություն ունեմ այդ երկիր հետ բարեկամական կապ ունենալ երկիր համար ստեղծել եմ արտոնյալ պայման հակառակ դեպք պայման բոլորովին այլ եմ թշնամի պետություն նկատմամբ սահմանել եմ պատժամիջոց այլ մեխանիզմ կամ աշխարհաքաղաքական իրավիճակ փոփոխություն հետևանք մենք անմիջապես տեսնել եմ ու բախվել այդ հետևանք հետ աշխարհաքաղաքականություն դաժան երևույթ եմ ուստի եմ կարելի կատարել այնպիսի քայլ որ արդյունք կարող եմ հայտնվել խոշոր գերտերություն շահ բախում կենտրոն պետք եմ խուսափել նման քայլ ասել Քոչարյան նա նաև հայտարարել եմ որ ընտրություն արդյունք իշխանություն գալ պարագա եմ չեղարկել Ադրբեջան հետ նախաստորագրել խաղաղություն պայմանագիր սակայն շեշտել եմ որ պետք եմ համալրվել առնվազն մեկ երկու հավելված երաշխիքային համակարգ ձևավորել մասին Քոչարյան ընդգծել եմ պայմանագիր խախտող համար հստակ հետևանք սահմանել ՄԱԿ անվտանգություն խորհուրդ հայտարարություն և գերտերություն ԱՄՆ Ռուսաստան ու Չինաստան որպես երաշխավոր երկիր ներգրավում կարևորություն անդրադառնալ ներքաղաքական հարց Քոչարյան նշել եմ որ ինքը դիտարկել եմ թե առաջնահերթ ինչ եմ օգտակար հայ ժողովուրդ համար հետևաբար կառուցողական ծրագիր շարունակվել եմ եթե կամ ծրագիր որ սկսել եմ աշխատել թերություն ուրեմն շտկել եմ այդ թերություն մենք վաղուց ասել եմ որ բժշկական ապահովագրություն անհրաժեշտություն եմ ուստի բարելավել եմ այդ համակարգ որպեսզի բժիշկ նույնպես դժգոհ լինել դպրոցաշինություն շարունակվել եմ մենք կանխել եմ դպրոց օպտիմալացում այն ծրագիր որ բխել եմ մենք ժողովուրդ շահ շարունակվել եմ այդ ամենը մենք ավելի լավ եմ իրականանալ դա գումարել այն ամենը ինչ խոստանալ եմ ասել Քոչարյան մայիս մեկնարկել եմ Հայաստան հունիս կայանալ խորհրդարանական ընտրություն նախընտրական քարոզարշավ որ շարունակվել մինչև հունիս ընտրություն մասնակցել համար գրանցել եմ քաղաքական ուժ դաշինք և կուսակցություն Հայաստան դաշինք խորհրդարանական ընտրություն մասնակցել եմ համար ներքո միասին կարող եմ կարգախոս դաշինք կազմ միավորվել եմ հայ հեղափոխական դաշնակցություն և առաջ կուսակցություն դաշինք ԿԸՀ եմ ներկայանալ թեկնածու բաղկանալ ցուցակ և ազգային փոքրամասնություն թեկնածու բաղկանալ ցուցակ,13,466
https://armenpress.am/hy/article/1251139,2026-05-25 21:20:00,Սևանց երեխա նկար ցուցադրվել եմ Մոլդովա,գեղարքունիք մարզ Սևան համայնք պատանի նկարիչ աշխատանք վերջ ցուցադրվել և ուշադրություն եմ արժանանալ Մոլդովա հանրապետություն ինչպես Արմենպրես ը տեղեկանալ Սևան համայնքապետարան աշխատակազմ Մոլդովա մայրաքաղաք քիշնև մայիս անցկացնել քաղաքապետ դաշնագիր արևելք ծրագիր նվիրվել երկօրյա բարձր մակարդակ համաժողով ընթացքում Մոլդովա հայտնի գինեգործարան և մշակութային համալիր ը կազմակերպել ճանաչողական այց ընթացքում գինեգործարան տարածք կազմակերպել ցուցահանդես ներկայանալ եմ եմ կայուն էներգիա շաբաթ ընթացքում վերջին տարի կազմակերպել նկարչական մրցույթ արդյունք լավ ճանաչված նկարչական աշխատանք դա ցուցադրում շարք ի թիվս Հայաստան մի շարք համայնք ցուցադրվել եմ նաև սևանց պատանի նկարիչ Մարի Գալեյան Սյուզի Մանուկյան միշել Գրիգորյան թվական աշխատանք որ եմ կայուն էներգիա շաբաթ անցկացում արդյունք ազգային մրցանակաբաշխություն ժամանակ ճանաչվել եմ հաղթող Սևան համայնք այս օր ընթանալ եմ եմ կայուն էներգիա շաբաթ միջոցառում ծրագիր որ ընդգրկել եմ համայնք նախակրթական ու կրթական հաստատություն,6,125
https://armenpress.am/hy/article/1251167,2026-05-26 11:13:00,նյութապես շահագրգռել եմ համագյուղացի մասնակցել ապրիլ մայրաքաղաք կազմակերպել հավաք ոստիկանություն բացահայտում,քրեական ոստիկանություն Արմավիր մարզային վարչություն ծառայող ստանալ եմ օպերատիվ տեղեկություն որ կուսակցություն մեկը ներկայացուցիչ ծաղկալանջ գյուղ բնակիչ մի տղամարդ հովանավորչություն գեղակերտ գյուղ բնակիչ տղամարդ նյութապես շահագրգռել եմ համագյուղացի մասնակցել ապրիլ մայրաքաղաք կազմակերպել հավաք պարզել եմ որ գեղակերտ հինգ համագյուղացի տալ եմ հազարական դրամ նույն օր վեց էլ հրավիրվել եմ մարզային վարչություն որտեղ իրավապահ բացատրական աշխատանք արդյունք հաստատել եմ օպերատիվ տեղեկություն իսկություն Արմենպրես ը փոխանցում նշել եմ ոստիկանություն տարածել հաղորդագրություն մեջ հետագա գործողություն քրեական ոստիկան պարզել եմ որ գեղակերտ նույն անձ հովանավորչություն և նույն նպատակով շահագրգռել եմ նաև այլ համագյուղացի նախաձեռնել քրեական վարույթ շրջանակ մայիս կատարել եմ խուզարկություն գեղակերտ բնակիչ տուն հայտնաբերել եմ առանց փաստաթուղթ որսորդական հրացան իսկ մի գեղակերտցի տուն կանեփանում զանգված ծաղկալանջ բնակիչ և գեղակերտ բնակիչ տղամարդ ձերբակալվել և ներկայանալ եմ Արմավիր մարզ ընդհանուր իրավասություն դատարան կալանավորում միջնորդություն նախաքննություն շարունակվել եմ,11,132
https://armenpress.am/hy/article/1251180,2026-05-26 13:07:00,ԳՊՀ դասախոս դասախոսություն եմ կարդալ հռոմ Սապիենզա համալսարան,եվրոպական միություն միջազգային կրեդիտային շարժունություն ծրագիր շրջանակ Գավառ պետական համալսարան արտաքին կապ և լրատվություն բաժին վարիչ օտար լեզու և գրականություն ամբիոն դասախոս Լիլիթ Թոռչյան դասախոսություն եմ կարդալ Իտալիա հանրապետություն հռոմ Սապիենզա համալսարան ինչպես Արմենպրես ը տեղեկանալ գավառ պետական համալսարան դասախոսություն անցկացնել եմ արվեստ և հումանիտար գիտություն ֆակուլտետ միջազգային հարաբերություն բաժին ուսանող համար մշակույթ պատմություն դասընթաց շրջանակ դասախոսություն ներկա եմ լինել ուսանող Իտալիա Ֆրանսիա Ռուսաստան Եթովպիա ճապոնիա և չինաստան դասախոսություն թեմ լինել եմ Հայաստան Անգլիա և Իտալիա բանահյուսություն համեմատական վերլուծություն շուրջ մասնավորապես խոսվել եմ երեք երկիր մշակութային բազմազանություն դա միջև նմանություն և տարբերություն ծնունդ հարսանեկան և մահ ծիսակարգ առնչվել ավանդույթ մասին համեմատական վերլուծություն մեթոդ զուգահեռ եմ անցկացնել նաև հայկական սասնա ծիռ անգլիական Բեովուլֆ և իտալական աստվածային կատակերգություն էպիկական ստեղծագործություն միջև ներկա նաև ծանոթանալ եմ հայկական մշակութային առանձնահատկություն լսել հայկական ժողովրդական երգ դիտել բերդ ազգային պար և համեմատություն անցկացնել Հայաստան և ինքը երկիր մշակույթ էպոս և վաղ շրջան գրական ստեղծագործություն միջև,8,149
https://armenpress.am/hy/article/1251138,2026-05-25 20:40:00,գավառ պետական համալսարան անցկացնել եմ Գավառ բանարվեստ մերօրյա դրսևորում խորագիր բաց դաս,Գավառ պետական համալսարան հումանիտար մասնագիտություն ֆակուլտետ կայանալ եմ գիտագործնական ուղղվածություն գավառ բանարվեստ մերօրյա դրսևորում խորագիր բաց դաս որ վարել եմ Գավառ պետական համալսարան հումանիտար մասնագիտություն ֆակուլտետ հայ լեզու և գրականություն ամբիոն դասախոս բանասիրական գիտություն թեկնածու դոցենտ ՀՀ գաա հնագիտություն և ազգագրություն ինստիտուտ գիտաշխատել Լուսինե Ղռեջյան ինչպես Արմենպրես ը տեղեկանալ ԳՊՀ լրատվություն և հասարակայնություն հետ կապ բաժին բաց դաս ներկա եմ լինել հումանիտար մասնագիտություն ֆակուլտետ ուսանող պրոֆեսորադասախոսական կազմ անդամ նաև գավառ պ Ղանդիլյան անուն թիվ միջնակարգ դպրոց դասարան աշակերտ ով հայ լեզու և գրականություն ուսուցչուհի Լուսինե Հովհաննիսյան ղեկավարմամբ իրականանալ եմ նախագծային աշխատանք բանավոր պատմություն գանձարան թեմայ բաց դաս ընթացքում Լուսինե Ղռեջյան հանգամանորեն ներկայանալ եմ գավառ տարածաշրջան բանահյուսական ժառանգություն հարուստ պատմություն անդրադառնալ դաշտային բանահավաքչական աշխատանք մեթոդաբանություն բանագիտական նյութ գրառում և հրատարակում գործընթաց հատուկ անդրադարձ եմ կատարել Գավառ տարածաշրջան բանահյուսություն արդի վիճակին և կենսունակություն ժամանակակից սոցիալական մշակութային պայման դաս անցնել փոխներգործուն մեթոդ ակտիվ հարց ու պատասխան ձևաչափ աշակերտ ներկայանալ նախագծային աշխատանք շրջանակ ինքը գրառել բանահյուսական պատառիկ ու նյութ Լուսինե Ղռեջյան յուրաքանչյուր թեմա շուրջ տալ մասնագիտական պարզաբանում ուղղորդել սովորող գիտական ճշգրիտ ձևակերպում հարց ամփոփել բաց դաս Լուսինե Ղռեջյան կարևորել ազգային մշակույթ և բանարվեստ ավանդույթ շարունակականություն ապահովում ուղղել աշխատանք և երիտասարդ սերունդ դեր ոչ նյութական մշակութային ժառանգություն պահպանում ու արժևորում հարց ներկայանալ Գավառ պետական համալսարան լրատվություն և հանրություն հետ կապ բաժին Խոսրով խլղաթյան,12,208
https://armenpress.am/hy/article/1251150,2026-05-26 09:27:00,Քանաքեռ զեյթուն նախկին թաղապետ միլիոն արժեք գույք օտարել եմ միլիոն դրամ քրեական վարույթ նախաքննություն ավարտվել եմ մեկ անձ մաս,Հայաստան քննչական կոմիտե հայտնել եմ որ Երևան Քանաքեռ Զեյթուն վարչական շրջան նախկին թաղապետ միլիոն արժեք գույք օտարել եմ միլիոն դրամ քրեական վարույթ նախաքննություն ավարտվել եմ մեկ անձ մաս Արմենպրես ը փոխանցում քննչական կոմիտե այդ մասին հաղորդագրություն եմ տարածել ը թվական զբաղվել Երևան քաղաք քանաքեռ Զեյթուն համայնք թաղապետ պաշտոն ՀՀ կառավարություն թվական հոկտեմբեր որոշում Քանաքեռ զեյթուն թաղա համայնք սեփականություն իրավունք հանձնել Զաքարիա սարկավագ փողոց հասցե գտնվել միլիոն հզր ՀՀ դրամ շուկայական արժեք պոլիկլինիկա քմ մակերես անավարտ շենք թվական մայիս կնքել առուվաճառք պայմանագիր հիմն վրա օտարել եմ միլիոն հզր ՀՀ դրամ արդյունք էական վնաս եմ պատճառվել համայնք բնակարանային հաշվառում վերցնել կարիքավոր ընտանիք իրավունք և օրինական շահ վերջին զրկել բնակարան իսկ Երևան քաղաքապետարան զրկվել եմ Հայաստան խուլ միավորում բնակարանային պայման բարելավում կարիք ունենալ ընտանիք սահմանել կարգ հատկացնել համար ը տնօրինել հնարավորություն նկատմամբ հարուցել եմ հանրային քրեական հետապնդել քրեական օրենսգիրք հոդված մաս կետ պաշտոնատար անձ կողմից իշխանական կամ ծառայողական լիազորություն կամ դա պայմանավորվել ազդեցություն չարաշահել կամ լիազորություն անցնել որ պատճառել եմ առանձնապես խոշոր չափ գույքային վնաս ը վերաբերյալ քրեական վարույթ մեղադրական եզրակացություն ուղարկվել եմ հսկել դատախազ ասել եմ հաղորդագրություն մեջ ծանուցում հանցագործություն համարմեղադրվողըհամարվումէանմեղ քանիդեռնրամեղաղություն ապացուցվածչել քրեականդատավարություն օրենսգրքովսահգ դատարան օրինականուժիմեջմտածդատավճռով,19,185
https://armenpress.am/hy/article/1251146,2026-05-25 20:48:00,Գյումրին արժանի եմ ունենալ նորմալ քաղաքայ կառավարում և ունենալ Ռուբինյան,Գյումրիում մայիս քաղաքացիական պայմանագիր կուսակցություն նախընտրական հանրահավաք մեկնարկել Հայաստան հանրապետություն օրհներգ բացում խոսք հանդես գալ կուսակցություն հիմնադիր անդամ ՀՀ ԱԺ փոխնախագահ Ռուբեն Ռուբինյան գյումրեցի հիշեցնել որ տարի առաջ հենց այդ Վարդանանց հրապարակ եմ ազդարարվել թավշյա հեղափոխություն մեկնարկ տարի առաջ եմ որ Նիկոլ Փաշինյան այստեղ հենց այս հրապարակ ազդարարել թավշյա հեղափոխություն սկիզբ բայց կամ մի պարադոք մինչ օրս քաղաքայ տեղական ինքնակառավարում իմաստ հեղափոխություն գյումրի այդպես էլ եմ հասնել այսօր մենք քայլել եմ Մուշ թաղամաս թաղամաս և փողոց կարծես ռմբակոծվել լինել կարծես թիվ լինել մի կողմ մենք ափսոսել եմ և մենք մեղավոր եմ զգալ որ Գյումրին այդպես էլ հեղափոխական կառավարում ունենալ բայց մյուս կողմ էլ քաղաքացիական պայմանագիր կուսակցություն երբեք Գյումրիում քաղաքայ կառավարում եմ ստանձել որովհետև եմ ստանալ համապատասխան մանդատ Արմենպրես ը փոխանցում ընդգծել Ռուբինյան կոչ անել որ հունիս ընտրություն Գյուրին քաղաքացիական պայմանագիր տալ այդ մանդատ Ռուբեն Ռուբինյան նկատել Գյուրին արժանի եմ ունենալ նորմալ քաղաքայ կառավարում և վստահեցնել Գյուրին այդ կառավարում ունենալ եմ դա անել համար անհրաժեշտ եմ մեկ ընտրություն քվեարկել հավելել նա մայիս մեկնարկել եմ Հայաստան հունիս կայանալ խորհրդարանական ընտրություն նախընտրական քարոզարշավ որ շարունակվել մինչև հունիս ընտրություն մասնակցել համար գրանցել եմ քաղաքական ուժ դաշինք և կուսակցություն քաղաքացիական պայմանագիր կուսակցություն ընտրություն մասնակցել եմ համար ներքո տեր կանգնիր խաղաղություն կարգախոս քաղաքացիական պայմանագիր կուսակցություն ԿԸՀ եմ ներկայանալ թեկնածու կազմվել ընտրական ցուցակ ինչպես նաև ազգային փոքրամասնություն թեկնածու բաղկանալ ցուցակ կուսակցություն վարչապետ թեկնածուն Նիկոլ Փաշինյան եմ,10,219
https://armenpress.am/hy/article/1251182,2026-05-26 13:11:00,Վարդենիս գեղարվեստ դպրոց սան աչք եմ ընկնել գյուր միջազգային մրցույթ փառատոն,գեղարքունիք մարզ Վարդեն համայնք Կոմիտաս Կարապետյան անուն գեղարվեստ դպրոց աշակերտ աչք եմ ընկնել գյուր միջազգային մրցույթ փառատոն ինչպես Արմենպրես ը տեղեկանալ Վարդենիս համայնքապետարան աշխատակազմ մրցույթ փառատոն հատուկ մրցանակ եմ արժանանալ Զոյա Ղազարյան կարգ մրցանակակիր եմ դառնալ Զոյա Ղազարյան և Էլմիրա Մարտիրոսյան կարգ մրցանակակիր Դավիթ Գասպարյան Տարոն Ղազարյան Ժասմեն Սահակյան Շուշաննա Սահակյան կարգ մրցանակակիր Հայկ Շաբոյան Ռուբեն Մալոյան Նեկտար Մուրադյան Էլե Գրիգորյան Սոֆի Կարապետյան դիպլոմ պարգևատրվել եմ դասատու Սուսաննա Ալեքսանյան Գայանե Ասլանյան Հակոբ Հակոբյան Նարեկ Խաչատրյան Լիանա Ասատրյան մրցանակակիր և նա ուսուցիչ ընդունել եմ Վարդեն համայնք ղեկավար առաջին տեղակալ Կարեն Մկրտչյան նա բարձր եմ գնահատել մանկական գեղարվեստ դպրոց դերակատարություն համայնք մշակութային կյանք զարգացում գործ ընդգծել որ շնորհալի երեխա հաջողություն համայնք հպարտություն եմ Կարեն Մկրտչյան շնորհավորել եմ սան արձանագրել հաջողություն համար մաղթել նոր ստեղծագործական նվաճում և վստահեցնել որ համայնքապետարան շարունակել եմ աջակցել մշակութային կրթություն զարգացում ու պատանի տաղանդ խրախուսում հանդիպում ընթացքում քննարկել եմ նաև դպրոց գործունեություն կրթամշակութային ծրագիր և ստեղծագործական ձեռքբերում վերաբերել հարց,11,151
https://armenpress.am/hy/article/1251183,2026-05-26 13:14:00,ՀՀ ԿԳՄՍ նախարարություն ու Վաշինգտոն աստվածաշնչի թանգարան համագործակցել,հայկական մշակութային և քրիստոնեական ժառանգություն աշխարհ ներկայանալ մասնագիտական և գիտական փոխանակում իրականանալ նպատակով մայիս ՀՀ ԿԳՄՍ նախարար Ժաննա Անդրեասյան ու ԱՄՆ Վաշինգտոն աստվածաշնչի թանգարան նախագահ Կառլոս Կամպո մտադրություն ստորագրել Արմենպրես ը հաղորդում նպատակ եմ նաև կողմ միջև սահմանել համագործակցություն ընդհանուր շրջանակ թանգարանագիոություն մշակութային ժառանգություն պահպանություն ցուցադրություն հետազոտություն և կրթություն ոլորտ երբ խոսել եմ քրիստոնեական ժառանգություն մասին շատ կարևոր եմ ցույց տալ որ այն ոչ միայն մենք պատմություն այլև մենք այսօր և ապագա մասին եմ կարծել եմ աստվածաշնչի թանգարան մեծ դերակատարություն ունեմ այդ գործ որովհետև քրիստոնեական ժառանգություն կենտրոնացում մեկ վայր հնարավորություն եմ տալ այն առավել հասանելի և տեսանելի դառնալ բազմաթիվ այցելու ուրախ եմ որ Հայաստան հանրապետություն ևս կարող եմ ներդր ունենալ այդ չափազանց կարևոր առաքելություն մեջ մենք համար մեծ պատիվ ու պատասխանատվություն եմ ներկայանալ լինել Դուք թանգարան ասել Անդրեասյան ըստ նախարար Հայաստան ներդրում ևս կարևոր լինել թանգարան ամբողջական պատկեր համար Կառլոս Կամպո խոսք ինքը հավատել եմ որ երկու կողմ համագործակցություն սկիզբ եմ և թե ամերիկացի թե աշխարհ տարբեր ծայր ապրել հետաքրքրասեր այսուհետ կարող եմ ավելի իմանալ Հայաստան և նա ժառանգություն մասին երկու կողմ նախնական քննարկում արդյունք աստվածաշնչի թանգարան նախատեսել եմ ոչ միայն հայկական կողմ նվիրվել մշտական ցուցադրություն կազմակերպել այլև անցկացնել հայկական ծրագիր որ ներկայանալ մի ամբողջ տարի լինել հետազոտական աշխատանք դասախոսություն և այլ նախաձեռնություն,8,203
https://armenpress.am/hy/article/1251140,2026-05-25 21:03:00,Վարդեն համայնք նվիրաբերվել եմ ուկրաինական արտադրություն ժամանակակից շարքանալ,կարմիր խաչ միջազգային կոմիտե կողմից գեղարքունիք մարզ Վարդեն համայնք նվիրաբերվել եմ ուկրաինական արտադրություն ժամանակակից շարքանալ ինչպես Արմենպրես ը տեղեկանալ Վարդենիս համայնքապետարան աշխատակազմ Վարդեն համայնք ղեկավար փոխարինել Կարեն Մկրտչյան ընդունել եմ Հայաստան կարմիր խաչ միջազգային կոմիտե պատվիրակություն ներկայացուցիչ Լոգիստիկա ղեկավար Գեորգ Պողոսյան տնտեսական անվտանգություն ծրագիր ղեկավար Ստեփան Գրիգորյան քաղաքական և գործառնական հարց խորհրդատու Ավետիք Փաշայան տնտեսական անվտանգություն բաժին ներկայացուցիչ Նարինե Քոչարյան հանդիպում ընթացքում քննարկել եմ համատեղ ծրագիր ու հումանիտար աջակցություն ուղղել քայլ համագործակցություն շրջանակ ԿԽՄԿ Վարդեն համայնք նվիրաբերել եմ ուկրաինական արտադրություն ժամանակակից շարքանալ նվիրաբերել սարքավորում կիրառվել եմ սահմանամերձ բնակավայր գյուղատնտեսական աշխատանք արդյունավետ կազմակերպել համար Վարդենիս համայնքապետարան շնորհակալություն եմ հայտնել կարմիր խաչ միջազգային Կոմիտե համայնք կողք լինել և ցուցաբերել կարևոր աջակցություն համար ներկայանալ Վարդենիս համայնքապետարան աշխատակազմ,8,114
https://armenpress.am/hy/article/1251135,2026-05-25 19:07:00,քաղաք սկսվել եմ այստեղ ազատություն պրեմի դաս համալիր Երևան հյուսիսային դարպաս,ժամանակակից կյանք ռիթմ հետ փոխվել եմ նաև պահանջ ապրել միջավայր ինքնաբավ ապրել աշխատել և հանգստանալ համար հարմար ենթակառուցվածք բնակելի բիզնես ու ժամանցային կոնցեպտ հավասարակշռություն ազատություն բազմաֆունկցիոնալ համալիր ստեղծվել եմ հենց այս պահանջ արձագանքել նպատակով համադրել ժամանակակից ճարտարապետություն ինժեներական նորարարություն ու բարձրակարգ ապրելակերպ հնարավորություն մեկ տարածք պատկերանալ համար ազատություն պրեմի դաս բազմաֆունկցիոնալ համալիր ներկայանալ եմ կարևոր փաստ որտեղ եմ գտնվել ազատություն պրեմի դաս բազմաֆունկցիոնալ համալիր փորձել հիշել թե ինչ եմ տեսնել առաջին երբ մուտք եմ գործել երկիր որևէ քաղաք մայրաքաղաք կամ Երևան վերջին հյուսիսային մուտք ազատություն պողոտա եմ որ դիմավորել եմ միջպետական ճանապարհ մեկ քաղաք գալ հյուր հենց այդ պողոտա վրա ազատություն հասցե եմ կառուցել ազատություն բազմաֆունկցիոնալ համալիր որ ինքը ռազմավարական նշանակություն դիրք շնորհիվ մենք մայրաքաղաք մասին առաջին տպավորություն եմ ստեղծել ուստի համալիր տեղանք ընտրություն պատահական եմ ազատություն Երևան հյուսիսային դարպաս եմ քաղաք սկսվել և շարունակվել եմ այստեղ ազատություն համալիր գտնվել եմ մայրաքաղաք կարևոր տրանսպորտային հանգույց մեկը դեպի հիմնական փողոց և խաչմերուկ տանել հատված որտեղ արագ հասանելի եմ ինչպես Երևան կենտրոն այնպես էլ մյուս վարչական շրջան այս դիրք ոչ միայն ապահովել եմ շարժունակություն այլև համալիր դառնալ եմ քաղաք տարբեր հատված կապել բնական օղակ միևնույն ժամանակ այս վայր ունեմ նաև ինքը առանձնահատուկ վիզուալ զգացողություն ճարտարապետական լուծում բացել համայնապատկեր շնորհիվ տարածք ստանալ եմ խորություն և այս տեսարան հիշեցնել եմ պատկեր նյու դորք որտեղ քաղաք ռիթմ ու կանաչ միջավայր միաձուլել եմ մեկ ամբողջություն մեջ այստեղ նույնպես քաղաքային դինամիկա ու տարածություն ազատություն հանդիպել եմ ստեղծել մի միջավայր որտեղ Երևան ոչ թե պարզապես երևալ եմ այլ զգացվել ով եմ նախագիծ ներդրող ազատություն պրեմի դաս բազմաֆունկցիոնալ համալիր նախագիծ ստեղծվել եմ միջազգային և տեղական խոշոր ներդրում հիմն վրա և իրականանալ եմ միջազգային հեղինակավոր ընկերություն կողմից որ Հայաստան եմ բերել կառուցապատում լավ փորձ Հայաստան ԱՄՆ ԱՄՆ առաջին հիփոթեքային ընկերություն Հայաստան ԱՄՆ ը ԱՄՆ Հայաստան այս ընկերություն կառուցապատում և ներդրում ոլորտ ունեմ բազմամյա փորձ ու նա ներգրավվածություն շնորհիվ միջազգային հաջող փորձ եմ բերել և տեղայնանալ ով եմ ճարտարապետական նախագիծ հեղինակ ազատություն բազմաֆունկցիոնալ համալիր ճարտարապետական նախագիծ հեղինակ առաջատար ստորակետ ճարտարապետական արվեստանոց եմ նախագիծ գաղափարական հիմք ընդունվել եմ հին արժևորում ու նորովի ներկայացում իսկ ճարտարապետական լուծում մշակվել եմ շրջակա միջավայր առանձնահատկություն հաշվարկում ազատություն պողոտա բնորոշ եմ կամարաշար ինչպես նաև կարմիր և նարտ տուֆ կիրառություն համալիր առաջին չորս հարկ ճարտարապետական լուծում կառուցել եմ հենց այս մոտեցում շարունակություն վրա համալիր բացվել եմ տեսարան դեպի Արարատ Արագած Արա լեռ և մայրաքաղաք ինչ եմ համակարգ ու ինչու եմ այն գերկարևոր առավելություն համալիր նախագծվել եմ կոնստրուկտորական բացառիկ ժամանակակից ու նորարարական մոտեցում կրքոր սեյսմակայունություն ունենալ հիմք բալ համալիր ընտրել որոշ ինժեներական ենթակառուցվածք ունեմ կառավարում խելացի համակարգ այս ինժեներական լուծում կառուցապատում ոլորտ վերջին նորարարություն եմ ընդունվել մոդել որ առաջնորդել եմ առաջատար երկիր լավ անվտանգ հուսալի և ժամանակակից շենք կառուցել ինչպիսին եմ համալիր բաժանում համալիր ունեմ ֆունկցիոնալ բաժանում երկու մասնաշենք բնակելի և հասարակական նշանակություն շենք ազատություն պողոտա կողմից ունեմ հարկ աստիճանաբար մեկական հարկ նվազող մինչև հարկ բնակելի մասնաշենք հարկ հասարակական և առևտրային տարածք եմ նախատեսել ցուցասրահ ռեստորան սրճարան ժամանցային ձևաչափ այլ կենտրոն համար երկրորդ փոքր մասնաշենք բաղկանալ եմ հարկ և ամբողջություն ծառայել եմ որպես առևտրային ենթակառուցվածք նախատեսել գրասենյակային տարածք համար ինչ ենթակառուցվածք ունեմ համալիր Պրեմի դաս համալիր ունեմ եռահարկ ստորգետնյա ավտոկայանատեղ նախատեսել ավտոմեքենա համար ստանդարտ լայն և հարմարավետ համալիր ունենալ եմ քմ կանաչապատ տարածք առաջին և երկրորդ մասնաշենք կապել հատված նախատեսել եմ արտ գոտի մարզասրահ և սպա կենտրոն սուպերմարկետ դեղատուն բանկոմատ սրճարան և սնունդ կետ ի դեպ համալիր հարկ միջանցք լայնություն գերազանցել եմ ընդունվել ստանդարտ մ փոխարեն մ մուտք դուռ բարձրություն նույնպես ավելի եմ ստանդարտ եմ իսկ համալիր մ ինչ նյութ եմ համալիր պատուհան ու երեսպատում օր օր ավելանալ շենք բազմազան եմ և հաճախ մարդ կենտրոնանալ եմ արտաքին տեսք վրա անտեսել այնպիսի կարևոր գործոն ինչպիսի օգտագործել պատուհան եմ հենց դա եմ որոշել շենք էներգախնայողություն անվտանգություն մակարդակ աղմուկ մեկուսացում և նույնիսկ բնակիչ առօրյա հարմարավետություն ազատություն համալիր պատուհան պատրաստել եմ լինել բարձրորակ ալյումին Պրեմի դաս համալիր համար մյուս ոչ պակաս կարևոր գործոն ֆասադ եմ ազատություն ճակատային երեսպատում համար կիրառվել եմ հրկիզել կոմպոզիտ նյութ որ համատեղել եմ ժամանակակից արտաքին տեսք ու բարձր դիմացկունություն Կոմպոզիտ պանել նորույթ եմ Հայաստան և երաշխավորել եմ հակահրդեհային անվտանգություն բարձր մակարդակ բացառել կրակ տարածում շենք մակերես ինչ առաջատար բրենդ հետ եմ համագործակցել կառուցապատող ընկերություն համալիր վերելակ համաշխարհային բրենդ եմ գերմանական արտադրող էլ ապահովել եմ որակյալ սանտեխնիկան ու խելացի ջրային լուծում ընկերություն մատակարարել եմ բարձրորակ ալյումինե հրկիզել ֆասադային կոնստրուկցիա դուռ պատուհանային համակարգ և անվտանգ ապակե բազրիք համալիր գործընկեր եմ ը կլիմայական համակարգ ոլորտ ճապոնական ինժեներական բարձր ստանդարտ և նորարարություն խորհրդանիշ ինքը հուսալիություն և էներգաարդյունավետ լուծում ազատություն համալիր ը ընտրություն լիովին համապատասխանել եմ նախագիծ ընդհանուր կոնցեպտ ստեղծել ժամանակակից խելացի և երկարաժամկետ արժեք ձևավորել միջավայր համալիր շինարարություն իրականանալ եմ հայկական առաջատար Մետրոշի շինարարական ընկերություն շինարարություն կառավարում տեխնիկական վերահսկողություն ու խորհրդատվություն ընկերություն ինչ մակերես բնակարան կամ ազատություն համալիր և որքան արժել համալիր ներառել եմ բնակարան քմ մակերես բնակարան արժեք սկսվել եմ ՀՀ կախվել բնակարան դիրք հարկ և պլանավորում բնակարան տրամադրել եմ առանց վերանորոգում հնարավորություն տալ իրականանալ անհատական ինտերիերային լուծում ինչ պայման եմ հնարավոր ձեռք բերել բնակարան ազատություն ազատություն դուք բնակարան կարող եմ ունենալ տարաժամկետ վճարում ճկուն տարբերակ մինչև հունիս գործել եմ հետևյալ պայման կանխավճար ամիս անտոկոս մարում ժամկետ իսկ մինչև օգոստոս կանխավճար և ամիս անտոկոս մարում ժամկետ գործել եմ նաև հիփոթեքային վարկավորում տարբերակ հիփոթեք տրամադրել եմ առաջին հիփոթեքային ինչպես նաև ամերիաբանկ առաջին հիփոթեքային միջոցով բնակարան ձեռք բերելիս ՀՀ քաղաքացի համար գործել եմ հետևյալ պայման ՀՀ դրամ վարկավորել կանխավճար տարեկան տոկոսադրույք սկսած ը մինչև տարի մարում ժամկետ իսկ օտարերկրկյա քաղաքացի բնակարան կարող եմ ձեռք բերել ԱՄՆ դոլար սկսած տարեկան տոկոսադրույք կանխավճար մինչև տարի մարում ժամկետ համալիր շինավարտ նախատեսել եմ թվական օգոստոս,11,887
https://armenpress.am/hy/article/1251160,2026-05-26 10:07:00,ԿԸՀ ուժ կորչել եմ ճանաչել Ալյան կուսակցություն գրանցում խորհրդարանական ընտրություն մասնակցել համար,կենտրոնական ընտրական հանձնաժողով ուժ կորչել եմ ճանաչել Ալյան կուսակցություն գրանցում Հայաստան հունիս կայանալ խորհրդարանական ընտրություն մասնակցել համար Արմենպրես ը փոխանցում կենտրոնական ընտրական հանձնաժողով մայիս արտահերթ նիստ քննարկել եմ կուսակցություն վարչություն որոշում ԱԺ հերթական ընտրություն մասնակցություն ինքնաբացարկ որոշում ԿԸՀ արտահերթ նիստ ներկա եմ լինել նաև կուսակցություն ներկայացուցիչ որ հաստատել եմ որ կուսակցություն վարչություն ընտրություն մասնակցություն ինքնաբացարկ որոշում եմ կայանալ ԿԸՀ ուժ կորչել եմ ճանաչել Ալյան կուսակցություն գրանցում ինչ նշանակել եմ որ թվական հունիս ՀՀ ԱԺ հերթական ընտրություն համար քվեաթերթիկ եմ լինել Հայաստան կայանալ խորհրդարանական ընտրություն մասնակցել համար առաջադրել եմ քաղաքական ուժ դաշինք և կուսակցություն ընտրապայքար Ալյան կուսակցություն դուրս գալ հետո առաջադրել կուսակցություն թիվ դառնալ եմ,12,104
https://armenpress.am/hy/article/1251166,2026-05-26 11:11:00,աղբաորսիչ սարք միջոցով Հրազդան գետ մեկ տարում հեռանալ եմ շուրջ խմ կենցաղային աղբ,երևանյան լիճ աղտոտվածություն նվազեցում նպատակով Հրազդան գետ վրա տեղադրել աղբաորսիչ սարք միջոցով մեկ տարի ընթացքում գետ հեռանալ եմ շուրջ խորանարդ մետր կենցաղային աղբ ծրագիր իրականանալ եմ Երևան քաղաքապետարան նախաձեռնություն Արմենպրես ը հաղորդում այս մասին հաղորդագրություն եմ տարածել Երևան քաղաքապետարան աղբաորսիչ ցանց տեղադրել եմ դեռևս նախորդ տարի Արաբկիր և Շենգավիթ վարչական շրջան Հրազդան գետ հունային հատված ծրագիր նպատակ եմ կանխել գետ տեղափոխվել թափոն կուտակում և նպաստել մայրաքաղաք բնապահպանական միջավայր բարելավում Երևան քաղաքապետարան աշխատակազմ բնապահպանություն վարչություն պետ ժամանակավոր պաշտոնակատար Սիրարփ Հայկազյան խոսք երկու կայան կառուցում համար քաղաքապետարան հատկացնել եմ շուրջ միլիոն դրամ այս տարի ևս նախապատրաստել եմ նոր մրցույթ ևս մեկ աղբաորսիչ կայ տեղադրել Արաբկիր վարչական շրջան գետ հուն ավելի վերև հատված նշել եմ նա քաղաքապետարան ընդգծել եմ որ շրջակա միջավայր պահպանություն գործ կարևոր եմ նաև քաղաքացի պատասխանատու վարքագիծ մենք մոնիթորինգ արդյունք ցույց եմ տալ որ երկու աղբաորսիչ կայան միասին մեկ տարի ընթացքում հավաքել եմ շուրջ խորանարդ մետր աղբ ուզել եմ քաղաքացի հորդորել լինել ավելի զգոն և հոգատար բնություն նկատմամբ ասել եմ Սիրարփ Հայկազյան,13,162
https://armenpress.am/hy/article/1251100,2026-05-25 14:08:00,գավառ բժշկական կենտրոն վերազինվել եմ ժամանակակից բուժսարքավորում,գեղարքունիք մարզ գավառ քաղաք բժշկական կենտրոն ՀՀ առողջապահություն նախարարություն կողմից տրամադրել միջոց վերազինվել եմ ժամանակակից բժշկական համալիր սարքավորում ինչպես Արմենպրես ը տեղեկանալ Գավառ ԲԿ տնօրեն Գարիկ Սողոմոնյան բժշկական կենտրոն վերազինվել եմ վերջին սերունդ լապարոսկոպիկ սարքավորում կոլոնոսկոպ գաստրոսկոպ որ թույլ եմ տալ ժամանակակից բուժսպասարկ բուժապահով իրականանալ այս վերազինում շնորհիվ բուժառու ստանալ եմ որակյալ և ժամանակակից բուժօգնություն առողջապահական ապահովագրություն շրջանակ մենք բնակիչ ակտիվ դիմում եմ կենտրոն վստահել եմ կենտրոն և ես կարող եմ վստահ ասել որ մենք շարժ կրկնակի եռակի անգամ շատալ եմ ընդհանուր վիրաբուժական գինեկոլոգիական ուռոլոգիական վնասվածքաբանական և կրծքային վիրաբուժություն միջամտություն արդեն հնարավոր եմ կատարել բարձր ճշգրտություն և արդյունավետություն հավաստել ԲԿ տնօրեն գավառ բժշկական կենտրոն վերազինվել եմ նաև նոր էնդոսկոպիկ համալիր որ ներառել եմ նաև ուռոլոգիական սարքավորում այդ թիվ ռեզեկտոսկոպ ցիստոսկոպ որ թույլ եմ տալ կատարել էնդոսկոպիկ միջամտություն ուռոլոգիական խնդիր հետ կապվել նախկին նույնպես կատարել եմ այս միջամտություն սակայն նոր համալիր թույլ եմ տալ ավելի արդյունավետ ավելի որակյալ տեսանելիություն կատարել էնդոսկոպիկ միջամտություն նոր սարքավորում հնարավորություն եմ տալ մարզային բուժհաստատություն իրականանալ վիրահատական ցանկացած միջամտություն հետվիրահատական առավել թեթև ընթացք արդիականանալ եմ նաև սոնոգրաֆիկ հետազոտություն բուժհաստատություն ախտորոշիչ բաժանմունք վերազինվել եմ ժամանակակից շարժական սոնոգրաֆիկ սարք այն տրամադրել եմ գավառ համայնքապետարան Մարզայի բուժհաստատություն վերազինում վերջին սերունդ սարքավորում ապահովել եմ որակյալ բուժծառայություն մարզ բնակիչ հնարավորություն տալ խուսափել մայրաքաղաքային բուժհաստատություն հասնել դժվարություն,7,204
https://armenpress.am/hy/article/1251074,2026-05-25 12:01:00,Երևան կոնյակ գործարան ներկայանալ եմ պրեմի օղի խաղող յուրահատուկ հիմք,բացահայտել ծանոթ ավանդույթ նոր դրվագ հայտարարել եմ նոր արտադրանք թողարկում մասին պրեմի օղի խաղող յուրահատուկ հիմք բրենդ ավելի քան պատմություն մեջ այս նոր անսպասելի էջ մարմնավորել եմ խաղող մասին հիմնարար գիտելիք ու դա հետ աշխատել վարպետություն հենց այս փորձառություն եմ թույլ տալ ստեղծել այնպիսի արտադրանք որ վստահորեն դուրս եմ գալ դասական կատեգորիա սահման և նորովի եմ բացահայտել պրեմի օղի բնույթ խաղող օղի պատրաստել եմ արարատյան դաշտ հատընտիր խաղող կրկնակի թորում եղանակ պահպանել սպիրտ ծագում շարունակականություն և խաղող հետ աշխատել հարուստ փորձ ստեղծվել եմ որպես օղի ինքնուրույն կատեգորիա ինքը տեխնոլոգիա փիլիսոփայություն և բնավորություն արտադրանք հիմք խաղող սպիրտ եմ սակայն ստեղծում գործընթաց բացակայ եմ հնացում փուլ այստեղ մաքրություն թափանցիկություն և համ ճշգրտություն ձևավորել եմ արտադրանք հիմնական դիմագիծ այսպես համար ընտրել եմ Երևան կոնյակ գործարան սպիրտ հատուկ սահմանափակ խմբաքանակ որ առանձնանալ եմ թեթևություն և լավ համապատասխան եմ օղի ստեղծում մաքուր բնավորություն փափուկ համ և նրբագեղ յուրաքանչյուր մանրուք հենց այս սպիրտ եմ թույլ տալ բացահայտել խմիչք ազնիվ բնույթ պահպանել նա բյուրեղային թափանցիկություն նուրբ բույր և ներդաշնակ համ առանձնահատկություն մեկը էլ Կաթնաղբյուր աղբյուր ջուր եմ խաղող ոգի օղի բնավորություն այս բանաձև փոխանցել եմ էություն այն միավորել եմ պրեմի օղի մաքրություն ու խաղող ծագմամբ պայմանավորվել առանձնահատկություն օղի եմ հստակ ճշգրիտ փափուկ և նրբագեղ համ որտեղ խաղող ոգի ձեռք եմ բերել օղի բնավորություն խաղող օղի պարզապես նոր կատեգորիա եմ բրենդ համար սա փիլիսոփայություն շարունակություն եմ որտեղ պրեմի լինել սկսվել եմ ծագում հումք հանդեպ հարգանք և կատարում ճշգրտություն շատ համար կարող եմ դիտարկել որպես անսպասելի քայլ Երևան կոնյակ գործարան կողմից սակայն այս արտադրանք մենք մի նոր պատմություն եմ կիսվել Պրեմի լինել սկսվել եմ ծագում հումք նկատմամբ հարգանք ճշգրտություն և իհարկե չափ զգացում պրեմի լինել ևս մեկ մեկնաբանություն եմ համար նոր կատեգորիա որտեղ մենք համար մաքրություն դառնալ եմ մենք մշակույթ լեզու փափկություն ամփոփել եմ մենք վարպետություն իսկ զսպվածություն դառնալ եմ ոճի դրսևորում ես անկեղծորեն ուրախ եմ որ այսուհետ կարողանալ ներկայանալ արժանի խմիչք սիրահար սպառում առավել լայն շրջանակ նշել եմ Երևան կոնյակ գործարան արտադրություն տնօրեն Համլետ Անտոնյան այս արտադրանք որ մեկնարկ սկսվել եմ Հայաստան որպես բրենդ պատմական արմատ հանդեպ հարգանք նշան ուղղել եմ պրեմի դաս արտադրանք գնահատող ով նախընտրել եմ խմիչք անհատականություն մաքրություն մեջ փնտրել եմ բնավորություն իսկ ծագում մեջ որակ երաշխիք Հայաստան կհաջորդ արտադրանք ներկայացում միջազգային շուկայ վիզուալ ձևավորում արտադրանք փիլիսոփայություն ներդաշնակ շարունակություն եմ որ փոխանցել եմ ոճի հստակություն մաքրություն ու զսպվածություն խորհուրդ եմ տրել մատուցել թեթևակի սառել վիճակ այդպիսի մատուցում դեպք առավել լիարժեք եմ բացահայտվել նա փափկություն մաքրություն ու համ արտահայտիչ բնույթ գաստրոնոմիական համադրություն այն դրսևորվել եմ առանձնապես ճշգրիտ նրբորեն ընդգծել ուտեստ համ և պահպանել ամբողջական տպավորություն,10,409
https://armenpress.am/hy/article/1251117,2026-05-25 16:40:00,մենք հասարակություն մոտ կամ ընկալում որ տեղ եմ և լուծել գնաճ խնդիր Մարտին Գալստյան,Հայաստան կենտրոնական բանկ նախագահ Մարտին Գալստյան վստահ եմ որ Հայաստան բնակչություն մոտ կամ այն մտավախություն որ կենտրոնական բանկ իրականանալ քաղաքականություն պատշաճ եմ ու երկիր գնաճ հետ կապվել խնդիր եմ լինել Արմենպրես ը հաղորդում Գալստյան այդ մասին ասել եմ մայիս կայանալ մամուլ ասուլիս ժամանակ շատ երկիր նախընտրական գործընթաց ժամանակ գնաճ լինել եմ համար մեկ խնդիր մենք այդպիսի բան եմ տեսնել որովհետև վերջին տարի ընթացքում մենք կառավարում շնորհիվ Հայաստան գնաճ խնդիր լինել եմ լուծվել ես եմ բացառել ցավալի շոկ բայց այն ընկալում որ կենտրոնական բանկ տեղ եմ և լուծել գնաճ խնդիր կամ նաև հասարակություն մոտ ասել Գալստյան,14,95
https://armenpress.am/hy/article/1251102,2026-05-25 14:35:00,Երևան գինու օր փառատոն ներկայանալ եմ գինու ավելի տեսակ,Երևան գինու օր ը նշել եմ ինքը հոբելյանական տարի շրջանակ կազմակերպիչ հանդես եմ գալ բազմապիս ծրագիր Երևան Սարյան Թումանյան և մոսկովյան փողոց հունիս և կրկին լցվել եմ գինու բազմաթիվ տեսակ մրցույթ համերգային ու մշակութային հետաքրքրիր միջոցառում Արմենպրես ը մամուլ սրահ հրավիրել ասուլիս ԷվենտՏուրա ընկերություն համահիմնադիր Մերի Բադալյան նշել որ մեկնարկ տրվել եմ գինեգործ շքերթ հունիս ժամ բոլորը հրավիրել եմ Երևան Թումանյան փողոց որտեղ գինեգործ մեծ շքերթ մուտք եմ գործել փառատոն տարածք սա իրապես հպարտանալ առիթ եմ որովհետև մենք ունեմ մեծ թիվ գինեգործ մասնակցություն իսկ փառատոն ներկայանալ եմ գինու ավելի տեսակ ասել Մերի Բադալյան փառատոն միայն գինու շուրջ եմ ծավալվել շեշտադրել եմ նաև գաստրոտուրիզմ ազգային հագուստ մշակույթ լինել եմ աշխատարան վարպետաց դաս ու համերգային ծրագիր ԷվենտՏուրա ընկերություն համահիմնադիր Նունե Մանուկյան խոսք այս տարի ընթացքում փառատոն դառնալ իրադարձային տուրիզմ առանցքային միջոցառում մեկը որ ինքը շուրջը եմ համախմբում գինու սիրահար աշխարհ տարբեր երկիր այս տարի ընթացքում մենք փառատոն մասնակցություն աշխարհագրություն այնքան եմ ընդլայնվել որ գալ եմ սկանդինավյան երկիր Անգլիա Ավստրալիա ինչ մենք համար շատ ուրախալի եմ նպատակ եմ դնել Հայաստան որպես գինու բնօրրան ճանաչելի դառնալ տարի անց կարող եմ վստահ ասել որ մենք նպատակ հասնել եմ ասել Նունե Մանուկյան փառատոն նաև տնտեսական առում մեծ նշանակություն ունեմ նախորդ փառատոն շրջանակ ներգրավել գործընկեր ոչ միայն գինեգործ երեք օր ընթացքում ունենալ եմ միլիոն դոլար շրջանառություն Երևան քաղաքապետարան մշակույթ և տուրիզմ վարչություն պետ Գոշ Սարգսյան նշել որ Երևան գինու օր ը մայրաքաղաք մշակութային դիմագծ կարևոր մաս եմ կազմ շատ կողմից սիրել ու սպասել այս փառատոն մեծ ակտիվություն եմ մտնել Երևան բերել բազմաթիվ զբոսաշրջիկ Երևան քաղաքապետարան ինքը ֆինանսական աջակցություն եմ ցուցաբերել փառատոն և ես շատ ուրախ եմ որ այս տարի ընթացքում այն դառնալ եմ այնպիսի կարևոր իրադարձություն զբոսաշրջային արդյունք որ մենք մեծ հպարտություն ներկայանալ եմ մենք միջազգային գործընկեր ասել Գոշ Սարգսյան նա տեղեկանալ որ Երևան հունիս սկիզբ բավական ակտիվ եմ լինել Երևան գինու օր ը բացի անցկացնել եմ բալետ փառատոն հունիս երեխա պաշտպանություն միջազգային օր մասշտաբային մեծ ծրագիր եմ սպասել ժամ սկսած բազմաթիվ միջոցառում եմ անցկացնել ազատություն հրապարակ կարապ լիճ հարևանություն և հյուսիսային պողոտա երկայնք,9,327
https://armenpress.am/hy/article/1251077,2026-05-25 12:10:00,Հայաստան ներկա գնաճային միջավայր կառավարելի եմ ԿԲ խորհուրդ անդամ,Հայաստան ներկա գնաճային միջավայր հիմնականում պայմանավորվել եմ առաջարկային բնույթ գործոն ինչպես նաև աշխարհաքաղաքական անորոշություն պայմանավորվել արտաքին ռիսկ միաժամանակ հարաբերականորեն ակտիվ ներքին պահանջարկ նպաստել եմ գնաճային ազդեցություն ուժեղացում այդուհանդերձ ներկա գնաճային միջավայր գնահատել եմ որպես կառավարելի Արմենպրես ը թղթակց հետ զրույց անդրադառնալ թվական ապրիլ Հայաստան գրանցել գնաճին այս մասին նշել ՀՀ կենտրոնական բանկ խորհուրդ անդամ Արմեն Քթոյան ՀՀ վիճակագրական կոմիտե տվյալ թվական ապրիլ գնաճ կազմել եմ իսկ ամսական Դուք կարծիք ինչ եմ պայմանավորվել գնաճ նման արտացում հիմնական որ գործոն եմ նպաստել դա թվական ապրիլ արձանագրել գնաճային դինամիկա հիմնականում ձևավորվել եմ պարենային ապրանք գին արագանալ աճ և արտաքին հատված փոխանցել գնաճային ազդակ պայման ճիշտ եմ արձանագրել ըստ ՀՀ վիճակագրական կոմիտե ապրիլ գնաճ կազմել եմ իսկ ամսական գնաճ միևնույն ժամանակ սննդամթերք և ոչ ալկոհոլային խմիչք խումբ տարեկան գնաճ կազմել եմ ԿԲ գնահատում ներկա գնաճային միջավայր հիմնականում պայմանավորվել եմ առաջարկային բնույթ գործոն միջազգային պարենային շուկա բարձր գին լոգիստիկ ծախս աճ ինչպես նաև աշխարհաքաղաքական անորոշություն պայմանավորվել արտաքին ռիսկ միաժամանակ ներքին պահանջարկ շարունակել եմ պահպանվել հարաբերականորեն ակտիվ մակարդակ ինչ նպաստել եմ գնաճային ազդեցություն փոխանցում մեխանիզմ ուժեղացում այդուհանդերձ անհրաժեշտ եմ ընդգծել որ ներկա գնաճային միջավայր գնահատել եմ որպես կառավարելի գնաճային սպասում շարունակել եմ մնալ խարսխել նկատելի եմ պարենալ որոշ ապրանք գին նշանակալի աճ ընդհանուր առում սպառողական շուկա որ հատված եմ գրանցել առավ գնաճ և ինչու եմ գին բարձրացում առնչվել հենց դա առավել նշանակալի գնաճ եմ արձանագրել մսամթերք կաթնամթերք ձու և միրգ առանձին խումբ օրինակ ձու գին տարեկան կտրվածք աճել եմ տավար և հորթ միս կաթնամթերք և ձու խումբ ներկայացված այս զարգացում պայմանավորվել եմ մի քանի փոխկապակցվել գործոն նախ Հայաստան տնտեսություն պարենային ապրանք ներմուծում տեսակարար կշիռ շարունակել եմ մնալ բարձր ինչ հետևանքով համաշխարհային գին փոփոխություն համեմատաբար արագ փոխանցել եմ մենք ներքին շուկա երկրորդ աճել եմ գյուղատնտեսական արտադրություն և լոգիստիկ ծախս երրորդ առանձին ապրանքային խումբ արձանագրել եմ առաջարկ որոշակի սահմանափակում որ ըստ իս ժամանակավոր բնույթ եմ կրել միաժամանակ համար կարևոր եմ տարբերակել բարձր տատանողականություն ունենալ պարենային գնաճ և ավելի կայուն հիմնարար գնաճային գործընթաց ինչպես եմ գնաճ դրսևորվել տնտեսություն մյուս ոլորտ արդյոք տեղին եմ խոսել շղթայական ազդեցություն մասին տնտեսագիտական տեսանկյուն ներկա կարելի եմ խոսել որոշ փոխանցումային և երկրորդային ազդեցություն մասին սակայն իրավիճակ ես կարծիք եմ կարող բնորոշել որպես լայնածավալ գնաճային պարույր ձևավորել կամ էլ դա նախադրյալ ինչ վերաբերել եմ Դուք ձևակերպում տնտեսություն մյուս ոլորտ գնաճ դրսևորում ապա այդ հարց կարող եմ պատասխանել ՍԳԻ սպառողական գին ինդեքս կառուցվածք ներառել սպառողական որոշ հիմնական խումբ օրինակ ներկայացում այսպես ապրիլ կրթություն խումբ գին տարեկան աճ կազմել եմ առողջապահություն խումբ ռեստորան և հյուրանոց խումբ միաժամանակ բնակարանային և կոմունալ ծառայություն խումբ գնաճ մնալ եմ համեմատաբար զսպել մակարդակ համար առանցքային նշանակություն ունեմ բնականոն գնաճ վարքագիծ քանի որ այն թույլ եմ տալ գնահատել տնտեսություն ձևավորվել առավել կայուն գնաճային ճնշում ըստ ԿԲ գնահատական թվական մարտ տարեկան բնականոն գնաճ կազմել եմ առանձնահատուկ ուշադրություն եմ դառնալ նաև ոչ արտահանելի կոշտ գին առանց սնունդ և վառելիք ապրանքախմբեր գնաճ մակարդակ ու դինամիկա նշել երկու ցուցանիշ բնականոն գնաճ հետ միասին ավելի համարժեք կերպ եմ արտացոլել տնտեսություն ձևավորվել միջնաժամկետ գնաճային միջավայր օրինակ կոշտ գին բնութագրել ոչ արտահանելի ապրանք և ծառայություն գնաճ մարտ տարեկան կտրվածք կազմել եմ իսկ առանց սնունդ և վառելիք խումբ գնաճ դրամավարկային քաղաքականություն հիմնական խնդիր այս պայման այն եմ որ արտաքին կամ ժամանակավոր շոկ վերածվել երկարատև գնաճային իներցիա և չապախարսխել գնաճային սպասում կամ տվյալ թե գնաճ ինչպես եմ անդրադառնալ բնակչություն գնողունակություն և երկիր տնտեսական վիճակին գնաճ ազդեցություն բնակչություն գնողունակություն վրա հիմնականում արտահայտել եմ իրական եկամուտ դինամիկա միջոցով քանի որ պարենային ապրանք գնաճ ապրիլ կազմել եմ ուստ գնաճային ազդեցություն առավել զգայուն եմ այն տնային տնտեսություն համար որ սպառողական ծախս սննդամթերք ունեմ բարձր տեսակարար կշիռ միևնույն ժամանակ ներկա գնաճային միջավայր ձևավորվել եմ պահպանել բարձր տնտեսական ակտիվություն պայման այսպես թվական առաջին եռամսյակ տնտեսական ակտիվություն ցուցանիշ իրական աճ նախորդ տարի նույն ժամանակահատված համեմատություն գերազանցել եմ ը հիմնականում ծառայություն և շինարարություն հատված հաշվին այսինքն ներկա տնտեսություն միաժամանակ առկա եմ թե պահանջարկային ակտիվություն թե գնաճային որոշակի ճնշում կարևոր եմ նաև որ ֆինանսական համակարգ շարունակել եմ գործել կայուն ինչպես արդեն նշել ԿԲ քաղաքականություն առաջնային նպատակ տվյալ իրավիճակ գնաճային սպասում խարսխվածություն պահպանում եմ և միջնաժամկետ հատված գին կայունություն ապահովում առանց տնտեսական ակտիվություն անհարկի ճնշում հաշիվ առնել որ գնաճ կարծես գերազանցել եմ ՀՀ կենտրոնական բանկ կանխատեսել ցուցանիշ ինչ միջոց պետք եմ ձեռնարկել կարգավորել մարմին ստեղծվել իրավիճակ կենտրոնական բանկ վարել եմ ապագա միտել քաղաքականություն որ կառուցել եմ ոչ թե առանձին ամսական ցուցանիշ շարժընթաց այլ դա պայմանավորել գործոն մանրակրկիտ վերլուծություն և տնտեսություն զարգացում տարբեր սցենար դիտարկում վրա այս առում ապրիլ արձանագրել գնաճին քաղաքականություն արձագանք հիմնվել եմ և շարունակել եմ հիմնվել լինել գնաճ կառուցվածք բնականոն գնաճ ոչ արտահանելի կոշտ գին աճ պահանջարկ միջավայր և գնաճային սպասում համակցել գնահատում վրա այս համատեքստ խորհուրդ դիտարկել եմ սցենար կապվել համաշխարհային չեզոք տոկոսադրույք հնարավոր աճ ներքին տնտեսություն ավելցուկային պահանջարկ պայման ձևավորում և հարկաբյուջետային քաղաքականություն կողմից ընդլայնում ռիսկ հետ որ պահանջել եմ շուկայական սպասում համեմատություն քաղաքականություն ավելի բարձր տոկոսադրույք ուղի մյուս կողմ խորհուրդ քննարկել եմ սցենար կապվել համաշխարհային տնտեսություն աճ դանդաղում հեռանկար և ՀՀ տնտեսություն ռիսկ հավելավճար հիմնարար նվազում հետ որ ենթադրել եմ շուկայական սպասում համեմատություն քաղաքականություն ավելի ցածր տոկոսադրույք ուղի արդյունք հավասարակշռել վեր նշել երկու ուղղություն ռիսկ կառավարում անհրաժեշտություն ՀՀ կբ խորհուրդ թվական մայիս որոշել անփոփոխ թողնել քաղաքականություն տոկոսադրույք խորհուրդ շարունակել մշտադիտարկել տնտեսություն զարգացում սցենար և պատրաստ եմ ձեռնարկել համարժեք գործողություն միջնաժամկետ հորիզոն գնաճ նպատակ և գին կայունություն ապահովում համար երկարաժամկետ ինչ կանխատեսում կարելի եմ անել Հայաստան գնաճ վերաբերյալ հաշիվ առնել ներկա դինամիկա ինչպես նշել նախորդիվ մշտադիտարկել եմ տնտեսություն զարգացում սցենար և պատրաստ եմ ձեռնարկել համարժեք գործողություն միջնաժամկետ հեռանկար գնաճ նպատակային մակարդակ մոտենալ համար պետք եմ նաև ավելանալ որ ՀՀ պատմականորեն ապացուցել եմ ինքը վճռականություն գին կայունություն ապահովում գործ միաժամանակ արտաքին միջավայր շարունակել եմ մնալ բարձր անորոշություն աղբյուր մերձավոր արևելք լարվածություն խորացում հորմուզ նեղուց շուրջ ռիսկ և նավիթ համաշխարհային գին հնարավոր աճ կարճաժամկետ կարող եմ ուժեղացնել ներմուծել գնաճային ճնշում հատկապես էներգակիր տրանսպորտային և լոգիստիկ ծախս միջոցով այդուհանդերձ ներկա իրավիճակ ես համոզմամբ եմ գնահատել որպես համակարգային գնաճային ապակայունացում փուլ Հայաստան գնաճային միջավայր այդ թիվ տարածաշրջանային կամ ավելի լայն համատեքստ համադրություն շարունակել եմ մնալ կառավարելի օրինակ թվական ապրիլ գնաճ Հայաստան կազմել եմ Վրաստան շուրջ Ղազախստան ավելի քան այս պայման ԿԲ քաղաքականություն հիմնական նպատակ շարունակել եմ մնալ գնաճային սպասում կայունացում և այնպիսի իրավիճակ կանխում երբ ժամանակավոր շոկ կարող եմ վերածվել երկարատև գնաճային իներցիա ներկա գնաճ ինչպես կարող եմ անդրադառնալ երկիր տնտեսական կայունություն տնտեսական ակտիվություն և ազգային արժույթ փոխարժեք մակրոտնտեսական կայունություն վրա գնաճ ազդեցություն կախվել եմ դա կառուցվածք տևողություն և սպասում վրա ազդեցություն եթե գնաճ հիմնականում պայմանավորվել եմ պարենալ կամ արտաքին ծախսային գործոն և եմ փոխանցել լայն կազմ կամ ընդգրկում սպառողական զամբյուղ ապա դա ազդեցություն սովորաբար ավելի սահմանափակ եմ ներկա Հայաստան տնտեսություն համար կարևոր դրական հանգամանք եմ այն որ գնաճային արտացում տեղ եմ ունենալ պահպանել տնտեսական ակտիվություն և կայուն ֆինանսական համակարգ պայման արդեն նշել որ տնտեսական ակտիվություն շարունակել եմ պահպանվել բավականին բարձր աճ տիրույթ իսկ ֆինանսական շուկա ռիսկ ընկալում մնալ եմ վերահսկելի մակարդակ փոխարժեք մաս հարկ եմ ընդգծել որ եմ իրականանալ փոխարժեք մակարդակ թիրախավորում սակայն միևնույն ժամանակ գին կայունություն հանդիսանալ եմ ազգային արժույթ նկատմամբ վստահություն պահպանում կարևոր նախապայման ցածր և կանխատեսելի գնաճ նպաստել եմ ֆինանսական կայունություն նվազել եմ ներդրում ռիսկ հավելավճար և աջակցել ներդրումային միջավայր կանխատեսելիություն ՀՀ ձևավորվել տնտեսական իրավիճակ պահանջել եմ ակտիվ մշտադիտարկել և հավասարակշռել ու համարժեք դրամավարկային քաղաքականություն վստահաբար պետք եմ արձանագրել որ ԿԲ գործիքակազմ և գործել քաղաքականություն դիրքավորում բավարար հիմք եմ ձևավորել միջնաժամկետ հատված գնաճ վերադարձ նպատակային մակարդակ ապահովել համար,9,1170
https://armenpress.am/hy/article/1251062,2026-05-25 10:28:00,Հայաստան ժամանել ԱՄՆ պետքարտուղար Մարկո Ռուբիո,ԱՄՆ պետքարտուղար Մարկո Ռուբիո մայիս Հայաստան ժամանել Արմենպրես ը փոխանցում այս մասին հայտնել եմ ՀՀ արտաքին գործ նախարարություն նշել կայանալ արտաքին գործ նախարար Արարատ Միրզոյան և Մարկո Ռուբիո հանդիպում որ հետո նախարար հանդես գալ մամուլ համար հայտարարություն ծրագրել եմ երկկողմ փաստաթուղթ ստորագիր հաջորդիվ կայանալ ՀՀ ագ նախարար Արարատ Միրզոյան մամուլ ասուլիս ԶԼՄ ներկայացուցիչ հետ,6,54
https://armenpress.am/hy/article/1251084,2026-05-25 12:46:00,Ավանում խուզարկել եմ ուժեղ Հայաստան ը գրասենյակ անձ ձերբակալվել եմ,ավան վարչական շրջան ուժեղ Հայաստան կուսակցություն գրասենյակ խուզարկություն եմ իրականանալ ընտրակաշառք տալ ստանալ դեպք առթիվ ՀՀ հակակոռուպցիոն կոմիտե նախաձեռնել քրեական վարույթ շրջանակ Արմենպրես ը այս մասին հայտնել ՀՀ հակակոռուպցիոն կոմիտե նշել որ ձերբակալվել եմ հինգ անձ անհրաժեշտություն դեպք տրել լրացուցիչ տեղեկատվություն,10,41
https://armenpress.am/hy/article/1251108,2026-05-25 15:39:00,հակակոռուպցիոն կոմիտե հայտնել եմ ուժեղ Հայաստան ը կողմից ընտրական հերթական հանցագործություն բացահայտել մասին հրապարակվել եմ ձայնագրություն,հակակոռուպցիոն կոմիտե հայտնել եմ ուժեղ Հայաստան ը կողմից ընտրական հերթական հանցագործություն բացահայտել մասին Արմենպրես ը փոխանցում Կոմիտե հաղորդագրություն հետ մեկտեղ հրապարակել եմ նաև ձայնագրություն հակակոռուպցիոն կոմիտե կողմից բացահայտել ընտրական հանցագործություն վերաբերյալ քննվել քրեական վարույթ փաստական տվյալ եմ ստանալ առ այն որ արտերկիր աշխատանք մեկնել ՀՀ մի շարք քաղաքացի նկատմամբ ունենալ նյութական կախվածություն օգտագործել բիզնես գործունեություն իրականանալ անձինք ուժեղ Հայաստան կուսակցություն համակիր և այլ անձ հետ նախապատրաստել եմ վերջին տեղափոխել Հայաստան հանրապետություն հարկադրել մասնակցել ազգային ժողով ընտրություն և քվեարկել ինքը նշել կուսակցություն օգտին նշել եմ հաղորդագրություն մեջ ՀՀ հակակոռուպցիոն կոմիտե հորդորել եմ բոլոր քաղաքացի այդ թիվ արտերկիր բնակվել հայրենակից խստորեն պահպանել ընտրական օրենսդրություն պահանջ բացառել ընտրող կամք վրա ցանկացած անօրինական ներգործություն և ձեռնպահ մնալ ընտրական գործընթաց բնականոն ընթացք խաթարել գործողություն Կոմիտե հավաստիանալ եմ որ իրականանալ եմ բոլոր տեղեկություն համակողում և խիստ ստուգ ինչպես նաև ձեռնարկել եմ օրենք նախատեսել բոլոր միջոց հանցավոր արարք լիարժեք բացահայտում ապահովել համար անկախ դա կատարում վայր և ներգրավել անձ շրջանակ,16,153
https://armenpress.am/hy/article/1251093,2026-05-25 13:44:00,ուժեղ Հայաստան ը իշխանություն գալ դեպք խոստանալ եմ արգելել ադրբեջանցի անշարժ գույք ձեռք բերել Հայաստան,ուժեղ Հայաստան դաշինք առաջնորդ Սամվել Կարապետյան հայտարարել եմ որ իշխանություն գալ դեպք կառավարություն առաջին նիստ ընդունել Սաֆարով կանխարգելում օրենք կոչվել նախագիծ որ նախատեսել եմ արգելել Ադրբեջան քաղաքացի Հայաստան անշարժ գույք ձեռք բերել մենք մենք կառավարություն հենց առաջին նիստ ընդունել օրենք որ արգելել եմ ադրբեջանցի հող և գույք ձեռք բերել կամ դա որպես նվիրատվություն ստանալ Հայաստան տարածք մենք այդ օրենք անվանել եմ Սաֆարով կանխարգելում օրենք Արմենպրես ը հաղորդում դաշինք ներկայացուցիչ հետ աշխատանքային քննարկում ժամանակ ասել եմ Կարապետյան նախաձեռնություն մանրամաս ներկայանալ եմ դաշինք ցուցակ երկրորդ համար Արամ Վարդևանյան նշել որ առաջարկել օրենսդրական փաթեթ վերաբերել եմ Ադրբեջան քաղաքացի և ադրբեջանական իրավաբանական անձ մենք առաջարկել եմ որ Ադրբեջան քաղաքացիություն ունենալ որևէ ֆիզիկական կամ իրավաբանական անձ որպես իրական շահառու ՀՀ գործունեություն ծավալել եմ կարողանալ ձեռք բերել մենք երկիր որևէ անշարժ գույք ընդգծել եմ նա թեև ՀՀ սահմանադրություն ամրագրել եմ հող սեփականություն իրավունք եմ օգտվել օտարերկրյա քաղաքացի և քաղաքացիություն ունենալ անձինք բացառություն օրենք սահմանել դեպք Վարդևանյան կարծել եմ որ օրենսդրություն պետք եմ ամրագրել նաև անշարժ գույք ձեռք բերել արգելք Վարդևանյան ինքը քաղաքական թիմում ընդգրկել անձ նախագիծ ներկայանալ հարկ համարել հիշել թե ով եմ Հունգարիա ՆԱՏՕ ը դասընթաց մասնակցել հայ սպա Գուրգեն Մարգարյան կացնահարել ադրբեջանցի ոճրագործ Ռամիլ Սաֆարով և թե ինչու եմ ինքը նախագիծ կոչվել Սաֆարով կանխարգելում օրենք մայիս մեկնարկել եմ Հայաստան հունիս կայանալ խորհրդարանական ընտրություն նախընտրական քարոզարշավ որ շարունակվել մինչև հունիս ընտրություն մասնակցել համար գրանցել եմ քաղաքական ուժ դաշինք և կուսակցություն ուժեղ Հայաստան կուսակցություն ընտրություն մասնակցել եմ համար ներքո փոփոխություն կարգախոս կուսակցություն առաջնորդ Սամվել Կարապետյան ընտրական ցուցակ ներառել եմ քանի որ ունեմ նաև Ռուսաստան և Կիպրոս քաղաքացիություն և եմ կարող լինել ոչ պատգամավոր ոչ վարչապետ թեկնածու միաժամանակ կուսակցություն ներկայացուցիչ շարունակել եմ հայտարարել որ ինքը վարչապետ թեկնածուն Սամվել Կարապետյան եմ նա ներկա գտնվել եմ տնային կալանք տակ իշխանություն զավթել հրապարակային կոչ վերաբերյալ հարուցել քրեական վարույթ շրջանակ,15,289
https://armenpress.am/hy/article/1251127,2026-05-25 17:44:00,վերջին զանգ միջոցառում ժամանակ շրջանավարտ մասնակցություն ծանր հետևանք միջադեպ եմ արձանագրել ոստիկանություն,վերջին զանգ միջոցառում շրջանակ մայիս ՆԳՆ ոստիկանություն մայրաքաղաք և մարզ իրականանալ եմ ուժեղանալ ծառայություն ապահովել հասարակական կարգ ու երթևեկություն անվտանգություն պարեկային ծառայություն կողմից պահպանել հատուկ տարածք եմ տեղափոխվել միջոցառում մասնակից տրանսպորտային միջոց որ ղեկ լինել եմ անչափահաս ինչպես Արմենպրես ը տեղեկանալ եմ նգ նախարարություն տարածել հաղորդագրություն ոստիկանություն ուժեղանալ ծառայություն շնորհիվ շրջանավարտ մասնակցություն ծանր հետևանք միջադեպ ինչպես նաև ճանապարհատրանսպորտային պատահար եմ արձանագրել,12,61
https://armenpress.am/hy/article/1251051,2026-05-24 21:35:00,ուժեղ Հայաստան ը քարոզարշավային օր ամփոփել եմ Ավանում բնակիչ հետ հանդիպում,ազգային ժողով ընտրություն մասնակցել ուժեղ Հայաստան դաշինք ներկայացուցիչ մայիս քարոզարշավային օր անցկացնել եմ Երևան ավան վարչական շրջան Արմենպրես ը փոխանցում դաշինք ներկայացուցիչ շրջել եմ վարչական շրջան զրուցել քաղաքացի հետ քարոզարշավ ընթացքում դաշինք անդամ ներկայանալ եմ ինքը նախընտրական ծրագիր դրույթ իսկ քարոզարշավային օր դաշինք անդամ եզրափակել եմ հանրահավաք որ ժամանակ դաշինք ընտրական ցուցակ առաջին և երկրորդ համար Նարեկ Կարապետյան ու Արամ Վարդևանյան կիսվել եմ երկիր ապագա վերաբերյալ ինքը մտահոգություն մայիս մեկնարկել եմ Հայաստան հունիս կայանալ խորհրդարանական ընտրություն նախընտրական քարոզարշավ որ շարունակվել մինչև հունիս ընտրություն մասնակցել համար գրանցել եմ քաղաքական ուժ դաշինք և կուսակցություն ուժեղ Հայաստան կուսակցություն խորհրդարանական ընտրություն մասնակցել եմ համար ներքո կուսակցություն կարգախոս եմ փոփոխություն կուսակցություն ԿԸՀ եմ ներկայանալ թեկնածու բաղկանալ ցուցակ ինչպես նաև ազգային փոքրամասնություն թեկնածու բաղկանալ ցուցակ դաշինք առաջնորդ Սամվել Կարապետյան սակայն ցուցակ ներառել եմ քանի որ նա բացի ՀՀ քաղաքացիություն ունեմ նաև Ռուսաստան և Կիպրոս քաղաքացիություն իսկ ՀՀ սահմանադրություն համաձայն այլ երկիր քաղաքացիություն ունենալ անձինք եմ կարող լինել ոչ վարչապետ ոչ պատգամավոր թեկնածու չնայած դա կուսակցություն ներկայացուցիչ շարունակել եմ պնդել որ ինքը վարչապետ թեկնածուն Սամվել Կարապետյան եմ Սամվել Կարապետյան այս պահ տնային կալանք տակ եմ իշխանություն զավթել հրապարակային կոչ համար հարուցել քրեական վարույթ շրջանակ,11,187
https://armenpress.am/hy/article/1251118,2026-05-25 16:59:00,մինչև զորահանդես Երևան փողոց ռազմական տեխնիկա տեղաշարժ լուսանկարահանում և տեսանկարահանում խստիվ արգելել եմ ՊՆ,Երևան ՀՀ զու ռազմական տեխնիկա տեղաշարժ լուսանկարահանում և տեսանկարահանում փողոց մինչև մայիս անցկացնել զորահանդես խստիվ արգելել եմ Արմենպրես ը փոխանցում այս մասին հայտարարություն եմ տարածել Հայաստան պաշտպանություն նախարարություն զգուշանալ որ խախտող պատասխանատվություն կենթարկել Հարգել հայրենակից ԶԼՄ հարգել գործընկեր մինչև մայիս անցկացնել զորահանդես մայրաքաղաք Երևան ՀՀ զու ռազմական տեխնիկա տեղաշարժ լուսանկարահանում և տեսանկարահանում փողոց խստիվ արգելել եմ նկարահանում հնարավորություն տրամադրել մայիս սահմանել կարգ խստիվ արգելել եմ նաև արՍ կիրառմամբ նկարահանում խախտում հանգել պատասխանատվություն նշել եմ նախարարություն տարածել հայտարարություն մեջ մայիս հանրապետություն օր ժամ Երևան հանրապետություն հրապարակ անցկացնել զորահանդես որ ժամանակ ցուցադրել եմ վերջին տարի ընթացքում ՀՀ զինել ուժ ձեռք բերել սպառազինություն,14,100
https://armenpress.am/hy/article/1251092,2026-05-25 14:02:00,Նորաբակ պատմամշակութային ու պատմահնագիտական նորահայտ արժեք,գեղարքունիք մարզ Վարդեն համայնք Նորաբակ սահմանամերձ գյուղ բնակելել եմ լինել անհիշելի ժամանակ այդ մասին եմ վկայել թվական ՀՀ գաա հնագիտություն և ազգագրություն ինստիտուտ կողմից այստեղ իրականանալ հնագիտական պեղում Գերմանիա Հալեի ու Թյուբինգեն համալսարան հետ համագործակցություն գիտական արշավախմբ ղեկավար հնագետ պատմական գիտություն դոկտոր Արսեն Բոբոխյան վկայություն պեղում եմ իրականանալ Նորաբակ գյուղ կից գտնվել ամրոց բնակավայր Նորաբակ հնավայր բնակավայր տեղակայվել եմ Սոթք ոսկի հանք տանել ճանապարհ պեղում արդյունք գտնվել նյութ պարզել եմ որ հուշարձան տարածք բնակելել եմ լինել դեռևս վաղ բրոնզ դարաշրջան դար իսկ պաշտպանական համակարգ գործել եմ վաղ և միջին երկաթ դարաշրջան դար պատմական այլ աղբյուր տեղեկանալ եմ որ Նորաբակ Քրիստոս առաջ յոթերորդ դար ընդգրկել եմ լինել մեծ Հայք թագավորություն մեջ Սյունյաց նահանգ սոդաց գավառ կազմ դար տարածք անցնել եմ Դոփյան իշխանական տուն տիրապետություն ներքո հետո տարածք մտնել եմ Սեֆյան Իրան այնուհետ Ռուսաստան կազմ թվական մայիս գտնվել եմ Հայաստան հանրապետություն կազմ այս գյուղ գտնվել եմ լեռնային Ղարաբաղ տանել ճանապարհ մեկը հանգույց ուստի և շատ հաճախ եմ ենթարկել նվաճող ասպատակություն դառնալ ռազմական բախում վայր ու դժվար եմ պատկերանալ թե ինչ սարսափ ու կորուստ եմ կրել հայ բնակչություն այդ արշավանք արդյունք այս գյուղ նաև հսկել դիրք ունեմ ինքը դեպի հյուսիս տարածվել Մասրիկ լայնածավալ հարթավայր վրա Նորաբակ վերջ գետնատարել վիճակ բարձրանալ ու կանգնել խաչքար արձանագրություն հավաստել եմ որ այստեղ հայ բնակչություն ապրել եմ մինչև դար վերջ գուցե նաև դար սկիզբ որ հետո արդեն գյուղ վերաբնակեցել եմ մահմեդական ցեղ Մեսրոպ արքեպիսկոպոս Սմբատյանց ինքը տեղագիր գեղարքուն ծովազարդ գավառ կոթողային ու հանրագիտարանային աշխատություն մեջ այս գյուղ անուն նշել եմ ղարաղույի տարբերակ որպես արդեն թուրքաբնակ որո վերև բլրակ վերա կամ գերեզման և խաչքար որ միույն վերա արևելյան երես գրել եմ շնորհիվ աստուծ եմ տեր Մովսես բեկ և աղա գյուղ միաբան անգնել սուրբ խաչ բարեխոս տեր Սահակ հայր յուրո Միր Հավրայի թոռ Իսրայել հիշել ի Քրիստոս սույն խաչքար արևմտյան երես գրել եմ սուրբ խաչ բարեխոս Սահակ կազմող թու տապանաքար միույն վերա գրել եմ այս եմ հանգիստ Խուդան որդի պարոն Իվան եկեղեցվո միայն մի որմ և երկու սյունք երև վկայել եմ Մեսրոպ Սմբատյանց հարկ եմ նշել որ Մեսրոպ Սմբատյանց այս վայր այցելել եմ թվական երբ դեռ կանգուն եմ մնալ գերեզմանատան մոտ գտնվել եկեղեցի մի պատ ու սյուն իսկ ահա հետագա ժամանակ այլալեզու ու այլադավան ցեղ վերանալ եմ թե Իվան տապանաքար ու բազմաթիվ այլ խաչքար տապանաքար թե եկեղեցի պատ ու սյուն գյուղ անուն և խաչքար արձանագրություն նույնություն հիշատակել եմ ականավոր մյուս հնագետ Երվանդ Լալայան ով թվական այս տարածք բնակավայր եմ այցելել պատմագիտական ուսումնասիրություն կատարել նպատակով Նորաբակ անուն մեծ ղարաղոյունլի տարբերակ նշել եմ նաև անվանի հայագետ վիմագրագետ Սեդրակ Բարխուդարյան ինքը հայ միջնադարյան ճարտարապետ և քարգործ վարպետ աշխատություն մեկը անդրադառնալ Օհանէս կազմող գործունեություն այս վարպետ շինել միակ հայտնի խաչքար գտնվել եմ բասարգեչար շրջան մեծ ղարաղոյինլի գյուղ այն կանգնել եմ գյուղամիջ բլուր գագաթ որտեղ հնալ լինել եմ գերեզմանատուն խաչքար ինքը դարաշրջան լավ նմուշ եմ գեղեցիկ քանդակ զարդարել եմ ոչ միայն արևմտյան այլ նաև արևելյան երես որ կենտրոն պատկերել եմ մեծ խաչ իսկ շուրջը ընդարձակ արձանագրություն եմ փորագրել խաչքար կանգնել եմ ինքը հայր տեր Սահակ և մայր հիշատակ նա չորս զավակ թվական այս խաչքար արձանագրություն առաջին անգամ հրատարակել եմ Սմբատյանց խիստ աղճատվել ձև ուր և Օհանէս փոխարեն կազմել եմ դառնալ խաչքար տեր Սահակ այս նույն աղճատում այն մտնել եմ նաև Երվանդ Լալայան աշխատություն մեջ գրել եմ Բարխուդարյան ապա նա հստակ ուղղություն եմ մտնել արձանագրություն տեքստ որ ասել եմ շնորհիվ աստուծոյ եմ Թամրազս տեր Մովսես ալայպէկ ղարագուզ միապան կանկնել խաչ բարեխոս տեր Սահակ հօրս մերել եւ մար մենք հմա թոռ Նիւրայել յիշել ի Քրիստոս իսկ այս խաչքար ճակատային մաս ամենավերին քիվում ուռուցիկ ու ընդգծվել տառ գրել սուրբ Խաչս բարեխոս տեր Սահակ Օհանէս կազմել այս խաչքար շատ չարչել բայց հայտնություն նման պատմություն ունեմ քանի որ երկար ժամանակ գտնվել եմ գետնատարել ու հողածածել վիճակ անգամ այն ժամանակ երբ հրաշք վերահայանալ Նորաբակ հաստատել եմ Ադրբեջան թվական բռնել տեղահանել հայ ընտանիք այս խաչքար գտնվել եմ նորաբակ մտնել գլխավոր ճանապարհ մուտք դեպի արեւմուտք մի քանի տասնյակ մետր հեռու գտնվել բլուր վրա մինչ խաչքար հասնել պատմաբան խաչքարարվեստ ուսումնասիրություն մեջ խորանալ Սեւակ Արեւշատյան ուշադրություն գրավել քարե ցանկապատ մեջ դնել թամբած ձի քարե քանդակ նա քիչ հեռու էլ ճահճոտ տարածք հոսել առու մեջ նկատվել պատկերազարդ տապանաքար որ հավանաբար այստեղ հայտնվել եմ այլադավան կողմից տարածք քանդել տակնուվրա անել ու այլ նպատակ օգտագործել արդյունք պարզապես ցնցել տպավորություն եմ թողնել Օհանէս կերտել խաչքար խաչքար ճակատային մաս երկու փոքր խաչ արանք Հիսուս պատկեր եմ դա ցած մեծ խաչ պատկեր եմ որ ձախակողմյան հատված արդեն Մարիամ աստվածածին եմ մանուկ Հիսուս գրկել ամենաներքևում մարդկային երեք պատկեր եմ որ հավանաբար այդ ընտանիք անդամ եմ խաչքար արևելյան կողմ թիկունքային մաս արդեն մի խաչ եմ քանդակել որ շուրջ էլ տարածվել եմ վեր հիշատակել արձանագրություն այս խաչքար հող երես բարձրանալ ու կանգնել եմ միայն թվական պատահաբար եմ հող շերտ տակ նկատվել քար վրա խաչ ու գեր մի քանի տարի առաջ դարձյալ պատահական դիպված այս տարածք հող տակ դուրս եմ բերել մի քանի հիասքանչ խաչքար իսկ մի խաչքար էլ ի հայտ գալ դպրոց շենք դիմաց ճանապարհ եզր որ այժմ էլի կանգնել վիճակ եմ ես կարծել եմ որ գյուղ մեջ ու նա վարչական տարածք դեռ շատ ավելի խաչքար ու տապանաքար գտնվել որ երկար տարի ընթացքում ավերել կամ թաղել ու թաքչել եմ մենք ժողովուրդ ու նա պատմամշակութային արժեք թշնամանալ ցեղ նշել Նորաբակ վարչական ղեկավար Վազգեն Ասատուրյան հնավայր տարածք կամ ցանկապատ ծառայել մի տապանաքար որ լուսանկար ուսումնասիրել ժամանակ նկատվել եմ վիմագիր արձանագրություն որ վերծանում համար հարկ լինել վիմագրագետ օգնություն տարածք ուսումնասիրող Վազգեն Ասադուրյան ուղեկցել եմ դեպի շրջակայք ավերակ ցույց տալ մի քանի հրաշաքանդակ խաչքար որ հող տակ դուրս եմ բերել ու ուղղակիորեն հենվել ավերակել պատ խաչքար մեկը բարձրություն կազմ եմ շուրջ մետր խաչքար մեկը կողք ընկնել եմ քարե սյան խարիսխ որ միանգամայն հուշել եմ մոտակայք մի հոգևոր ճարտարապետական կառույց գոյություն մասին դպրոց շենք դիմաց գյուղ մտնել մուտք մոտ ի հայտ գալ խաչքար պատրաստվել եմ դար մենք տեսնել երկու խաչքար կերտվել եմ դար իսկ մյուս խաչքար դար արձանագիր խաչքար էլ կերտվել եմ թվական այս ամենը փաստել եմ որ դար այս հող վրա ապրել ու արարել եմ բացառապես հայ ժողովուրդ հավաստել եմ Սևակ Արևշատյան ապա Վազգեն Ասատուրյան ներկա ուղեկցել եմ բլուր հյուսիսային կողմ ցույց տալ մի այլ զարմանահրաշ քանդակ այն մարդկային դեմք ու գլուխ եմ ընդամենը որ հիշեցնել եմ կռք արձան ու հեթանոսական մշակույթ տարր այս քանդակ էլ լինել եմ շուռ տալ վիճակ այնպես որ երևալ կողմ սովորական քար տպավորություն թողնել մի պատահական դիպված էլ այդ քար եմ շուռ տալ ու տեսնել որ այն գրավիչ քանդակ եմ այս ողջ տարածք կարծել եմ դեռ շատ խորհրդավոր արժեք կամ հող տակ թաղվել որ կարող եմ ի հայտ գալ հնագիտական լուրջ ուսումնասիրություն ու պեղում արդյունք նշել եմ Նորաբակ վարչական ղեկավար Մեսրոպ Սմբատյանց նկարագրել գերեզմանոց ժամանակ ընթացքում այստեղ հաստատել մահմեդական բնակիչ գրեթե հետք եմ թողնել ամբողջ բլուր ու շրջակայք վերածել բնակելի տարածք տուն ու տնամերձ հողամաս մի տուն կիսաքանդ պատ ստոր հատված նկատվել բոլորովին այլ ոճի պատաշար արդեն սրբատաշ քար որ սովորական աչք էլ տարբերել եմ նոր ժամանակ շարվածք դա էլ գուցե կարող եմ լինել հայկական եկեղեցի հետք վկայություն ինչպես որ քիչ հեռու ընկնել քարե սյան խարիսխ եմ ժամանակավորապես ավարառու ազգ գերել վնասել կամ թաղվել հայկական պատմամշակութային արժեք ոչ միայն պետք եմ խնամվել ու պահպանել աչք լույս պես այլ նաև պետք եմ ստանալ պետական գրանցել հանրահռչակվել ու ավելանալ համայն հայություն հոգևոր գանձ ու մասունք անհաշվելի կշիռ,6,1162
https://armenpress.am/hy/article/1251112,2026-05-25 16:20:00,ֆինանսական համակարգ աճ եմ գրանցել ոլորտային բոլոր ուղղություն Մարտին Գալստյան,Հայաստան ֆինանսական համակարգ թվական ընթացքում շարունակել եմ աճել պահպանել շոկ դիմակայել բարձր ունակություն համակարգ աճ եմ գրանցել ոլորտային բոլոր ուղղություն Արմենպրես ը հաղորդում այս մասին լրագրող հետ հանդիպում ասել կենտրոնական բանկ նախագահ Մարտին Գալստյան ներկայանալ ֆինանսական կայունություն թվական հաշվետվություն նա խոսք բանկային համակարգ ակտիվ շարունակել եմ կազմել ֆինանսական համակարգ ակտիվ գերակշիռ մաս շուրջ տոկոս ակտիվ մեծություն երկրորդ տեղ կենսաթոշակային ֆոնդ եմ տոկոս մասնաբաժին որ ակտիվ աճել եմ ավելի արագ քան մյուս բոլոր սեգմենտներին թվական բանկային համակարգ կողմից տնտեսություն տրել վարկային պորտֆել գրանցել եմ շուրջ տոկոս աճ բանկային համակարգ ավանդային պորտֆել աճ կազմել եմ տոկոս ասել նա Գալստյան խոսք վերջին երեք տարի ընթացքում վարկ աճ գրեթե կրկնակի գերազանցել եմ ավանդ տարեկան աճ ինչ նշանակել եմ որ տնտեսություն վարկային բարձր պահանջարկ ֆինանսավորվել եմ նաև բանկային համակարգ կապիտալ հաշվին բարձր աճ տեմպ եմ արձանագրել թե տնային տնտեսություն թե բիզնես տրամադրել վարկ մաս վարկավորում բարձր աճ հիմնականում պայմանավորվել եմ տնտեսություն եկամուտ բարձր աճ տեմպ հիփոթեքային վարկավորում պարագա էլ գրանցել եմ աճ տեմպ բնականոն դանդաղ մինչդեռ նոր տրամադրում ծավալ շարունակել եմ մնալ բարձր նշել նա ԿԲ նախագահ վարկավորում գործընթաց կարևոր եմ համարել վարկառու պարտքային բեռ և դա սպասարկում կարողություն պատշաճ գնահատում որ ներառել ոչ միայն ընթացիկ մակրոմիջավայր այլ նաև ենթադրյալ վատատեսական սցենար բխել ռիսկ գնահատական տնտեսություն եկամուտ աճ ինչպես նաև վարկավորում բարձր ակտիվություն պայման աշխատել վարկ և վարկային կորուստ կշիռ շարունակել եմ պահպանվել ցածր մակարդակ հավելել Գալստյան անդրադառնալ անշարժ գույք շուկա նա նշել որ թվական անշարժ գույք շուկայ արձանագրել եմ պահանջարկ հարաբերական կայունացում ինչպես նաև գին աճ դանդաղում միտում բնակելի անշարժ գույք գին վարձավճար հարաբերակցություն հանրապետություն աճել եմ ինչ կարող եմ անշարժ գույք ներդրումային գրավչություն նվազում պատճառ դառնալ վերջին տարի մենք ունեմ գին որոշակի թեթև աճ բայց վարձավճար նվազ հավելել ԿԲ նախագահ Մարտին Գալստյան ասել որ վերջին տարի շինարարություն ոլորտ վարկավորում բարձր աճ և շահագործում հանձնել բնակելի շենք մակերես շարունակական աճ անշարժ գույք պահանջարկ աստիճանական հագեցվածություն պայման կարող եմ ստեղծել ավելցուկային առաջարկ ձևավորում և շինարարական վարկ գիծ վարկային կորուստ ավելացում ռիսկ տարի արդյունք բանկային համակարգ գրանցել եմ բարձր շահութաբերություն ինչ առավելապես նպաստել եմ զուտ տոկոսային եկամուտ աճ ինչ բանկային միջնորդություն ընդլայնում պայման մեծամասամբ ծավալային գործոն ազդեցություն արդյունք եմ բանկային համակարգ կապիտալի համարժեքություն ցուցանիշ պահպանվել եմ բարձր մակարդակ ասել Գալստյան ընդգծել որ թվական ֆինասնական կայունություն ռիսկ ցանկ շարունակել եմ գերակա մնալ համաշխարհային քաղաքական և տնտեսական բարձր անորոշություն բխել ռիսկ թվական մերձավոր արևելք ընթացքել հակամարտություն առաջարկ զգալի բացասական շոկ պատճառ եմ հանդիսանալ համաշխարհային տնտեսություն համար հանգել էներգակիր գին կտրուկ աճ ֆինանսական շուկա տատանողականություն մեծացում գնահատական կամ որ եթե նույնիսկ այդ հակամարտություն ավարտել մենք դեռևս մի քանի ամիս ապրել եմ մի աշխարհ որտեղ զգալ եմ այդ հակամարտություն արդյունք ներքին զարգացում ածանցել ռիսկ շարք էլ շարունակել եմ գերակա մնալ տնտեսություն վարկավորում բարձր աճ տեմպ պայմանավորվել վարկային ռիսկ հնարավոր կուտակում հավելել ԿԲ նախագահ,10,443
https://armenpress.am/hy/article/1251097,2026-05-25 14:03:00,ամերիաբանկ և ԱԶԲ կնքել եմ միլիոն ԱՄՆ դոլար վարկային պայմանագիր Հայաստան ՄՓՄՁ ֆինանսավորում ու կանաչ ներդրում ընդլայնել նպատակով,ամերիաբանկ և ասիական զարգացում բանկ ԱԶԲ կնքել եմ մինչև միլիոն ԱՄՆ դոլար վարկային պայմանագիր Հայաստան միկրո փոքր և միջին ձեռնարկություն ՄՓՄՁ այդ թիվ կին կողմից ղեկավարվել բիզնես ֆինանսավորում հասանելիություն ընդլայնել և կանաչ ներդրում ծավալ ավելանալ նպատակով Ֆինանսավորում աջակցել ամբողջ երկիր օգնել կատարել աճ միտել ներդրում բարելավել մրցունակություն և որդեգրել ավելի կայուն գործելակերպ տվյալ նախագիծ ԱԶԲ կողմից Հայաստան մասնավոր հատված մինչև օրս կնքել խոշոր գործարք եմ այս նախագիծ կընդլայն ֆինանսավորում հասանելիություն հատկապես կին կողմից ղեկավարվել ձեռնարկություն համար միաժամանակ խթանել կանաչ ներդրում Հայաստան երկարաժամկետ ֆինանսավորում տրամադրել մենք օգնել եմ բիզնես աճել աշխատատեղ ստեղծել և նպաստել ավելի ներառական և կլիմայական փոփոխություն դիմակայուն տնտեսություն ձևավորում ասել եմ ԱԶԲ հայաստանյան մշտական առաքելություն տնօրեն Լյազիզա Սաբիրովա նախագիծ ներառել եմ մինչև միլիոն ԱՄՆ դոլար վարկ որ մինչև ը նախատեսել եմ միկրո փոքր և միջին ձեռնարկություն վարկավորում համար իսկ առնվազն ը կանաչ ֆինանսավորում այդ թիվ վերականգնել էներգետիկա և էներգաարդյություն համար Ֆինանսավորում առնվազն ը ուղղել կին կողմից ղեկավարվել ֆինանսավորում ամերիաբանկ ֆինանսական գիծ տնօրեն Հովհաննես Թորոյան նշել եմ մենք ուրախ եմ ամրապնդել մենք գործընկերություն ԱԶԲ հետ աջակցել Հայաստան միկրո փոքր և միջին ձեռնարկություն մատչելի ֆինանսավորում ավելի հասանելի դառնալ միջոցով որպես Հայաստան խոշոր վարկատու որ առանձնահատուկ ուշադրություն եմ դառնալ կանաչ և կայուն ֆինանսավորում մենք շարունակել եմ հավատարիմ մնալ ներառական աճ խթանում և երկիր երկարաժամկետ տնտեսական զարգացում աջակցել առանցքային դեր եմ խաղալ Հայաստան տնտեսություն համար ապահովել զբաղվածություն գրեթե ը և համախառն ներքին արդյունք ավելի քան ը սակայն ֆինանսավորում կարիք շարունակել եմ բարձր մնալ ԱԶԲ նաև տրամադրել մինչև հազար ԱՄՆ դոլար տեխնիկական աջակցություն ամերիաբանկ կարողություն հզորացնել համար ներառյալ ֆինանսական բարեվարքություն համակարգ և կայուն զարգացում կոմպետենցիա կենտրոն ստեղծում նախագիծ աջակցել եմ Հայաստան ջանք խթանել մասնավոր հատված զարգացում ընդլայնել ֆինանսավորում հասանելիություն և նպաստել կլիմայական ազդեցություն դիմակայուն աճ Ամերիաբանկ ՓԲԸ ամերիաբանկ ֆինանսական և տեխնոլոգիական առաջատար հաստատություն եմ ՀՀ տնտեսական ոլորտ նշանակալի դերակատար մեկը թվային փոխակերպում ռազմավարություն ներքո բանկ շարունակաբար ներդնել և կատարելագործել եմ նորարարական պրոդուկտ ծառայություն և հարթակ որ միտել եմ բավարարել մարդ ֆինանսական և ոչ ֆինանսական կարիք ամերիաբանկ որպես դինամիկ զարգանալ ֆինթեք միջավայր առաջարկել եմ կյանք որակ բարելավող ամբողջական լուծում բանկ վերահսկվել եմ ՀՀ կենտրոնական բանկ կողմից ԱԶԲ առաջատար բազմակել զարգացում բանկ եմ որ աջակցել եմ ներառական ճկուն և կայուն աճ Ասիա և խաղաղօվկիանոսյան տարածաշրջան ինքը անդամ և գործընկեր հետ համատեղ բարդ մարտահրավեր լուծել համար ԱԶԲ օգտագործել եմ նորարարական ֆինանսական գործիք և ռազմավարական գործընկերություն կյանք վերափոխել որակյալ ենթակառուցվածք կառուցել և մենք մոլորակ պաշտպանել համար հիմնադրել լինել թվական ԱԶԲ պատկանել եմ անդամ որ տարածաշրջան եմ,18,389
https://armenpress.am/hy/article/1251065,2026-05-25 10:50:00,քաղաքացիական պայմանագիր ը քարոզարշավ շարունակել եմ Գյումրիում,քաղաքացիական պայմանագիր կուսակցություն նախընտրական քարոզարշավ շարունակել եմ Շիրակ մարզ Արմենպրես ը հաղորդում արձակուրդում գտնվել ՀՀ վարչապետ քաղաքացիական պայմանագիր կուսակցություն վարչություն նախագահ Նիկոլ Փաշինյան գլխավորություն կուսակցություն ներկայացուցիչ շրջել եմ Գյումրի փողոց բաժանել քարոզչական թռուցիկ զրուցել քաղաքացի հետ և լսել նա հուզել խնդիր ավելի վաղ Նիկոլ Փաշինյան տեսաուղերձ Շիրակ մարզ բնակիչ հրավիրել եմ մասնակցել քաղաքացիական պայմանագիր կուսակցություն Գյումրի Վարդանանց հրապարակ նախատեսել եզրափակիչ հավաք հավաք տեղ ունենալ ժամ մայիս մեկնարկել եմ Հայաստան հունիս կայանալ խորհրդարանական ընտրություն նախընտրական քարոզարշավ որ շարունակվել մինչև հունիս ընտրություն մասնակցել համար գրանցել եմ քաղաքական ուժ դաշինք և կուսակցություն քաղաքացիական պայմանագիր կուսակցություն ընտրություն մասնակցել եմ համար ներքո տեր կանգնիր խաղաղություն կարգախոս քաղաքացիական պայմանագիր կուսակցություն ԿԸՀ եմ ներկայանալ թեկնածու կազմվել ընտրական ցուցակ ինչպես նաև ազգային փոքրամասնություն թեկնածու բաղկանալ ցուցակ կուսակցություն վարչապետ թեկնածուն Նիկոլ Փաշինյան եմ,7,124
https://armenpress.am/hy/article/1251076,2026-05-25 12:06:00,Հայկ Մարության քարոզարշավ եմ անցկացնել վաղարշապատ,նոր ուժ կուսակցություն Հայաստան կայանալ խորհրդարանական ընտրություն քարոզարշավ շրջանակ լինել եմ Արմավիր մարզ վաղարշապատ քաղաք Արմենպրես ը փոխանցում քարոզարշավ շրջանակ կուսակցություն նախընտրական ցուցակ առաջին համար Հայկ Մարության շփվել եմ քաղաքացի հետ ներկայանալ կուսակցություն նախընտրական ծրագիր քարոզչական թռուցիկ բաժանել քաղաքացի բոլորը հորդորել գնալ ընտրություն և քվեարկել նոր ուժ կուսակցություն օգտին որ քվեաթերթիկ եմ որոշ քաղաքացի ինքը հերթ հաջողություն եմ մաղթել Հայկ Մարության առաջիկա ընտրություն Հայաստան հունիս տեղ ունենալ խորհրդարանական հերթական ընտրություն նախընտրական քարոզարշավ մեկնարկել եմ մայիս և շարունակվել մինչև հունիս նոր ուժ կուսակցություն վարչապետ թեկնածուն Երևան նախկին քաղաքապետ Հայկ Մարության եմ կուսակցություն հայտարարել եմ որ ինքը նախընտրական ծրագիր հիմք յոթ հիմնական ուղղություն եմ դա թիվ եմ եվրոպական ինտեգրացիա որպես արտաքին քաղաքականություն և զարգացում առաջնահերթություն օնլայն խաղատ և շահում խաղ արգելում բազմազավակ ընտանիք համար արտոնություն տրամադրում անվճար բարձր կրթություն ապահովում հարկային բեռ թեթևացում կոռուպցիոն հանցանք համար վաղեմություն ժամկետ վերացում և ազգային արժեք վերադարձ նոր ուժ կուսակցություն հունիս կայանալ խորհրդարանական ընտրություն համար ԿԸՀ եմ ներկայանալ թեկնածու բաղկանալ ընտրական ցուցակ,6,156
https://armenpress.am/hy/article/1251125,2026-05-25 17:26:00,մեկնարկել եմ ուստարում առաջին դասարան հաճախել երեխա էլեկտրոնային հայտագրում,մեկնարկել եմ ուսումնական տարում առաջին դասարան հաճախել երեխա էլեկտրոնային հայտագրում երեք փուլ Արմենպրես ը փոխանցում այս մասին հաղորդագրություն եմ տարածել Հայաստան կրթություն գիտություն մշակույթ և սպորտ նախարարություն փուլ առաջին հունիս ժամ մինչև հունիս ժամ ներառյալ հայտագրում բաց լինել արտոնություն ունենալ երեխան համար արտոնություն տեսանելի լինել համակարգ արտոնություն կարող եմ օգտվել տվյալ դպրոց սովորող քույր եղբայր ունենալ երեխա տվյալ դպրոց աշխատակից երեխա Հայաստան հանրապետություն օրենսդրություն սահմանել տվյալ դպրոց մինչև տուն սպասարկում հետիոտնային հասանելիություն շառավղ բնակվել և ներքոնշյալ խումբ երեխա ընտանիք անապահովություն գնահատում համակարգ ընդգրկել ընտանիք երեխա կամ պետական նպաստ մասին օրենք և ՀՀ կառավարություն որոշում հաստատել կարգ ընտանիք մեկ հաշվարկային անդամ անապահովություն նպաստ ստանալ իրավունք տալ սահմանային շեմ տոկոս արժեք ցածր ամսական եկամուտ ունենալ և ընտանիք անապահովություն գնահատում կարգ սոցիալապես անապահով ճանաչված ընտանիք երեխա խնամակալություն տակ գտնվել երեխա հաշմանդամություն ունենալ կամ հաշմանդամություն ունենալ ծնող երեխա արտոնություն կարող եմ օգտվել նաև տվյալ ոլորտային օրենսդրություն համապատասխան ՀՀ տարածք ներքին գործուղում հետևանքով առնվազն ամիս ժամկետ այլ բնակավայր տեղափոխվել պետական համակարգ աշխատող երեխա եթե ծնող նա օրինական ներկայացուցիչ մինչև առաջին դասարան հայտագրում մեկնարկ օր հունիս ԿԳՄ էլեկտրոնային հասցե ուղարկել եմ դիմում և համապատասխան տեղեկանք ըստ սահմանել կարգ դիմում և տեղեկանք ստանալ հետո նախարարություն ստուգել ներկայանալ տեղեկանք հավաստիություն առաջնահերթություն օգտվել վերաբերյալ դիմում բավարարել դեպք համապատասխան որոշում ուղարկել եմ ԿՏԱԿ բավարարել դեպք պատասխան գրավոր տրամադրել դիմումատու ԿՏԱԿ վեր նշել ժամկետ հունիս ներառյալ իրականանալ եմ սովորող հայտագրում հիմք ընդունել ԿԳՄ որոշում նշել արտոնություն վերաբերել եմ ինչպես հայերեն այնպես էլ ռուսերեն ուսուցում դասարան հաճախել երեխա փուլ երկրորդ հունիս ժամ առաջին դասարանցի հայտագրում գործընթաց իրականանալ ընդհանուր հիմունք հայերենով ուսուցում դասարան ընդունելություն համար այդ թիվ օտարերկրյա քաղաքացի երկքաղաքացի քաղաքացիություն ունենալ անձ նա օրինական ներկայացուցիչ համար հայատագիր իրականանալ նաև այն երեխա համար որ ծնող մեկը պատկանել եմ նշել խումբ որևէ մեկը իսկ մյուս ՀՀ քաղաքացի եմ համակարգ բաց եմ նաև ազգային փոքրամասնություն պատկանել երեխա համար որ ծնող ցանկանալ եմ երեխա հայտագրել հայերենով ուսուցում դասարան փուլ երրորդ հունիս ժամ հայտագիր իրականանալ ռուսերեն ուսուցում դասարան ընդունելություն համար որ նախատեսել եմ օտարերկրյա քաղաքացի երկքաղաքացի քաղաքացիություն ունենալ անձ նա օրինական ներկայացուցիչ երեխա համար այս կարգավորում գործել եմ նաև այն երեխա համար որ ծնող մեկը ՀՀ քաղաքացի եմ մյուս ոչ ինչպես նաև ծնող մեկը ազգային փոքրամասնություն ներկայացուցիչ եմ և երեխա պետք եմ հաճախել ռուսերեն ուսուցում դասարան ծնող ընտրություն Երկյակ եռյակ քառյակ և ավելի երեխա առնվազն մեկը հայտագրում որևէ հանրակրթական ուսումնական հաստատություն ապահովել եմ մյուս երեխա ընդունելություն նույն հաստատություն անկախ լիցենզիա տրել տեղ քանակ հայտագրում շարունակվել ողջ ուսումնական տարի ընթացքում հայտագրում իրականանալ եմ առցնել երկու քայլ քայլ մուտք գործել և բացել օգտատիրոջ էջ մանրամաս քայլ ներկայանալ եմ գրանց տեսաուղեցույց քայլ եթե արդեն անցնել եմ նույնականացում և ունեմ էջ ապա սպասել հայտագրում մեկնարկ որպեսզի ընտրել դպրոց հայտագրում քայլ ներկայանալ եմ առաջին դասարան հայտագիր տեսաուղեցույց հայտագրել դպրոց տնօրեն դիմում ներկայանալ ինչպես նաև դպրոց հետ պայմանագիր կնքել ողջ գործընթաց թվայնանալ եմ և հնարավոր եմ իրականանալ կրթություն կառավարում տեղեկատվական համակարգ ծնող կողմից ստեղծվել էջ հաշիվ առնել որ գրանցում ժամանակատար եմ խորհուրդ եմ տալ մինչև հայտագրում մեկնարկ գրանցել և համակարգ անցնել նույնականացում որ հետո հնարավոր լինել երեխա հայտագրել նախընտրելի դպրոց,9,487
https://armenpress.am/hy/article/1251098,2026-05-25 14:02:00,Վաղաշեն սուբվենցիոն ծրագիր եմ իրականանալ,գեղարքունիք մարզ Մարտուն համայնք Վաղաշեն գյուղ ՀՀ կառավարություն կողմից սուբվենցիոն ծրագիր շրջանակ կառուցել եմ ոռոգում ջրատար ներքին ցանց հիմնանորոգվել և փողոց ինչպես Արմենպրես ը տեղեկանալ Մարտունի համայնքապետարան աշխատակազմ Վաղաշեն ոռոգում ջրատար ներքին ցանց կառուցում ծրագիր պայմանագրային արժեք կազմ եմ միլիոն հազար դրամ որ տոկոս հատկացնել եմ ՀՀ կառավարություն տոկոս Մարտունի համայնքապետարան ծրագիր նախատեսել եմ ոռոգում ջրատար ներքին ցանց անցկացում Վաղաշեն և փողոց մետր երկարություն երկաթբետոնե կիսախողովակ շինարարական աշխատանք մեկնարկել եմ մարտ և արդեն իրականանալ եմ շուրջ տոկոս ծրագիր իրականացում արդյունք այս տարի ոռոգում շրջան մեկնարկ Վաղաշեն տնտեսություն մոտ տոկոս ոռոգում ջուր մատակարարել ժամանակին ու անկորուստ Վաղաշեն և փողոց հիմնանորոգում ծրագիր պայմանագրային արժեք կազմ եմ միլիոն հազար դրամ որ տոկոս հատկացնել եմ ՀՀ կառավարություն տոկոս Մարտունի համայնքապետարան ծրագիր նախատեսել եմ և փողոց ասֆալտապատ գծամետր երկարություն քմ մակերես ոռոգում ու ջրահեռացում առուն տեղադուր ապրիլ մեկնարկել շինարարական աշխատանք իրականանալ եմ շուրջ տոկոս ծրագիր իրականացում արդյունք Վաղաշեն նորաստեղծ երկու թաղամաս բնակիչ առաջին անգամ օգտվել ասֆալտապատ ու բարեկարգ ճանապարհ,5,154
https://armenpress.am/hy/article/1251104,2026-05-25 15:01:00,ծակքար արտաքին լուսավորություն ցանց եմ կառուցել,գեղարքունիք մարզ Մարտուն համայնք ծակքար գյուղ ՀՀ կառավարություն կողմից սուբվենցիոն ծրագիր շրջանակ արտաքին լուսավորություն ցանց եմ կառուցել մի շարք փողոց ինչպես Արմենպրես ը տեղեկանալ Մարտունի համայնքապետարան աշխատակազմ ծակքար փողոց արտաքին լուսավորություն ցանց կառուցում ծրագիր պայմանագրային արժեք կազմ եմ միլիոն հազար դրամ որ տոկոս հատկացնել եմ ՀՀ կառավարություն տոկոս Մարտունի համայնքապետարան ծրագիր նախատեսել եմ արտաքին լուսավորություն ցանց կառուցում ծակքար փողոց փողոց փակուղում փողոց փակուղում փողոց փակուղում գծամետր երկարություն ԼԵԴ համակարգ աշխատել լուսատու տեղադրում մայիս սկսել շինաշխատանք իրականանալ եմ շուրջ տոկոս ծրագիր իրականացում արդյունք վերոնշյալ փողոց բնակիչ առաջին անգամ արտաքին լուսավորություն ցանց օգտվել հնարավորություն ունենալ,6,93
https://armenpress.am/hy/article/1251120,2026-05-25 17:05:00,դատախազություն գործել թեժ գիծ ՀՀ ԱԺ ընտրություն ընթացքում ընտրական գործընթաց խոչընդոտել հանցանք մասին տեղեկացնել նպատակով,Հայաստան հանրապետություն ազգային ժողով թվական հունիս կայանալ հերթական ընտրություն նախընտրական քարոզչություն ժամանակահատված ընտրություն և դա նախորդել օր ընթացքում ընտրական գործընթաց խոչընդոտել առերևույթ հանցանք վերաբերյալ տեղեկություն ստացում հանրություն հետ անմիջական հաղորդակցություն ապահովել և ընտրական գործընթաց ներգրավել սուբյեկտ կողմից բարձրանալ հրատապ հարց արձագանքել նպատակով Հայաստան հանրապետություն գլխավոր դատախազություն գործարկվել եմ թեժ գիծ հեռախոսահամար թեժ գիծ գործել մինչև թվական հունիս ներառյալ աշխատանքային օր ժամ իսկ քվեարկություն օր շուրջօրյա Արմենպրես ը փոխանցում հայտնել եմ դատախազություն հորդորել Հայաստան հանրապետություն քաղաքացի ինչպես նաև ընտրական գործընթաց ներգրավել բոլոր անձ և կազմակերպություն ընտրական գործընթաց խոչընդոտել առերևույթ հանցագործություն վերաբերյալ որոշակի և փաստական տվյալ ունենալ դեպք դա փոխանցել ՀՀ գլխավոր դատախազություն գործարկել թեժ գիծ միջոցով կամ հաղորդում ուղարկել ՀՀ դատախազություն պաշտոնական էլեկտրոնային փոստ հասցե կամ անանուն հաղորդել ներկայանալել միջոցով միաժամանակ տեղեկանալ եմ որ ՀՀ գլխավոր դատախազ Աննա Վարդապետյան հրաման գլխավոր դատախազություն ստեղծվել եմ աշխատանքային խումբ թվական հունիս նշանակել ՀՀ ազգային ժողով ընտրություն նախընտրական քարոզչություն ժամանակահատված ընտրություն և դա նախորդել օր ընթացքում ընտրական գործընթաց խոչընդոտել առերևույթ հանցանք վերաբերյալ հաղորդում գրանցել ուսումնասիրել ստուգել ըստ ենթակայություն ուղարկել դա քննարկում նկատմամբ դատախազական հսկողություն արդյունավետություն բարձրանալ և այդ ոլորտ Հայաստան հանրապետություն դատախազություն գործունեություն համակարգել նպատակով եզրափակել եմ դատախազություն տարածել հաղորդագրություն,15,185
https://armenpress.am/hy/article/1251050,2026-05-24 21:33:00,ազգային ժողովրդավարական բևեռ ը քարոզարշավ եմ իրականանալ Արարատ մարզ,ազգային ժողով ընտրություն մասնակցել ազգային ժողովրդավարական բևեռ ը քարոզարշավ հերթական օր անցկացնել եմ Արարատ մարզ Արմենպրես ը փոխանցում բևեռ ներկայացուցիչ քարոզարշավ սկսել եմ Մասիս քաղաք քաղաքական ուժ անդամ շրջել եմ քաղաք իրականանալ իրազեկում ակցիա զրուցել քաղաքացի հետ և պատասխանել նա հուզել հարց ազգային ժողովրդավարական բևեռ ը ներկայացուցիչ հայտնել եմ որ եթե հայ ժողովուրդ ուզել եմ խորհրդարան ունենալ ինքը ազգային ձայն ապա պետք եմ ընտրել ինքը քաղաքական ուժ քանի որ ինքը ունեմ հստակ ճանապարհային քարտ մշակվել ծրագիր որ տալ այսօր խնդիր լուծում բանալի քաղաքական ուժ քարոզարշավ շարունակել եմ արտաշատ մայիս մեկնարկել եմ Հայաստան հունիս կայանալ խորհրդարանական ընտրություն նախընտրական քարոզարշավ որ շարունակվել մինչև հունիս ընտրություն մասնակցել համար գրանցել եմ քաղաքական ուժ դաշինք և կուսակցություն ազգային ժողովրդավարական բևեռ կուսակցություն վարչապետ թեկնածուն Վարուժան Ավետիսյան եմ որ ներկա անազատություն մեջ եմ թվական ոստիկանություն ՊՊԾ գունդ գրավում գործ Վարուժան Ավետիսյան թվական դատապարտել եմ տարի ամիս ժամկետ ազատազրկում թեև նա անուն ներառել եմ ընտրական ցուցակ քաղաքական ուժ հայտարարել եմ որ հենց նա եմ մնալ ինքը վարչապետ թեկնածուն ազգային ժողովրդավարական բևեռ համահայկական կուսակցություն թվական խորհրդարանական ընտրություն մասնակցել եմ համար ներքո և ԿԸՀ եմ ներկայանալ թեկնածու բաղկանալ ընտրական ցուցակ կուսակցություն կարգախոս եմ հավատ հայրենիք ինքնիշխանություն,9,186
https://armenpress.am/hy/article/1251085,2026-05-25 12:59:00,Արման Թաթոյան վստահ եմ որ ինքը այս ընտրություն հաղթահարել եմ անցողիկ շեմ,միասնություն թև կուսակցություն նախընտրական ցուցակ առաջին համար Արման Թաթոյան վստահ եմ որ ինքը ընտրություն հաղթահարել եմ անցողիկ շեմ Արմենպրես ը հաղորդում այս մասին մայիս Երևան Վարդան Մամիկոնյան արձան մոտ մեկնարկել քարոզարշավ ընթացքում լրագրող հետ ճեպազրույց նշել եմ Արման Թաթոյան ավելանալ որ ինքը շփում քաղաքացի հետ այդ ամենը մասին եմ խոսել և ինքը մնալ եմ ընտրություն օր շահել քաղաքացի վստահություն այս ընտրություն մենք պետություն ճակատագիր մասին եմ և քվեախցիկում ամբողջ իշխանություն այդ պահ քաղաքացի ձեռք եմ մենք պետք եմ ընտրել հանուն հույս ու հավատ մենք երկիր ապագա և մենք ինքը որոշել մենք ճակատագիր առանց վախ ասել եմ նա անդրադառնալ Ռուսաստան կողմից հայկական արտադրություն որոշ ապրանք նկատմամբ սահմանափակում կիրառման Թաթոյան ասել որ Հայաստան պետք եմ կախվել լինել միայն մեկ երկիր Ռուսաստան հետ հարաբերություն բարդ հարաբերություն եմ սակայն մենք իրավունք ունեմ խզել այդ հարաբերություն քանի որ հայ և ռուս ժողովուրդ միջև դարավոր բարեկամություն մշակութային կապ կամ մենք պետք եմ աշխատել հանուն մենք երկիր շահ սա եմ լինել մենք քաղաքականություն ասել եմ Թաթոյան նա նշել եմ որ բոլոր թեկնածու մեջ որևէ մեկը ունեմ այն աշխատանքային փորձ որ ինքը ունեմ քանի որ աշխատել եմ և պետական մարմին և հասարակական ու միջազգային կառույց ես պատկերանալ եմ ինչպես եմ պետություն ձախողվել և ինչպես պետք եմ դա կանգնել ես մատ ինչ դնել եմ հաջողել եմ ես ոչ մի այլ բան եմ հետաքրքրել քան ես քաղաքացի ապահովություն վստահություն երիտասարդ համար ապահով ապագա ունենալ վստահեցնել եմ Թաթոյան նա նշել եմ որ ինքը ունեմ նաև հստակ քայլ ընտրական փուլ հետո հնարավոր բոլոր սցենար համար ես լինել եմ Հայաստան մարդ իրավունք պաշտպան պաշտպանել եմ մենք քաղաքացի շահ և հիմա հանձնառու եմ լինել Հայաստան իրավունք պաշտպան Հայաստան կամ հարց որ մենք կարողանալ լուծել հավելել եմ Արման Թաթոյան իցմեկնարկելէունի ը ը հայաստանումկայանալի քխորհրդարանականընտրություններինախընտրականքարոզարշավը ը ընտրություն արմանթաթոյանիգլխավորած միասնությանթևեր րդ կուսակցություն նմասնակցում արդարություն գալիսէ կարգախոս,12,289
https://armenpress.am/hy/article/1251068,2026-05-25 11:14:00,Հայաստան զբոսաշրջային սեզոն երկարաձգել եմ Մեխակ Ապրեսյան,տուրիզմ հայկական ֆեդերացիա նախագահ Մեխակ Ապրեսյան Հայաստան զբոսաշրջային սեզոն մեկնարկ խոստումնալից եմ համարել Արմենպրես ը հետ զրույց Ապրեսյան ուրախություն փաստել որ եթե շատ տարի առաջ զբոսաշրջային սեզոն Հայաստան մեկնարկել եմ ապրիլ սուրբ հարություն տոն միջոցառում ավարտել եմ հոկտեմբեր ամիս հիմա սեզոն բավականին երկարաձգել եմ զբոսաշրջային սեզոն արդեն մարտ սկսել եմ ակտիվանալ մինչև նոյեմբեր կես այսինքն զբոսաշրջային սեզոն երկարացնել մենք քաղաքականություն արդյունք տալ եմ ասել նա Մեխակ Ապրեսյան խոսք տարեցտար ավելանալ եմ նաև ամանոր Հայաստան անցկացնել զբոսաշրջիկ թիվ հունվար կես արդեն մինչև մարտ զբոսաշրջային հոսք պասիվանալ եմ և մենք խնդիր այդ սեզոն լցնել եմ որ ուղղություն զգալի աշխատանք ևս տարվել եմ ասել նա տուրիզմ հայկական ֆեդերացիա նախագահ նշել որ նախորդ տարի առաջին եռամսյակ Հայաստան եմ այցելել հազար զբոսաշրջիկ իսկ այս տարի նույն ժամանակահատված այս տարի առաջին եռամսյակ Հայաստան այցելել զբոսաշրջիկ թիվ ինչ հազար գերազանցել եմ նախորդ տարի նույն ժամանակահատված ցուցանիշ մոտ հազար ներգնա զբոսաշրջային այց եմ ունենալ այս տարի առաջին տեղ Ռուսաստան եմ մոտ տոկոս հետո Վրաստան եմ հետո Եվրոպան միասին վերցնել ապա Իրան ու միացյալ նահանգ ասել նա հավելել որ վերջին տարի ծոց երկիր ևս ակտիվություն նկատվել եմ քան որ հենց այդ երկիր քաղաքացի եմ հիմնականում նախընտրել ձումեմ անցկացնել Հայաստան մերձավոր արևելք տիրել իրավիճակ ըստ Ապրեսյան ևս ինքը բացասական հետևանք եմ ունենալ Նովրուզ տոնակատարություն այս տարի մենք այցելություն եմ ունենալ ասել նա խոսել արտագնա տուրիզմ Մեխակ Ապրեսյան ասել որ մենք քաղաքացի համար նախընտրելի ուղղություն շարունակել եմ մնալ ծով ունենալ երկիր քիչ եմ նաև եվրոպական երկիր նախընտրող ոլորտ խնդիր անդրադառնալ Մեխակ Ապրեսյան նշել որ Հայաստան գլխավոր խնդիր մեկը այն եմ որ ունեմ ելք դեպի ծով վերջին տարի սակայն ուղիղ չվերթ ինչ որ չափ լուծել եմ այդ հասանելիություն խնդիր ասել նա որպես խնդիր նշել նաև եվրոպական երկիր դեսպանատ և վիզա կենտրոն առկա խնդիր ՀՀ քաղաքացի վիզա տրամադրել հետ կապվել զբոսաշրջություն ինքը էություն մի այնպիսի ֆենոմեն եմ որ սնել եմ տնտեսություն մնալ ճյուղ ու սնվել դա հետևաբար մենք պետք եմ ճիշտ և ըստ արժանվույն գնահատել զբոսաշրջություն դեր ու նշանակություն ինչպես նաև պատշաճ ներկայանալ մենք պատմամշակութային ժառանգություն հավելել Մեխակ Ապրեսյան,7,326
https://armenpress.am/hy/article/1251111,2026-05-25 16:06:00,ազատություն զրկվել անձ նախաձեռնություն Արմավիր ՔԿՀ տեղ ունենալ կոնֆերան ոլորտային բարեփոխում վերաբերյալ,Հայաստան արդարադատություն նախարարություն Արմավիր քրեակատարողական հիմնարկ անց եմ կացվել թավշյա հեղափոխություն ազդեցություն բանտային համակարգ և դատապարտյալ վրա թեմայ գիտագործնական կոնֆերան Արմենպրես ը հաղորդում Արմավիր քրեակատարողական հիմնարկ մշակութային ինքնագործ միավորում նախաձեռնություն կազմակերպել կոնֆերանս մասնակցել նաև Նուբարաշեն ու Վարդաշեն պահվել և պատիժ կրել ազատազրկել անձինք ՀՀ արդարադատություն նախարարություն քրեակատարողական ծառայություն պետ Ծովինար Թադևոսյան կարևորել միջոցառում ազատություն զրկվել անձ պահում պայման ու իրավունք իրացում ավելի արդյունավետ կազմակերպել աշխատանք վերաբերյալ անմիջական արձագանք լսել տեսանկյուն շատ կարևոր իրադարձություն եմ այն առում որ մենք հենց ներկա պայման փորձել հասկանալ թե ինչ ազդեցություն եմ ունենալ մենք գործունեություն այս անձ կյանք կենսագործունեություն և ամենակարևոր պետություն հանդեպ վերաբերմունք ձևավորում մեջ քանի որ մենք գործողություն ամբողջություն կառուցել եմ այն տրամաբանություն որպեսզի ազատություն զրկվել անձինք սիրել պետություն և լինել ավելի պետականամետ նշել Թադևոսյան Արմավիր ՔԿՀ դատապարտյալ կոնֆերանս նախաձեռնություն հեղինակ Մուշեղ Մխիթարյան ինքը խոսք նշել որ միջոցառում նպատակ թվական հեղափոխություն հաջորդել ժամանակահատված քրեակատարողական համակարգ փոփոխություն դա սոցիալական նշանակություն և դատապարտյալ վերասոցիալակաց գործընթաց ուսումնասիրություն համար քննարկում հարթակ ստեղծում եմ հեղափոխություն շրջան իրականանալ բարեփոխում նոր շեշտադրում առաջ բերել մարդ իրավունք պաշտպանություն մարդկային արժանապատվություն ապահովում և դատապարտյալ վերասոցիալակաց քաղաքականություն ոլորտ քրեակատարողական հիմնարկ աստիճանաբար ձևավորվել մարդակենտրոն մոտեցում որ հիմք դնել ոչ միայն պատժ իրականացում այլև դատապարտյալ որպես ապագա քաղաքացի վերաինտեգրում գաղափար ինքը տարի գտնվել անազատություն մեջ այս ընթացքում հնարավորություն եմ ունենալ անմիջականորեն հետևել ինչպես համակարգային փոփոխություն այնպես էլ դա ազդեցություն դատապարտյալ կյանք կրթական հնարավորություն և վերասոցիալակաց գործընթաց վրա ներկայանալ Մխիթարյան այնուհետև գիտագործնական կոնֆերանս բանախոս քննարկում ներկայանալ պետական բարեփոխում շնորհիվ դատապարտյալ կենսապայման սոցիալական վերաինտեգրում կրթական հնարավորություն ու քաղաքացիական ենթագիտակցություն ձևավորում ուղղություն դրական տեղաշարժ ամփոփիչ խոսք ՀՀ արդարադատություն նախարար Սրբուհ Գալյան բարձր գնահատել միջոցառում որ քրեակատարողական ոլորտ իրականանալ բարեփոխում արտացոլվել եմ անմիջապես շահառու աչք այսօր ուրախություն պետք եմ նշել ես հասկանալ որ այո նաև դուք համար այդ փոփոխություն տեսանելի եմ թրքոր գնահատական բոլոր խոսք որ հնչել այն եմ որ ասել սկսել եմ գործել օրենք ավելի մեծ գնահատական քան այդ եմ ուղղակի եմ կարող լինել Դուք նկատել եմ որ օրենք սկսել եմ գործել դա մենք մեծագույն ցանկություն եմ և կարելի եմ ասել միակ ու հիմնական առաքելություն որ մենք գալ եմ ծառայել մենք պետություն ասել Գալյան,12,336
https://armenpress.am/hy/article/1251071,2026-05-25 11:46:00,ով և ինչ ընթացակարգ կարող եմ ստանալ կերակրող կորչել դեպք կենսաթոշակ կամ նպաստ,Հայաստան աշխատանք և սոցիալական հարց նախարարություն տեղեկատվական հոլովակ եմ հրապարակել պարզաբանել թե ով և ինչ ընթացակարգ կարող եմ ստանալ կերակրող կորչել դեպք կենսաթոշակ կամ նպաստ մանրամաս տեսանյութ,13,27
https://armenpress.am/hy/article/1251109,2026-05-25 15:55:00,Հայաստան ու Ռուսաստան բարեկամ եմ և երկխոսություն մեջ եմ Պեսկ,Ռուսաստան ու Հայաստան լինել Եվրասիական տնտեսական միություն անդամ երկիր շարունակել եմ լինել բարեկամ և գտնվել երկխոսություն մեջ Արմենպրես ը փոխանցում ինչպես հայտնել եմ ՏԱՍՍ գործակալություն լրագրող հետ ճեպազրույց ժամանակ այդ մասին ասել եմ ՌԴ նախագահ մամուլ քարտուղար Դմիտր Պեսկով մենք շարունակել եմ երկխոսություն մենք շարունակել եմ պահպանել երկխոսություն մենք հայ բարեկամ հետ և անել դա նաև հետագա ասել եմ Պեսկով պատասխանել ճշգրտել հարց թե արդյոք Մոսկվա և Երևան բարեկամմմ եմ Պեսկով պատասխանել եմ միանշանակ մենք Հայաստան հետ նվիրական ինտեգրացիոն պրոցես եմ մենք գիտել որ Հայաստան կամ քաղաքական ուժ որ զարգացում ռուսական վեկտոր ամբողջական կողմնակից եմ կենտրոնանալ եմ Ռուսաստան մասնակցություն ինտեգրացիոն պրոցես մասնակցություն խորանալ վրա անկասկած մենք նման մոտեցում դուր եմ գալ մենք դա եմ թաքչել ասել եմ նա,10,118
https://armenpress.am/hy/article/1251057,2026-05-25 09:56:00,ՀՀ զու ավիացիա զորահանդես կազմակերպչական աշխատանք շրջանակ թռիչք կատարել Երևան կենտրոն,մայիս անցկացնել զորահանդես կազմակերպչական աշխատանք շրջանակ մայիս ժամ ընկնել ժամանակահատված Հայաստան զինել ուժ ավիացիա Երևան կենտրոն կատարել եմ թռիչք Արմենպրես ը փոխանցում այս մասին հաղորդագրություն եմ տարածել ՀՀ պաշտպանություն նախարարություն մայիս հանրապետություն օր ժամ Երևան հանրապետություն հրապարակ անցկացնել զորահանդես որ ժամանակ ցուցադրել եմ վերջին տարի ընթացքում ՀՀ զինել ուժ ձեռք բերել սպառազինություն,11,52
https://armenpress.am/hy/article/1251110,2026-05-25 15:57:00,ը և ը նախաձեռնություն կայանալ եմ ը միավորել Հայաստան բիզնես առաջնորդ,ը և ը նախաձեռնություն տեղ ունենալ բացառիկ հանդիպում որ մեկ հարթակ համախմբել եմ Հայաստան առաջատար ընկերություն հիմնադիր գործադիր տնօրեն և պետական պաշտոնյա քննարկել կազմակերպություն զարգացում նոր ուղի արագ փոփոխվել աշխարհաքաղաքական և տեխնոլոգիական միջավայր ը գլխավոր տնօրեն Ռալֆ Յիրիկյան և ը հիմնադիր Վիրեն Լալլ քննարկել արհեստական բանականություն ազդեցություն որոշում կայացում վրա ինչպես նաև այն կառուցվածքային խոչընդոտ որ հաճախ դանդաղել եմ խոշոր կազմակերպություն զարգացում այսօր կազմակերպություն հաջողություն պայմանավորվել եմ ոչ միայն տեխնոլոգիական հնարավորություն այլև արագ փոփոխություն հարմարվել կարողություն կառավարում որոշում կայացում և համագործակցություն մոդել ակտիվորեն փոփոխվել եմ և առաջնորդ կարևոր խնդիր եմ կառուցել ճկուն ու ապագա փոխակերպում պատրաստ կազմակերպություն ով մենք կարևորել եմ նման հարթակ ձևավորում և գործընկեր հետ նման թեմա քննարկում նշել եմ ը գլխավոր տնօրեն Ռալֆ Յիրիկյան այսօր մենք գործել եմ մի համակարգ որտեղ տեխնոլոգիա կապիտալ և աշխարհաքաղաքականություն վերափոխել եմ խաղ կանոն մենք նպատակ եմ ստեղծել բարձր վստահություն միջավայր որտեղ առաջնորդ կարող եմ դուրս գալ ամենօրյա գործառնական խնդիր և քննարկել այն հիմնարար փոփոխություն որ անհրաժեշտ եմ ապագա կազմակերպություն կառուցել համար նշել եմ էկոհամակարգ հիմնադիր Լուիզա Ավետիսյան միջոցառում ընթացքում թեմատիկ քննարկում վերաբերել եմ տեխնոլոգիական տրանսֆորմացիա և արհեստական բանականություն դեր կենտրոնանալ վերահսկողություն և ինքնավարություն հավասարակշռություն ինչպես նաև անկայուն միջավայր կապիտալի արդյունավետ կառավարում ը օպերատոր եմ Հայաստան կրքոր շարժական ինտերնետով և լավ ֆիքսվել ցանց ը թվական կիսամյակ տվյալ հիմն վրա որ առաջարկել եմ ինտերնետ և հեռուստատեսություն ֆիքսվել և շարժական կապ ծառայություն ինչպես նաև կոնվերգենտ փաթեթ,11,222
https://armenpress.am/hy/article/1251054,2026-05-25 09:46:00,Ֆրունզե Դովլաթյան փողոց բռնկվել հրդեհ մարել եմ հրշեջ փրկարար հաջողվել եմ կանխել հրդեհ տարածում դեպի հարակ տուն,ներքին գործ նախարարություն օպերատիվ կառավարում կենտրոն մայիս ժամ տեղեկություն եմ ստանալ որ Երևան քաղաք Ֆրունզե Դովլաթյան փողոց այրվել եմ տուն Արմենպրես ը փոխանցում այս մասին հաղորդագրություն եմ տարածել ՀՀ նգն փրկարար ծառայություն դեպք վայր եմ մեկնել ՆԳՆ ՓԾ Երևան քաղաք փրկարարական վարչություն հրշեջ փրկարարական ջոկատ չորս մարտական հաշվարկ հրդեհաշիջում և փրկարարական աշխատանք կազմակերպում բաժին հերթապահ խումբ և հոգեբանական աջակցություն և բժշկական ապահովում վարչություն հերթապահ հոգեբան հրդեհ մեկուսանալ եմ ժամ մարել մասամբ այրվել եմ մեկհարկան տուն քմ և տանիք հրշեջ փրկարար հաջողվել եմ կանխել հրդեհ տարածում դեպի հարակ տուն տուժած կամ,17,90
https://armenpress.am/hy/article/1251080,2026-05-25 12:26:00,Հայաստան իրականանալ եմ Սևան կողակ և կարմրախայտ պաշար վերականգում ծրագիր,Սևանա լիճ և Հայաստան գետային էկոհամակարգ կենսաբազմազանություն պահպանություն նպատակով իրականանալ եմ նոր ծրագիր որ շրջանակ նախատեսել եմ վերականգնել Սևան կողակ և կարմրախայտ բնական պաշար Արմենպրես ը հաղորդում ՀՀ շրջակա միջավայր նախարար Համբարձում Մաթևոսյան ֆեյսբուքյան ինքը էջ նշել եմ որ առաջին անգամ իրականանալ եմ աննախադեպ ծրագիր ուղղել Սևան կողակ բնական պաշար վերականգնում հավաքագրվել եմ ծնողական կազմ որ արդյունք ստանալ մանրաձուկ նախատեսել եմ թվական բաց թողնել Սևանա լիճ ծրագիր կարևոր ռազմավարական ներդր եմ լիճ էկոհամակարգ բնական հավասարակշռություն վերականգում գործ և հիմք եմ ստեղծել երկարաժամկետ կայուն արդյունք ապահովում համար նշել եմ նախարար Համբարձում Մաթևոսյան ավելանալ եմ նաև որ ՀՀ կառավարություն համակարգային մոտեցում եմ որդեգրել գետային էկոհամակարգ պահպանություն ուղղություն այդ շրջանակ առաջին անգամ հավաքագրվել եմ կարմրախայտ ծնողական կազմ արժեքավոր ձկնատեսակ վերարտադրություն նպատակով արհեստական վերարտադրություն արդյունք արդեն ստանալ եմ շուրջ հազար մանրաձուկ որ հազար թվական բաց թողնվել ձորագետ վերին հոսանք նախախար վստահեցնել եմ որ ծրագիր կարևոր քայլ եմ Հայաստան գետային կենսաբազմազանություն պահպանում ձկնային պաշար վերականգում և էկոհամակարգ կայուն կառավարում ուղղություն նա ընդգծել եմ որ բնական ռեսուրս վերականգնում ՀՀ կառավարություն բնապահպանական քաղաքականություն առաջնահերթություն եմ հիմնվել հետևողական և գործնական քայլ վրա,10,174
https://armenpress.am/hy/article/1251075,2026-05-25 12:04:00,ՀՀ խորհուրդ նիստ եմ անցկացնել,Հայաստան հանրապետություն ազգային ժողով մայիս խորհուրդ նիստ եմ անցկացնել այն վարել եմ ՀՀ ԱԺ նախագահ Ալե Սիմոնյան ինչպես Արմենպրես ը տեղեկանալ եմ ազգային ժողով տարածել հաղորդագրություն քննարկել եւ հաստատել եմ ութերորդ գումարում տասնմեկերորդ նստաշրջան օրակարգ լրացում կատարել մասին ու մայիս գումարվել հերթական նիստ օրակարգ նախագիծ սահմանվել եմ նաեւ հերթական նիստ օրակարգային հարց քննարկում հաջորդականություն հերթական նիստ օրակարգ նախագծ ընդգրկել հարց խորհուրդ քննարկել եւ հաստատել եմ նաեւ ազգային ժողով մշտական հանձնաժողով Հայաստան հանրապետություն թվական պետական բյուջե կատարում մասին տարեկան հաշվետվություն նախնական քննարկում անցկացում ժամկետանան,5,83
https://armenpress.am/hy/article/1251114,2026-05-25 16:25:00,Հայաստան ապրիլ ամիս տնտեսական ակտիվություն ցուցանիշ հավելաճ կազմել եմ,Հայաստան տնտեսական ակտիվություն ցուցանիշ ՏԱՑ հավելաճ թվական ապրիլ նախորդ տարի նույն ամիս համեմատ կազմել եմ իսկ նախորդ ամիս համեմատ Արմենպրես ը փոխանցում այս մասին նշել եմ ՀՀ կառավարություն տարածել հաղորդագրություն մեջ դիտարկել ժամանակահատված նախորդ տարի համեմատ տնտեսություն ճյուղ աճել եմ հետևյալ կերպ շինարարություն արդյունաբերություն ծառայություն առևտուր շրջանառություն թվական ապրիլ նախորդ տարի նույն ամիս համեմատ ՀՀ արտաքին առևտրաշրջանառություն նվազել եմ ը արտահանում նվազել եմ ը իսկ ներմուծում ը դիտարկել ժամանակահատված նախորդ տարի համեմատ ՀՀ սպառողական շուկայ գնաճ կազմել եմ,9,78
https://armenpress.am/hy/article/1251096,2026-05-25 13:52:00,Գյումրիում անցկացնել Հայաստան երգչախմբային հանրապետական մրցույթ փառատոն նվիրվել Խաչատուր Ավետիսյան,Գյումրի կամերային երաժշտություն դահլիճ մայիս անգամ անցկացնել Հայաստան երգչախմբային հանրապետական մրցույթ փառատոն մշակութային խոշոր այս իրադարձություն մասնակցություն հայտ եմ ներկայանալ հանրապետություն մարզ համայնք և մայրաքաղաք ժամանել երգչախումբ շուրջ անդամ Հայաստան երգչախմբային մրցույթ փառատոն այս տարի նվիրվել եմ հայտնի կոմպոզիտոր ՀՀ ժողովրդական արտիստ Խաչատուր Ավետիսյան ծնունդ մշակութային տոն գեղեցիկ ակորդ հնչել փառատոն ավարտ երբ Գյումրի արվեստ և երաժշտական դպրոց միասնական երգչախումբ կատարել մեծանուն կոմպոզիտոր հանրահայտ մենք աշխարհ ստեղծագործություն Գյումրի համայնքապետարան մշակույթ և երիտասարդություն հարց բաժին ղեկավար Լիլիթ Թովմասյան Արմենպրես ը թղթակց տեղեկանալ որ փառատոն անցկացնել եմ երեք և դասակարգում մրցանակային տեղ համապատասխանաբար և կարգ դիպլոմ տրել եմ յուրաքանչյուր երեք անվանակարգ համար կարգ դասակարգում փառատոն մասնակցել եմ առանձին պրոֆեսիոնալ երգչախմբեր երաժշտական բուհ և քոլեջ ինչպես նաև երաժշտական և արվեստ դպրոց երգչախմբեր կարգ դասակարգում հանդես եմ գալ միայն արվեստ և երաժշտական դպրոց երգչախմբեր իսկ կարգ դասակարգում հանրակրթական դպրոց մանկապատանեկան ստեղծագործական կենտրոն մշակութային և հասարակական կազմակերպություն երգչախմբեր մրցույթ փառատոն մասնակից կատարում գնահատել հեղինակավոր պրոֆեսիոնալ ժյուր ժյուրի կազմ լինել կոմպոզիտոր ՀՀ արվեստ վաստակավոր գործիչ ՀՀ պետական մրցանակ դափնեկիր Երվանդ Երկանյան ով հանդիսանալ եմ ժյուրի նախագահ և ալ Սպենդիարյան անուն Օպերա և բալետ ազգային ակադեմիական թատրոն դիրիժոր Երևան Կոմիտաս անուն պետական կոնսերվատորիա պրոֆեսոր Հարություն Արզումանյան ժյուրի կազմ ընդգրկել եմ նաև միջազգային մրցույթ դափնեկիր Եվրոպական երգչախմբային ասոցիացիա բարեկամ կառավարում խորհուրդ անդամ Կ Սարաջյան անուն երաժշտական դպրոց և բ Կանաչյան անուն արվեստ դպրոց երգչախմբեր ղեկավար երգչախումբ դիրիժոր և գեղարվեստական ղեկավար ինչպես նաև նույնանուն երաժշտական գործակալություն ու երիտասարդ կոմպոզիտոր մրցույթ փառատոն հիմնադիր և Դիվիզ մշակութային հկ նախագահ Մարինե Ալավերդյան հանձնաժողով աշխատանք մասնակցել նաև Երևան Խ Աբովյան անուն հայկական պետական մանկավարժական համալսարան գեղարվեստական կրթություն ֆակուլտետ երաժշտություն մանկավարժություն ամբիոն և Կոմիտաս անուն պետական կոնսերվատորիա խմբավարություն ամբիոն դոցենտ Ավե Մարիա իգական կամերային երգչախումբ գեղարվեստական ղեկավար և խմբավար Արտաշես Բաբուրյան,10,277
https://armenpress.am/hy/article/1251101,2026-05-25 14:29:00,ռուսական գազ արտոնյալ գին Հայաստան համար կարող եմ դառնալ շուկայական եթե երկիր դուրս գալ ԵԱՏՄ պեսկ,Ռուսաստան նախագահ մամուլ քարտուղար Դմիտր Պեսկով հայտարարել եմ որ ռուսական գազ արտոնյալ գին Հայաստան համար կարող եմ ձևավորվել շուկայական հիմք վրա եթե Երևան որոշել դուրս գալ Եվրասիական տնտեսական միություն Արմենպրես ը փոխանցում ինչպես հայտնել եմ ՏԱՍՍ գործակալություն այդ մասին Պեսկով ասել եմ լրագրող հետ զրույց մենք լսել եմ Հայաստան ղեկավարություն հայտարարություն այն մասին որ գոյություն ունեմ գրավիչ առավել քան արտոնյալ գին ռուսական գազ համար ռուսական էներգակիր համար դա իսկապես այդպես եմ Ռուսաստան շարունակել եմ մնալ էներգակիր հուսալի և պատասխանատու մատակարար բոլոր երկիր հատկապես միտք դաշնակից և գործընկեր համար ասել եմ Պեսկով միևնույն ժամանակ հիշեցնել որ այդպիսի ռեժիմ հնարավոր եմ այլ ինտեգրացիա այդ թիվ Եվրամիություն մասնակից երկիր համար նա խոսք այնտեղ գնալ կատեգորիա բոլորովին այլ եմ այն շուկայական եմ սա մասին շատ լավ գիտել Երևան մենք բարեկամ ասել եմ նա Պեսկով նշել եմ որ դեռևս բաց եմ Հայաստան տնտեսական ինտեգրացիա հետագա ճանապարհ ընտրություն հարց հիշեցնել որ Հայաստան վարչապետ Նիկոլ Փաշինյան Մոսկվա կատարել վերջին այց ժամանակ հայտարարել եմ որ Հայաստան մնալ եմ Եվրասիական տնտեսական միություն լիիրավ անդամ սակայն միևնույն ժամանակ զարգանալ եմ հարաբերություն նաև ինքը արտաքին քաղաքականություն այլ վեկտոր մասնավորապես Եվրոպա հետ,16,180
https://armenpress.am/hy/article/1251004,2026-05-23 11:42:00,ընտրություն մասնակից քաղաքական ուժ ստորագրել եմ ներառական քաղաքականություն հանձնառություն փաստաթուղթ,Երևան մայիս տեղ եմ ունենալ ազգային ժողով ընտրություն առաջադրել քաղաքական ուժ քաղաքացիական հասարակություն կազմակերպություն և հաշմանդամություն ունենալ անձ մասնակցություն հանդիպել որ արդյունք ստորագրվել եմ ներառական քաղաքականություն հանձնառություն փաստաթուղթ Արմենպրես ը հաղորդում միջոցառում կազմակերպել եմ Ագաթ հաշմանդամություն ունենալ կին իրավունք պաշտպանություն կենտրոն հասարակական կազմակերպություն նպատակ ունենալ խթանել հաշմանդամություն ունենալ անձ իրավունք ներառում քաղաքական օրակարգ և նախընտրական ծրագիր ինչպես տեղեկանալ եմ Ագաթ հաշմանդամություն ունենալ կին իրավունք պաշտպանություն կենտրոն ը Հայաստան ներկա հաշվառել եմ հաշմանդամություն ունենալ անձ որ մեծամասնություն ունեմ ընտրություն իրավունք սակայն նա խնդիր գրեթե արտացոլվել եմ խորհրդարանական ընտրություն առաջադրել քաղաքական ուժ ծրագիր քաղաքական գործընթաց ներառականություն ապահովում դիտարկել եմ որպես ժողովրդավարություն կարևոր նախապայման մեկը մինչ հանդիպում Ագաթ ՀԿ վեր եմ հանել հաշմանդամություն ունենալ անձ հրատապ լուծ պահանջել խնդիր և մշակել առաջարկություն փաթեթ որ միանալ եմ քաղաքացիական հասարակություն կազմակերպություն միջազգային գործընկեր և անհատ ընդգծել համատեղ աշխատանք անհրաժեշտություն այս փաթեթ ուղարկվել եմ խորհրդարանական ընտրություն մասնակցել բոլոր քաղաքական ուժ միջոցառում ընթացքում ներկայանալ եմ հանձնառություն փաստաթուղթ հիմնական դրույթ ու առաջնահերթություն որ վերաբերել եմ ներառական կրթություն առողջապահական համակարգ անգործունակություն ճանաչում խնդիր զբաղվածություն և բռնություն կանխարգելում մասնավորապես մտավոր խնդիր ունենալ ինչպես նաև բռնել տեղահանել հաշմանդամություն ունենալ կին շրջան ընտրություն մասնակցել քաղաքական ուժ հնարավորություն եմ տրել ներկայանալ ինքը նախընտրական ծրագիր ներառել դրույթ հաշմանդամություն ունենալ անձ խնդիր լուծում վերաբերյալ Ագաթ հաշմանդամություն ունենալ անձ իրավունք պաշտպանություն կենտրոն ՀԿ նախագահ Կարինե Գրիգորյան ինքը խոսք մտահոգություն եմ հայտնել որ Հայաստան մեծ փոքրամասնություն խնդիր ու կարիք շատ քիչ եմ արտացոլվել քաղաքական ուժ օրակարգ շատ հաճախ հաշմանդամություն ունենալ անձինք մանավանդ հոգեկան առողջություն խնդիր ունեցող թիրախավորվել եմ քաղաքական ուժ կողմից նաև օգտագործել եմ նա սոցիալական խոցելիություն քաղաքական նպատակ մենք նպատակ եմ որ հաշմանդամություն ունենալ ընտրող կարողանալ իրանալ ինքը ընտրական իրավունք նա ձայն լսելի լինել իսկ ծրագիր ու վերջին վերաբերյալ որոշում մշակվել խոհրդակցել հաշմանդամություն ունենալ անձ հետ որպեսզի որոշում լինել թիրախա և բովանդակալ հույս ունեմ որ այս հանդիպում հետո կուսակցություն ու դաշինք եզրահանգում անել փոխել գործելակերպ իսկ մենք հաշմանդամություն ունենալ անձ կողմից ղեկավարվել կազմակերպություն լինել ավելի զգոն և կատարել աշխատանք որպեսզի հաշմանդամություն ունենալ անձինք դառնալ ապատեղեկատվություն զոհ ու կատարել գիտակցել ընտրություն նշել եմ Կարինե Գրիգորյան նախաձեռնություն միանալ եմ քաղաքացիական պայմանագիր կուսակցություն ռեֆորմիստ կուսակցություն Հայաստան շնորհապետական կուսակցություն միասնություն թև կուսակցություն ազգային ժողովրդավարական բևեռ կուսակցություն հայ ազգային կոնգրես կուսակցություն դեմոկրատիա օրենք կարգապահություն կուսակցություն լուսավոր Հայաստան կուսակցություն Հայաստան հերթական խորհրդարանական ընտրություն տեղ ունենալ հունիս մայիս մեկնարկել եմ նախընտրական քարոզարշավ որ շարունակվել մինչև հունիս ընտրություն մասնակցել համար առաջադրել եմ քաղաքական ուժ դաշինք և կուսակցություն,10,383
https://armenpress.am/hy/article/1251013,2026-05-23 13:53:00,միլիոն պետական աջակցություն ծրագիր արդեն օգտվել եմ ընտանիք,միլիոն դրամ պետական աջակցություն սահմանամերձ և առանձին բնակավայր տուն կառուցել համար ծրագիր արդեն իսկ օգտվել եմ ընտանիք Արմենպրես ը փոխանցում այս մասին հայտնել եմ ՀՀ աշխատանք և սոցիալական հարց նախարարություն հրապարակել նաև տեսանյութ,8,33
https://armenpress.am/hy/article/1251036,2026-05-24 12:01:00,շիրակ թվական կատարել աշխատանք,Ռոբերտ Քոչարյան ներկայանալ եմ խաղաղություն ինքը պատկերացում իշխանություն գալ դեպք մայիս,4,11
https://armenpress.am/hy/article/1251032,2026-05-24 02:30:00,Սերժ Թանկյան անդրադառնալ եմ հուլիս Երևան համ անցկացնել լուր,աշխարհահռչակ խումբ հիմնադիր Սերժ Թանկյան անդրադառնալ եմ Երևան հուլիս խումբ համերգ անցկացում մասին լուր ու քննարկում Արմենպրես ը փոխանցում Թանկյան թեմային անդրադառնալ եմ Ֆեյսբուք ը ինքը էջ սթոր բաժն կատարել գրառմամբ Երևան սա հետ կապվել կարծես շփոթմունք կամ մենք պլանավորել եմ համ ունենալ այս տարի հուլիս բայց որոշել հետաձգել այն լոգիստիկ և ժամանակային բարդություն պատճառով մենք դա մասին հայտարարել երբ պարզ լինել նոր ժամկետ գրել եմ Թանկյան խումբ կողմից այս տարի հուլիս համ անցկացնել պլան մասին հայտնել եմ ՀՀ վարչապետ Նիկոլ Փաշինյան արձագանքել Ավանում նախընտրական քարոզարշավ ընթացքում ինքը մոտենալ երիտասարդ աղջիկ խնդրանք Սերժ Թանկյան հետ ինքը մտերմություն օգտագործել ու Երևան խումբ համ կազմակերպել վերաբերյալ Փաշինյան ասել եմ որ խումբ Երևան հանրապետություն հրապարակ հուլիս համ ունենալ,9,115
https://armenpress.am/hy/article/1251044,2026-05-24 15:26:00,հունական ը Հայաստան Հունաստան հարաբերություն մասին հոդված եմ հրապարակել,հունական լրատվամիջոց ինքը կիրակնօրյա համարումհոդված հրապարակել Հայաստան Հունաստան հարաբերություն վերաբերյալ Արմենպրես ը փոխանցում Հունաստան Հայաստան հանրապետություն արտակարգ և լիազոր դեսպան Տիգրան Մկրտչյան լրատվամիջոց ներկայացուցիչ հետ հանդիպում անդրադառնալ եմ հայ հունական դարավոր բարեկամություն երկու ժողովուրդ պատմական մշակութային և հոգևոր կապ ինչպես նաև թվական հոկտեմբեր Լարիսա կատարել ինքը այց տպավորություն դեսպան բարձր եմ գնահատել Լարիսա պատմական նշանակություն ու ժամանակակից զարգացում դինամիկա նշել որ քաղաք ինքը տպավորել եմ ինքը կենսունակություն երիտասարդական էներգիա և ապագա մեծ ներուժ նա խոսք Լարիսան զարգանալ քաղաք եմ որ ոգևորել եմ յուրաքանչյուր այցելու դեսպան Մկրտչյան ընդգծել եմ որ լարիսա ինքը այց համընկել եմ քաղաք ազատագրում օր հոկտեմբեր ինչպես նաև հոկտեմբեր պետական տոն հետ այց ընթացքում դեսպան ծաղկեպսակ եմ դնել և ունենալ կառուցողական հանդիպում Թեսալիա նահանգապետ պարոն Կուրետաս և Լարիսա քաղաքապետ պարոն Մամակոս հետ հարցազրույց առանձնահատուկ անդրադարձ եմ կատարել Հայաստան և Հունաստան միջև պատմական խոր կապ որ սկիզբ եմ առնել դեռևս հնագույն ժամանակ դեսպան նշել եմ որ հայ և հույն ժողովուրդ մերձել եմ ոչ միայն պատմություն ու քրիստոնեական հավատք այլև ընդհանուր մշակութային արժեք ավանդույթ և պատմական փորձառություն նա խոսք երկու ժողովուրդ բազմաթիվ ընդհանրություն տարի ընթացքում ավելի եմ ամրապնդել հայ հունական բարեկամություն դեսպան կարևորել եմ նաև այն դրական արժեք որ միավորել եմ հայ և հույն ընդգծել որ երկու ժողովուրդ պետք եմ շարունակել կենտրոնանալ փոխադարձ հարգանք բարեկամություն և համագործակցություն վրա դեսպան Մկրտչյան վերահաստատել եմ ինքը հիացմունք հույն ժողովուրդ և հունական քաղաքակրթություն հանդեպ նշել հույն մեջ ես հիանալ եմ նա մեծ ոգի հոմերոս ժամանակ մինչև մենք օր,9,234
https://armenpress.am/hy/article/1251037,2026-05-24 12:09:00,սկսել եմ Ախուրիկ Աքյաքա և Երասխ հանգույց երկաթուղի նորոգում Փաշինյան,Հայաստան կառավարություն առաջիկա սկսել եմ Գյումրի Ախուրիկ Աքյաքա Թուրքիա և Երասխ հանգույց երկաթուղի նորոգում Արմենպրես ը փոխանցում այս մասին Շիրակ մարզ սառնաղբյուր բնակավայր նախընտրական քարոզարշավ ընթացքում հայտարարել արձակուրդում գտնվել վարչապետ քաղաքացիական պայմանագիր կուսակցություն վարչապետ թեկնածու Նիկոլ Փաշինյան Թուրքիա կողմից արդեն սկսվել եմ և երկաթուղի բացվել եմ մենք նաև Երասխ հանգույց նորոգում եմ սկսել Հայաստան կառավարություն ինքը վրա եմ վերցնել չնայած կոնսեցիոն պայմանագիր կամ մենք ներդր եմ անել երկաթուղի նորոգել եմ վերականգնել եմ և երկաթուղի բացվել եմ ասել Փաշինյան Նիկոլ Փաշինյան Վրաստան և Թուրքիա շնորհակալություն հայտնել ախալքալաք Կարս երկաթուղի Հայաստան արտահանում և Հայաստան ներմուծում համար բացել կապակցությամբ մայիս մեկնարկել եմ Հայաստան հունիս կայանալ խորհրդարանական ընտրություն նախընտրական քարոզարշավ որ շարունակվել մինչև հունիս ընտրություն մասնակցել համար գրանցել եմ քաղաքական ուժ դաշինք և կուսակցություն քաղաքացիական պայմանագիր կուսակցություն ընտրություն մասնակցել եմ համար ներքո տեր կանգնիր խաղաղություն կարգախոս քաղաքացիական պայմանագիր կուսակցություն ԿԸՀ եմ ներկայանալ թեկնածու կազմվել ընտրական ցուցակ ինչպես նաև ազգային փոքրամասնություն թեկնածու բաղկանալ ցուցակ կուսակցություն վարչապետ թեկնածուն Նիկոլ Փաշինյան եմ,10,155
https://armenpress.am/hy/article/1251031,2026-05-23 22:50:00,անդրանիկ Թևանյան կալանավորվել երկու ամիս,մայր Հայաստան կուսակցություն նախագահ բարգավաճ Հայաստան կուսակցություն պատգամավոր թեկնածու Անդրանիկ Թևանյան կալանավորվել երկու ամիս Արմենպրես ը փոխանցում դատարան բավարարել եմ Թևանյան երկու ամիս կալանավորել քննիչ միջնորդություն հիշել որ Թևանյան մեղադրել եմ պետական դավաճանություն և լրտեսություն մեջ Թևանյան եմ ընդունել ինքը առաջադրել մեղադրանք ըստ ՀՀ քննչական կոմիտե հաղորդագրություն ազգային անվտանգություն ծառայություն ստանալ հաղորդում համաձայն ՀՀ քաղաքացի անդրանիկ Թևանյան հանդիսանալ թվական կայանալ խորհրդարանական ընտրություն Հայաստան կուսակցություն դաշինք աջակցել քաղաքական գործիչ և նույն դաշինք համապետական ընտրական ցուցակ ընդգրկել ԱԺ պատգամավոր թվական ընթացքում հավաքագրել օտարերկրյա հատուկ ծառայություն կողմից Ռուսսիա Կովկաս աշխարհաքաղաքական կենտրոն տնօրեն հանդիսանալ օտարերկրյա հատուկ ծառայություն ներկայացուցչ հանձնարարություն նույն ժամանակահատված կատարել եմ լրտեսություն ինչպես նաև ապօրի կերպ հավաքել և առանձնապես խոշոր չափ հզր ԱՄՆ դոլար գումար դիմաց վերջին եմ փոխանցել պետական գաղտնիք պարունակել թվական ապրիլ ԱԺ փակ գաղտնի նիստ կայանալ լսում ընթացք և արդյունք վերաբերյալ ռուսերե թարգմանել տեղեկություն այդ կերպ կատարել պետական դավաճանություն ի վնաս Հայաստան հանրապետություն ինքնիշխանություն տարածքային անձեռնմխելիություն և արտաքին անվտանգություն ՀՀ ԱԱԾ ստանալ հաղորդում հիմն վրա ՀՀ քննչական կոմիտե պետություն սահմանադրական կարգ հիմունք և հասարակական անվտանգություն դեմ ուղղել հանցագործություն քննություն գլխավոր վարչություն պետական դավաճանություն հոդված մաս և լրտեսություն հոդված մաս հատկանիշ նախաձեռնվել եմ քրեական վարույթ մայիս կենտրոնական ընտրական հանձնաժողով բավարարել եմ Թևանյան նկատմամբ քրեական հետապնդել հարուցել ու նա ազատություն զրկել համաձայնություն տալ դատախազություն միջնորդություն որ հետո դատախազություն նա նկատմամբ քրեական հետապնդել եմ հարուցել,5,213
https://armenpress.am/hy/article/1251019,2026-05-23 15:20:00,կասկած ունեմ թե դա ինչպես եմ լինել Ալե Սիմոնյան անդրանիկ Թևանյան նկատմամբ քրեական վարույթ հանգամանք մասին,Հայաստան ազգային ժողով նախագահ Ալե Սիմոնյան անդրադառնալ եմ մայր Հայաստան կուսակցություն նախագահ անդրանիկ Թևանյան նկատմամբ հարուցել քրեական հետապնդման պետական դավաճանություն և լրտեսություն մեղադրանք ըստ ՀՀ քննչական կոմիտե հաղորդագրություն ազգային անվտանգություն ծառայություն ստանալ հաղորդում համաձայն ՀՀ քաղաքացի անդրանիկ Թևանյան հանդիսանալ թվական կայանալ խորհրդարանական ընտրություն Հայաստան կուսակցություն դաշինք աջակցել քաղաքական գործիչ և նույն դաշինք համապետական ընտրական ցուցակ ընդգրկել ԱԺ պատգամավոր թվական ընթացքում հավաքագրել օտարերկրյա հատուկ ծառայություն կողմից Ռուսսիա Կովկաս աշխարհաքաղաքական կենտրոն տնօրեն հանդիսանալ օտարերկրյա հատուկ ծառայություն ներկայացուցչ հանձնարարություն նույն ժամանակահատված կատարել եմ լրտեսություն ինչպես նաև ապօրի կերպ հավաքել և առանձնապես խոշոր չափ հզր ԱՄՆ դոլար գումար դիմաց վերջին եմ փոխանցել պետական գաղտնիք պարունակել թվական ապրիլ ԱԺ փակ գաղտնի նիստ կայանալ լսում ընթացք և արդյունք վերաբերյալ ռուսերե թարգմանել տեղեկություն այդ կերպ կատարել պետական դավաճանություն ի վնաս Հայաստան հանրապետություն ինքնիշխանություն տարածքային անձեռնմխելիություն և արտաքին անվտանգություն Արմենպրես ը փոխանցում լրագրող հետ զրույց անդրադառնալ հարց թե ով կարող եմ ԱԺ փակ նիստ տեղեկություն արտահոսք անել Ալե Սիմոնյան պատասխանել եմ ես կասկած ունեմ թե ինչպես եմ լինել եմ ուզել կիսվել այդ կասկած բայց ես կարծել եմ ակնհայտ եմ որ Հայաստան դեմ հանցագործություն անել մարդ պետք եմ մեծ ու շատ դաժան պատասխանատվություն կրել որովհետև մենք երկիր դեմ շպիոնաժ անել կրքոր բան մեկը եմ որ կարելի եմ անել լրագրող դիտարկում թե կարծիք կամ որ Հայաստան իշխանություն անդրանիկ Թևանյան նկատմամբ քրեական հետապնդում միջոցով ուզել եմ Ուկրաինա նախագահ Վոլոդիմիր Զելենսկի ժեստ անել թե ինչպես եմ վարվել Ռուսաստան վերահսկողություն տակ գտնվել Դոնբաս այցելել անձ հետ Ալե Սիմոնյան ասել եմ ես վստահ եմ որ Զելենսկի գիտել որ մոլորակ վրա նման մարդ գոյություն ունեմ անդրանիկ Թևանյան մասին նույնիսկ նա բակ գիտել,16,257
https://armenpress.am/hy/article/1251014,2026-05-23 14:00:00,ՄԻՊ սկսել եմ ընտրատեղամաս մշտադիտարկում հաշմանդամություն ունենալ անձ ընտրական իրավունք երաշխավորում համատեքստ,Հայաստան կայանալ խորհրդարանական ընտրություն ընդառաջ մարդ իրավունք պաշտպան որպես հաշմանդամություն ունենալ անձ իրավունք մասին ՄԱԿ կոնվենցիա դրույթ կիրառություն մշտադիտարկ ինչպես նաև հաշմանդամություն ունենալ անձ իրավունք խախտում կանխարգել և պաշտպանություն իրականանալ անկախ պաշտոնատար անձ սկսել եմ ընտրատեղամաս այց իրականացում հաշմանդամություն ունենալ անձ համար ընտրական գործընթաց մատչելիություն մշտադիտարկել նպատակով Արմենպրես ը փոխանցում այս մասին հաղորդագրություն եմ տարածել ՀՀ մարդ իրավունք աշխատակազմ մշտադիտարկում ընթացքում ուսումնասիրվել եմ ընտրատեղամաս ֆիզիկական և տեղեկատվական մատչելիություն պայման ինչպես նաև հաշմանդամություն ունենալ անձ ընտրական իրավունք արդյունավետ իրացում երաշխիք Իարարում Հարգել քաղաքացի եթե ունեմ տեղաշարժում հենաշարժական դժվարություն և եթե այն ընտրական տեղամաս որ ընտրական ցուցակ ընդգրկել եմ մատչելի եմ դուք ընտրել իրավունք իրացնել համար ապա քվեարկություն օր ոչ ուշ քան օր առաջ մինչև ժամ մինչև թվական մայիս ժամ իրավունք ունեմ դիմում ներկայանալ լիազոր մարմին Հայաստան հանրապետություն ցանկացած անձնագրային բաժ ըստ հաշվառում վայրի ընտրող ցուցակից ժամանակավորապես դուրս գալ և դուք նախընտրել վայրի մատչելի ընտրական տեղամաս ընտրող ցուցակ ընդգրկել մասին նշել տեղաշարժում հենաշարժական դժվարություն ունենալ անձ համար մատչելի ընտրական տեղամաս համար դիմում կարող եմ ներկայանալ էլեկտրոնային կամ թղթային եղանակ օրենսդրություն սահմանել կարգ տեղաշարժում հենաշարժական դժվարություն ունենալ ընտրող համար մատչելի ընտրական տեղամաս ցանկ հրապարակել եմ կենտրոնական ընտրական հանձնաժողով համացանցային կայք հետևյալ հղում Հայաստան խորհրդարանական հերթական ընտրություն տեղ ունենալ հունիս նախընտրական քարոզարշավ մեկնարկել եմ մայիս և շարունակվել մինչև հունիս ընտրություն մասնակցել համար առաջադրել եմ քաղաքական ուժ դաշինք և կուսակցություն,12,215
https://armenpress.am/hy/article/1251023,2026-05-23 17:20:00,հակակոռուպցիոն կոմիտե հայտնել եմ ԲՀԿ անդամ կողմից բարեգործություն արգելք խախտել դեպք բացահայտել մասին,հակակոռուպցիոն կոմիտե և ոստիկանություն Շիրակ մարզային վարչություն ծառայող կողմից համատեղ ձեռնարկել միջոցառում արդյունք տվյալ եմ ստանալ այն մասին որ բարգավաճ Հայաստան կուսակցություն մի խումբ անդամ ԱԺ ընտրություն նշանակում որոշում ուժ մեջ մտնել օր մինչև ընտրություն արդյունք ամփոփում բարեգործություն անուն տակ ընտրել հանդիսանալ Գյումրի քաղաք բնակիչ տուն վերանորոգում համար անհատույց տալ եմ շինարարական նյութ Արմենպրես ը փոխանցում այս մասին հաղորդագրություն եմ տարածել ՀՀ հակակոռուպցիոն կոմիտե դեպք առթիվ հակակոռուպցիոն կոմիտե նախաձեռնվել եմ քրեական վարույթ ձերբակալվել եմ մի խումբ անձինք կատարել եմ մի շարք խուզարկություն վարութային այլ գործողություն նշել որ վեր նշել դեպք առթիվ հարուցել քրեական վարույթ շրջանակ իրավապահ մայիս խուզարկություն եմ իրականանալ կուսակցություն պատգամավոր թեկնածու Մարտուն Գրիգորյան գրասենյակ և տուն,13,108
https://armenpress.am/hy/article/1251021,2026-05-23 16:52:00,Հայաստան առաջին անգամ անցկացնել կահույքագործ ֆոր,Երևան տեղ ունենալ կահույքագործ ֆոր ը որ մեկ հարթակ համախմբել ոլորտ առաջատար հայ և արտասահմանցի արտադրող ինտեր դիզայներ ու գործարար Արմենպրես ը հաղորդում հայ կահույքագործ ասոցիացիա կողմից կազմակերպել ֆորում նպատակ եմ ոլորտ առկա խնդիր լուծում գտնել զարգացում հնարավորություն քննարկում ինչպես նաև փորձել փոխանակում ու նոր համագործակցություն ստեղծում հայ կահույքագործ ասոցիացիա նախագահ Հայկ Համբարչյան խոսք դեռ մեկուկես տարի առաջ ստեղծվել կառույց առանցք լինել եմ ոլորտ մարդ միավորում ու նա համար այնպիսի միջավայր ապահովում որտեղ բոլորը կարողանալ սովորել զարգանալ և առաջ ընթանալ այսօր հետևել անցնել ճանապարհ կարող եմ ասել որ այս գաղափար արդեն իրականություն եմ դառնալ այս ընթացքում մենք ունենալ եմ շուրջ պաշտոնական հանդիպում միջազգային ցուցահանդես եմ մասնակցել Գերմանիա Իտալիա Ռուսաստան և կինաստանալ սովորել ուսումնասիրել եմ նոր տեխնոլոգիա համաշխարհային փորձ և տեսնել եմ թե աշխարհ ինչ ուղղություն եմ առաջ գնալ մենք ունենալ եմ նաև հանդիպում պետական կառույց հետ ներկայանալ ոլորտ խնդիր ու առաջարկ որովհետև մենք նպատակ ոչ միայն առանձին կազմակերպություն այլ նաև ոլորտ ամբողջական զարգացում եմ նշել ասոցիացիա նախագահ հավելել որ գործունեություն ընթացքում մեծ ուշադրություն եմ դառնալ նաև միջազգային համագործակցություն Համբարչյան տեղեկատվություն ֆորում էլ մասնակցել եմ հյուր Գերմանիա Ռուսաստան ու չինաստան ասոցիացիա գործունեություն համատեքստ նա կարևորել հատկապես մասնագիտական կրթություն բաղադրիչ որ շուրջ սերտ համագործակցություն եմ իրականանալ մասնավորապես գերմանական միջազգային համագործակցություն ընկերություն հետ ուժեղ ոլորտ հնարավոր եմ կառուցել առանց ուժեղ մասնագետ մենք ուզել եմ Հայաստան ձևավորել նոր սերունդ կահույքագործ ժամանակակից մտածելակերպ գիտելիք և միջազգային մրցունակություն ընդգծել ասոցիացիա նախագահ խոսել հայկական կահույք մեծածավալ արտահանում հեռանկար Համբարչյան շեշտել որ դա իրականացում ևս ինքը գործունեություն առաջնային ուղղություն եմ այդ նպատակով ՀՀ էկոնոմիկա նախարարություն հետ մշակվել եմ ծրագիր միջազգա ցուցահանդես մասնակցություն և արտահանում խթանում վերաբերյալ բացի պետական աջակցություն ինքը եմ փորձել մենք այցելություն դուրս կապ օգտվել ու դիրքավորվել նաև միջազգային շուկայ դժվար եմ բայց հնարավոր եմ որովհետև Հայաստան որպես արտադրել երկիր շատ թերահավատ եմ նայել դուրս մենք պետք եմ այդ կարծրատիպ կոտրել ու փոխել ընդգծել հայ կահույքագործ ասոցիացիա նախագահ ասոցիացիա համահիմնադիր խորհուրդ անդամ Սասուն Սարգսյան էլ մանրամասնել որ միջազգային համագործակցություն շրջանակ հաջողվել եմ նաև հուշագիր կնքել մասնավորապես Համբուրգ և հյուսիսային Գերմանիա կահույքագործ ասոցիացիա հետ որ տարի պատմություն ունեմ նա հույս հայտնել որ նման փորձ ունենալ կազմակերպություն հետ համագործակցություն խթանել հայկական ասոցիացիա և ընդհանրապես ոլորտ զարգացում Հայաստան ներկայանալ հայ կահույքագործ ասոցիացիա ստեղծում նախապատմություն համահիմնադիր նշել որ Հայաստան կահույքագործություն զբաղվող մեծաթիվ եմ մինչդեռ ժամանակին կամ նա միավորել կազմակերպություն որ օրինակ կարողանալ ասոցիացիա միջոցով տրամադրել պետական աջակցություն օգտվել հնարավորություն տալ կամ բարձրաձայնել ոլորտ խնդիր մասին պատկան պետական կառույց ըստ մենք զրուցակց կահույքագործ ֆորում էլ հնարավորություն եմ նախ ճանաչել ոլորտ մեծ խաղացող քանի որ նման թիվ կահույքագործ երբևէ մեկ հարկ տակ եմ հավաքվել մենք հուս եմ որ սա այն հիմնաքար լինել որ հիմն վրա մենք կարողանալ մենք ապագա գործունեություն ավելի ճիշտ կազմակերպել բացի այդ ունեմ հյուր արտասահում որ ներկայանալ եմ թեմա որ օգնել ապագա մենք ներկայացուցիչ ավելի ճիշտ կազմակերպել ինքը արտադրություն պրոցես համոզմունք հայտնել Սարգսյան ասոցիացիա համահիմնադիր ազատ Աղաջանյան ֆորում կարևորել կահույքագործ ունակություն բարձրացում եվրոպական և աշխարհ այլ առաջատար տեխնոլոգիական զարգացում նորարարություն ծանոթանալ և դա օգտվել տեսանկյուն ընկերություն մասնավոր հատված զարգացում ու տեխնիկական մասնագիտական կրթություն և ուսուցում Հայաստան ծրագիր խորհրդատու Յուլիա Ստակյան ներկայացում ասոցիացիա հետ համագործակցություն եմ իրականանալ Հայաստան կահույքագործություն ոլորտ համագործակցություն բիզնես կարողություն և դուալ ՄկՈՒ կապ ամրապնդ նախագիծ շրջանակ այս համագործակցություն միջոցով մենք միաժամանակ հետապնդել եմ երկու ռազմավարական նպատակ ամրապնդել ասոցիացիա որպես պրոֆեսիոնալ և կայուն ոլորտային հարթակ և զարգանալ ժամանակակից որակյալ կադր դուալ ՄկՈՒ մեխանիզմ միջոցով պարզաբանել Ստակյան ՀՀ էկոնոմիկա նախարարություն թեթև արդյունաբերություն վարչություն պետ Արմինե Վարշամյան համոզմամբ նման ձևաչափ միջոցառում կարևոր դեր ունեմ ոլորտային գործընկերություն խորացում երկխոսություն խորացում նոր համագործակցություն ձևավորում և նոր զարգացում հնարավորություն բացահայտում տեսանկյուն կահույքագործություն Հայաստան մշակել արդյունաբերություն այն ուղղություն եմ որ ունեմ էական աճ և արտահանում ներուժ այն միավորել եմ արտադրական հնարավորություն դիզայն և ստեղծարար մտածողություն բաղադրիչ ինժեներական լուծում և ժամանակակից տեխնոլոգիա կիրառում այս ամենը արդյունք ձևավորվել եմ բարձր ավելանալ արժեք ունենալ արտադրանք և այս համադրություն ստեղծել եմ ամուր հիմք հայկական կահույք մրցունակություն հետևողական բարձրացում համար ինչպես ներքին շուկայ այնպես էլ միջազգային կառավարություն համար մշակել արդյունաբերություն շարունակել եմ մնալ առաջնահերթ ուղղություն մեկը այս համատեքստ իրականանալ եմ մի շարք պետական աջակցություն ծրագիր որ ուղղել եմ արտադրական կարողություն զարգացում արտադրողականություն բարձրացում արտահանում խթանում և նոր տեխնոլոգիա վերազինում ասել Վարշամյան Ռուսաստան դաշնություն ֆորում մասնակցել համար ժամանել կահույքագործ հայ կահույքագործ ասոցիացիա համեմատաբար նոր անդամ Արմեն գրիգորյանըգոհունակություն հայտնել միջոցառում մասնակցել հնարավորություն համար քանի որ ըստ նա Հայաստան գործել կահույքագործ հետ փորձ կիսվել մեծ ցանկություն ունեմ գալուս նպատակ ոչ միայն ֆորում մասնակցել եմ այլև կամ արտադրամաս որտեղ մեծ սիրով ուզել եմ այցելել ու հասկանալ թե ինչ ձև ինչ ֆորմատ եմ աշխատել հայ կահույքագործ այն ժամանակ երբ ես Հայաստան գնալ Ռուսաստան այստեղ արտադրամաս լրիվ ուրիշ մակարդակ վրա եմ հիմա հասկանալ եմ որ ամեն ինչ զարգանալ եմ աճել եմ ուստի շատ բան ունեմ տեսնել սովորել հայ կահույքագործ ինչպես նաև կիսվել ես տարի փորձ որ ձեռք եմ բերել այդ թիվ Ռուսաստան մեծ ու խոշոր արտադրամասեր այցելել հավելել Գրիգորյան կահույքագործ ֆորում պաշտոնական բացում հաջորդել քննարկում որ ընթացքում փորձագետ ու բանախոս անդրադարձ կատարել ոլորտ նորարարական տեխնոլոգիա տարբեր երկիր փորձ ֆինանսական գրագիտություն կարևորություն ու այլ օրակարգային թեմա ֆորում բացում ներկա եմ նաև ՀՀ էկոնոմիկա նախարար տեղակալ Էդգար Զաքարյան,6,812
https://armenpress.am/hy/article/1251041,2026-05-24 13:31:00,Արմավիր մարզ մի շարք բնակավայր փորձարկել եմ էլեկտրական շչակ,մայիս ժամ մինչև ընկնել ժամանակահատված Արմավիր մարզ Արմավիր Մեծամոր Վաղարշապատ Բաղրամյան համայնք մի շարք բնակավայր փորձարկել եմ էլեկտրական շչակ այս մասին Արմենպրես ը տեղեկանալ փրկարար ծառայություն խնդրել բնակչություն չանհանգստանալ,9,29
https://armenpress.am/hy/article/1251029,2026-05-23 18:50:00,անդրանիկ Թևանյան խափանում միջոց հարց դատական նիստ ավարտվել եմ որոշում հրապարակել ավելի ուշ,մայր Հայաստան կուսակցություն նախագահ բարգավաճ Հայաստան կուսակցություն պատգամավոր թեկնածու նախընտրական ցուցակ երկրորդ համար անդրանիկ Թևանյան նկատմամբ խափանում միջոց հարց դատական նիստ ավարտվել եմ Արմենպրես ը փոխանցում Թևանյան խափանում միջոց վերաբերյալ դատարան որոշում հրապարակել մայիս ժամ սահման քննչական կոմիտե պետական դավաճանություն և լրտեսություն մեջ մեղադրել անդրանիկ Թևանյան կալանավորել միջնորդություն եմ ներկայանալ ըստ ՀՀ քննչական կոմիտե հաղորդագրություն ազգային անվտանգություն ծառայություն ստանալ հաղորդում համաձայն ՀՀ քաղաքացի անդրանիկ Թևանյան հանդիսանալ թվական կայանալ խորհրդարանական ընտրություն Հայաստան կուսակցություն դաշինք աջակցել քաղաքական գործիչ և նույն դաշինք համապետական ընտրական ցուցակ ընդգրկել ԱԺ պատգամավոր թվական ընթացքում հավաքագրել օտարերկրյա հատուկ ծառայություն կողմից Ռուսսիա Կովկաս աշխարհաքաղաքական կենտրոն տնօրեն հանդիսանալ օտարերկրյա հատուկ ծառայություն ներկայացուցչ հանձնարարություն նույն ժամանակահատված կատարել եմ լրտեսություն ինչպես նաև ապօրի կերպ հավաքել և առանձնապես խոշոր չափ հզր ԱՄՆ դոլար գումար դիմաց վերջին եմ փոխանցել պետական գաղտնիք պարունակել թվական ապրիլ ԱԺ փակ գաղտնի նիստ կայանալ լսում ընթացք և արդյունք վերաբերյալ ռուսերե թարգմանել տեղեկություն այդ կերպ կատարել պետական դավաճանություն ի վնաս Հայաստան հանրապետություն ինքնիշխանություն տարածքային անձեռնմխելիություն և արտաքին անվտանգություն ՀՀ ԱԱԾ ստանալ հաղորդում հիմն վրա ՀՀ քննչական կոմիտե պետություն սահմանադրական կարգ հիմունք և հասարակական անվտանգություն դեմ ուղղել հանցագործություն քննություն գլխավոր վարչություն պետական դավաճանություն հոդված մաս և լրտեսություն հոդված մաս հատկանիշ նախաձեռնվել եմ քրեական վարույթ մայիս կենտրոնական ընտրական հանձնաժողով բավարարել եմ Թևանյան նկատմամբ քրեական հետապնդել հարուցել ու նա ազատություն զրկել համաձայնություն տալ դատախազություն միջնորդություն որ հետո դատախազություն նա նկատմամբ քրեական հետապնդել եմ հարուցել անդրանիկ Թևանյան հերքել եմ ինքը առաջադրել մեղադրանք,13,228
https://armenpress.am/hy/article/1251043,2026-05-24 14:29:00,բոլորը դեմ եմ ը Գյումրիում իրականանալ պորտ տեղ դնել ակցի,ազգային ժողով ընտրություն մասնակցել բոլորը դեմ եմ կուսակցություն Գյումրիում իրականանալ պորտ տեղ դնել ակցի Արմենպրես ը փոխանցում ակցի տեղ ունենալ նախընտրական քարոզչություն շրջանակ կուսակցություն ներկայացուցիչ Գյումրու Ռիժկով ճեմուղ տեղադրել եմ ընտրություն մասնակցել բոլոր ուժ պատկեր պաստառ իսկ քաղաքացի կարող եմ պորտ պատկեր կպչուն թուղթ փակցնել ինքը նախընտրել քաղաքական ուժ խորհրդանիշ վրա այդ ճանապարհ պորտ տեղ դնել տվյալ ուժ կուսակցություն ներկայացուցիչ նշել որ ինքը մեղադրել եմ անլուրջ լինել մեջ սակայն ինքը ակցիա շատ լուրջ եմ և շատ քաղաքական մայիս մեկնարկել եմ Հայաստան հունիս կայանալ խորհրդարանական ընտրություն նախընտրական քարոզարշավ որ շարունակվել մինչև հունիս ընտրություն մասնակցել համար գրանցել եմ քաղաքական ուժ դաշինք և կուսակցություն բոլորը դեմ եմ կուսակցություն ԿԸՀ եմ ներկայանալ հոգանոց ցուցակ կուսակցություն ներկայացուցիչ հայտարարել եմ որ ինքը կուսակցություն ինքնալուծարվել եմ իսկ իշխանություն գալ դեպք օր ընթացքում իրականանալ ինքը խոստում և հրաժարական տալ որպեսզի տեղ ունենալ նոր ընտրություն կուսակցություն վարչապետ թեկնածուն իրավապաշտպան Նինա Կարապետյանց եմ որ հաղթանակ դեպք գլխավորել օրյա կառավարություն և պարտավորվել դա հետո տարի զբաղվել քաղաքականություն,10,156
https://armenpress.am/hy/article/1251049,2026-05-24 21:24:00,լուսավոր Հայաստան ը քարոզարշավ հերթական օր անցկացնել եմ ագարակ,ազգային ժողով ընտրություն մասնակցել լուսավոր Հայաստան կուսակցություն նախընտրական քարոզարշավ հերթական օր անցկացնել եմ Սյունիք մարզ ագարակ քաղաք Արմենպրես ը փոխանցում այս մասին տեսանյութ եմ հրապարակվել կուսակցություն ֆեյսբուքյան էջ կուսակցություն նախագահ Էդմո Մարուքյան ու քաղաքական ուժ ներկայացուցիչ շրջել եմ քաղաք զրուցել քաղաքացի հետ նա ներկայանալ ինքը նախընտրական ծրագիր շնորհակալ եմ ագարակ ջերմ վերաբերմունք համար գրել եմ տեսանյութ կից հրապարակում մեջ մայիս մեկնարկել եմ Հայաստան հունիս կայանալ խորհրդարանական ընտրություն նախընտրական քարոզարշավ որ շարունակվել մինչև հունիս ընտրություն մասնակցել համար գրանցել եմ քաղաքական ուժ դաշինք և կուսակցություն լուսավոր Հայաստան կուսակցություն ընտրություն մասնակցել եմ համար ներքո կուսակցություն կարգախոս եմ պաշտպանել ինքնություն կուսակցություն ԿԸՀ եմ ներկայանալ թեկնածու բաղկանալ ընտրական ցուցակ որ գլխավորել եմ կուսակցություն նախագահ ԱԺ նախկին պատգամավոր Էդմո Մարուքյան,9,114
https://armenpress.am/hy/article/1251048,2026-05-24 21:19:00,Հայաստան դաշինք հարկային արտոնություն ու աջակցություն խոստանալ փոքր ձեռնարկատիրություն և արտահանող,ազգային ժողով ընտրություն մասնակցել Հայաստան դաշինք ներկայացուցիչ քարոզարշավ հերթական օր անցկացնել Երևան Էրեբուն վարչական շրջան Արմենպրես ը փոխանցում դաշինք անդամ Արթուր Խաչատրյան քաղաքացի խոստանալ ընրտվել դեպք հարկային արտոնություն սահմանել փոքր բիզնես համար հարկային հարյուր տոկոս հետվերադարձ հարկ հաշվետվություն ներկայանալ եմ հասկանալ եմ ինչ ինչոց եմ գումար եմ տանել ասել Խաչատրյան Արթուր Խաչատրյան հավելել աջակցել եմ նաև արտահանող Հայաստան պետք եմ լինել մրցունակ պետություն որ ապրանք հնարավոր լինել վաճառել թե Ռուսաստան թե Եվրոպա թե Իրանում և թե հեռավոր միացյալ նահանգ հայկական արտադրող պետք եմ լինել պետություն հոգածություն կենտրոն մենք արդյունաբերող պետք եմ լինել պետություն պաշտպանություն ներքո նշել նա հանրահավաք հետո Հայաստան դաշինք առաջնորդ Ռոբերտ Քոչարյան ու դաշինք ներկայացուցիչ շրջել Էրեբուն համայնք և զրուցել քաղաքացի հետ մայիս մեկնարկել եմ Հայաստան հունիս կայանալ խորհրդարանական ընտրություն նախընտրական քարոզարշավ որ շարունակվել մինչև հունիս ընտրություն մասնակցել համար գրանցել եմ քաղաքական ուժ դաշինք և կուսակցություն Հայաստան դաշինք խորհրդարանական ընտրություն մասնակցել եմ համար ներքո միասին կարող եմ կարգախոս դաշինք կազմ միավորվել եմ հայ հեղափոխական դաշնակցություն և առաջ կուսակցություն դաշինք ԿԸՀ եմ ներկայանալ թեկնածու բաղկանալ ցուցակ և ազգային փոքրամասնություն թեկնածու բաղկանալ ցուցակ,11,173
https://armenpress.am/hy/article/1251015,2026-05-23 14:09:00,որ պահ ժողովուրդ որոշել որ ես պետք եմ հեռանալ նույն պահ ես հեռանալ Փաշինյան քարոզարշավ եմ անցկացնել Ավանում,Հայաստան հունիս կայանալ խորհրդարանական ընտրություն նախընտրական քարոզարշավ շրջանակ մայիս արձակուրդում գտնվել ՀՀ վարչապետ քաղաքացիական պայմանագիր կուսակցություն վարչություն նախագահ Նիկոլ Փաշինյան այցելել եմ Երևան ավան վարչական շրջան Արմենպրես ը հաղորդում Փաշինյան գլխավորություն կուսակցություն ներկայացուցիչ շրջել եմ Ավանում թռուցիկ եմ բաժանել լուսանկարվել բնակիչ հետ և հորդորել անպայման մասնակցել խորհրդարանական ընտրություն պետք եմ գնալ ընտրական տեղամաս և տեր կանգնել խաղաղություն քվեարկել համար օգտին այդ քվեարկություն պետք եմ և եմ կարող լինել պարտադրել կամ վճարել քվերակ եմ որովհետև պետք եմ տեր լինել պետություն խաղաղություն ու Հայաստան ապագա նշել եմ Փաշինյան ինքը ելույթ Փաշինյան նշել եմ որ Հայաստան այսօր բոլոր դեպք որոշող ժողովուրդ եմ սա այսօր Հայաստան և ես ու մենք թիմ քաղաքական գործունեություն առանցք եմ որ պահ ժողովուրդ որոշել որ ես պետք եմ հեռանալ նույն պահ ես հեռանալ առանց քննարկել եթե հազար մարդ ընտրող տոկոս ասել եմ Նիկոլ մնալ Նիկոլ մնալ եթե մարդ ասել Նիկոլ գնալ Նիկոլ ով եմ որ գնալ Նիկոլ ծառա եմ այդպես լինել եմ որ ծառա ասել եմ եմ գնալ ասել եմ Փաշինյան մայիս մեկնարկել եմ Հայաստան հունիս կայանալ խորհրդարանական ընտրություն նախընտրական քարոզարշավ որ շարունակվել մինչև հունիս ընտրություն մասնակցել համար գրանցել եմ քաղաքական ուժ դաշինք և կուսակցություն քաղաքացիական պայմանագիր կուսակցություն ընտրություն մասնակցել եմ համար ներքո տեր կանգնիր խաղաղություն կարգախոս քաղաքացիական պայմանագիր կուսակցություն ԿԸՀ եմ ներկայանալ թեկնածու կազմվել ընտրական ցուցակ ինչպես նաև ազգային փոքրամասնություն թեկնածու բաղկանալ ցուցակ կուսակցություն վարչապետ թեկնածուն Նիկոլ Փաշինյան եմ,18,221
https://armenpress.am/hy/article/1251011,2026-05-23 13:44:00,ով եմ Հայաստան ամենավստահելի քաղաքական գործիչ հարցում տվյալ,միջազգային հանրապետական ինստիտուտ ներկայանալ եմ նոր հարցում տվյալ Հայաստան ամենավստահելի քաղաքական և հասարակական գործիչ մասին Արմենպրես ը փոխանցում միջազգային հանրապետական ինստիտուտ հարցում մասնակից խնդրել եմ նշել ինքը համար ամենավստահելի քաղաքական և հասարակական գործիչ անուն հարցում արդյունք ստորև Նիկոլ Փաշինյան Հայաստան վարչապետ քաղաքացիական պայմանագիր կուսակցություն վարչություն նախագահ տոկոս որպես առաջին պատասխան տոկոս որպես երկրորդ պատասխան ընդհանուր տոկոս Սամվել Կարապետյան ուժեղ Հայաստան դաշինք առաջնորդ տոկոս որպես առաջին պատասխան տոկոս որպես երկրորդ պատասխան ընդհանուր տոկոս Արարատ Միրզոյան Հայաստան արտաքին գործ նախարար տոկոս որպես առաջին պատասխան տոկոս որպես երկրորդ պատասխան ընդհանուր տոկոս Ռոբերտ Քոչարյան Հայաստան դաշինք առաջնորդ տոկոս որպես առաջին պատասխան տոկոս որպես երկրորդ պատասխան ընդհանուր տոկոս Գագիկ Ծառուկյան բարգավաճ Հայաստան կուսակցություն նախագահ տոկոս որպես առաջին պատասխան տոկոս որպես երկրորդ պատասխան ընդհանուր տոկոս Ալե Սիմոնյան Հայաստան ազգային ժողով նախագահ տոկոս որպես առաջին պատասխան տոկոս որպես երկրորդ պատասխան ընդհանուր տոկոս Արամ Սարգսյան հանրապետություն կուսակցություն նախագահ տոկոս որպես առաջին պատասխան տոկոս որպես երկրորդ պատասխան ընդհանուր տոկոս Գուրգեն Սիմոնյան Հայաստան շնորհապետական կուսակցություն նախագահ տոկոս որպես առաջին պատասխան որպես երկրորդ պատասխան ընդհանուր տոկոս Արման Թաթոյան միասնություն թև կուսակցություն նախագահ տոկոս որպես առաջին պատասխան տոկոս որպես երկրորդ պատասխան ընդհանուր տոկոս հարցում մասնակից տոկոս որպես առաջին պատասխան տալ եմ այլ գործ անուն տոկոս էլ այլ գործ անուն եմ տալ որպես երկրորդ պատասխան ընդհանուր տոկոս հարցում մասնակից տոկոս ասել եմ որ ոչ մեկը եմ վստահել իսկ տոկոս հրաժարվել եմ հարց պատասխանել հարցում անցկացնել եմ հեռախոսազանգ միջոցով մայիս,8,226
https://armenpress.am/hy/article/1251008,2026-05-23 12:54:00,Ռուսաստան արգելել եմ հայկական երեք ընկերություն արտադրել կոնյակ և գինի վաճառք,Ռոսպոտրեբնադզոր ը դադարել եմ հայկական երեք ընկերություն արտադրել ալկոհոլային խմիչք վաճառք Արմենպրես ը փոխանցում Ռոսպոտրեբնադզոր ը այդ մասին հաղորդագրություն եմ տարածել նշել եմ որ արգելք տակ եմ ընկնել Վեդի Ալկո Աբովյան կոնյակ գործարան և շահնազարյան գինու կոնյակ տուն ընկերություն արտադրել կոնյակ ու գինի մասնավորապես արգելել եմ գետափ Վերնաշեն տեսակ կարմիր կիսաքաղցր գինու Վեդի Ալկո ը չոր սպիտակ գինու և Շահնազարյան գինու կոնյակ տուն ընկերություն աստվան կոնյակ վաճառք գերատեսչություն պնդել եմ որ նշել ընկերություն արտադրանք եմ համապատասխանել պարտադիր պահանջ հիշել որ Ռոսպոտրեբնադզոր ը նաև արգելել եմ հայկական Ջերմուկ հանքային ջուր ներմուծում ու վաճառք Ռուսաստան իսկ Ռոսսելխոզնադզոր ը ավելի վաղ սահմանափակում եմ կիրառել Հայաստան ծաղիկ ներմուծում նկատմամբ,11,105
